id,farm_id,location_id,metric_code,value,status,quality_score,recorded_at,created_at
1,5c5bc271-66b8-4b72-bb5f-66a5695222df,GH1,sys_ec,1.2950,normal,1.00,2024-12-30 00:00:00+00,2025-08-09 06:58:58.765837+00
2,5c5bc271-66b8-4b72-bb5f-66a5695222df,GH1,sys_ec,1.2590,normal,1.00,2024-12-31 00:00:00+00,2025-08-09 06:58:58.765837+00
3,5c5bc271-66b8-4b72-bb5f-66a5695222df,GH1,sys_ec,1.2650,normal,1.00,2025-01-01 00:00:00+00,2025-08-09 06:58:58.765837+00
4,5c5bc271-66b8-4b72-bb5f-66a5695222df,GH1,sys_ec,1.2370,normal,1.00,2025-01-02 00:00:00+00,2025-08-09 06:58:58.765837+00
5,5c5bc271-66b8-4b72-bb5f-66a5695222df,GH1,sys_ec,1.2420,normal,1.00,2025-01-03 00:00:00+00,2025-08-09 06:58:58.765837+00
6,5c5bc271-66b8-4b72-bb5f-66a5695222df,GH1,sys_ec,1.2550,normal,1.00,2025-01-04 00:00:00+00,2025-08-09 06:58:58.765837+00
7,5c5bc271-66b8-4b72-bb5f-66a5695222df,GH1,sys_ec,1.2960,normal,1.00,2025-01-05 00:00:00+00,2025-08-09 06:58:58.765837+00
8,5c5bc271-66b8-4b72-bb5f-66a5695222df,GH1,sys_ec,1.2950,normal,1.00,2025-01-06 00:00:00+00,2025-08-09 06:58:58.765837+00
9,5c5bc271-66b8-4b72-bb5f-66a5695222df,GH1,sys_ec,1.2580,normal,1.00,2025-01-07 00:00:00+00,2025-08-09 06:58:58.765837+00
10,5c5bc271-66b8-4b72-bb5f-66a5695222df,GH1,sys_ec,1.2650,normal,1.00,2025-01-08 00:00:00+00,2025-08-09 06:58:58.765837+00
11,5c5bc271-66b8-4b72-bb5f-66a5695222df,GH1,sys_ec,1.2870,normal,1.00,2025-01-09 00:00:00+00,2025-08-09 06:58:58.765837+00
12,5c5bc271-66b8-4b72-bb5f-66a5695222df,GH1,sys_ec,1.2860,normal,1.00,2025-01-10 00:00:00+00,2025-08-09 06:58:58.765837+00
13,5c5bc271-66b8-4b72-bb5f-66a5695222df,GH1,sys_ec,1.3150,normal,1.00,2025-01-11 00:00:00+00,2025-08-09 06:58:58.765837+00
14,5c5bc271-66b8-4b72-bb5f-66a5695222df,GH1,sys_ec,1.2710,normal,1.00,2025-01-12 00:00:00+00,2025-08-09 06:58:58.765837+00
15,5c5bc271-66b8-4b72-bb5f-66a5695222df,GH1,sys_ec,1.3020,normal,1.00,2025-01-13 00:00:00+00,2025-08-09 06:58:58.765837+00
16,5c5bc271-66b8-4b72-bb5f-66a5695222df,GH1,sys_ec,1.2940,normal,1.00,2025-01-14 00:00:00+00,2025-08-09 06:58:58.765837+00
17,5c5bc271-66b8-4b72-bb5f-66a5695222df,GH1,sys_ec,1.2810,normal,1.00,2025-01-15 00:00:00+00,2025-08-09 06:58:58.765837+00
18,5c5bc271-66b8-4b72-bb5f-66a5695222df,GH1,sys_ec,1.3050,normal,1.00,2025-01-16 00:00:00+00,2025-08-09 06:58:58.765837+00
19,5c5bc271-66b8-4b72-bb5f-66a5695222df,GH1,sys_ec,1.3150,normal,1.00,2025-01-17 00:00:00+00,2025-08-09 06:58:58.765837+00
20,5c5bc271-66b8-4b72-bb5f-66a5695222df,GH1,sys_ec,1.3190,normal,1.00,2025-01-18 00:00:00+00,2025-08-09 06:58:58.765837+00
21,5c5bc271-66b8-4b72-bb5f-66a5695222df,GH1,sys_ec,1.2870,normal,1.00,2025-01-19 00:00:00+00,2025-08-09 06:58:58.765837+00
22,5c5bc271-66b8-4b72-bb5f-66a5695222df,GH1,sys_ec,1.1900,normal,1.00,2025-01-20 00:00:00+00,2025-08-09 06:58:58.765837+00
23,5c5bc271-66b8-4b72-bb5f-66a5695222df,GH1,sys_ec,1.2120,normal,1.00,2025-01-21 00:00:00+00,2025-08-09 06:58:58.765837+00
24,5c5bc271-66b8-4b72-bb5f-66a5695222df,GH1,sys_ec,1.2360,normal,1.00,2025-01-22 00:00:00+00,2025-08-09 06:58:58.765837+00
25,5c5bc271-66b8-4b72-bb5f-66a5695222df,GH1,sys_ec,1.2820,normal,1.00,2025-01-23 00:00:00+00,2025-08-09 06:58:58.765837+00
26,5c5bc271-66b8-4b72-bb5f-66a5695222df,GH1,sys_ec,1.3010,normal,1.00,2025-01-24 00:00:00+00,2025-08-09 06:58:58.765837+00
27,5c5bc271-66b8-4b72-bb5f-66a5695222df,GH1,sys_ec,1.2210,normal,1.00,2025-01-25 00:00:00+00,2025-08-09 06:58:58.765837+00
28,5c5bc271-66b8-4b72-bb5f-66a5695222df,GH1,sys_ec,1.2250,normal,1.00,2025-01-26 00:00:00+00,2025-08-09 06:58:58.765837+00
29,5c5bc271-66b8-4b72-bb5f-66a5695222df,GH1,sys_ec,1.2300,normal,1.00,2025-01-27 00:00:00+00,2025-08-09 06:58:58.765837+00
30,5c5bc271-66b8-4b72-bb5f-66a5695222df,GH1,sys_ec,1.2150,normal,1.00,2025-01-28 00:00:00+00,2025-08-09 06:58:58.765837+00
31,5c5bc271-66b8-4b72-bb5f-66a5695222df,GH1,sys_ec,1.2060,normal,1.00,2025-01-29 00:00:00+00,2025-08-09 06:58:58.765837+00
32,5c5bc271-66b8-4b72-bb5f-66a5695222df,GH1,sys_ec,1.2470,normal,1.00,2025-01-30 00:00:00+00,2025-08-09 06:58:58.765837+00
33,5c5bc271-66b8-4b72-bb5f-66a5695222df,GH1,sys_ec,1.2170,normal,1.00,2025-01-31 00:00:00+00,2025-08-09 06:58:58.765837+00
34,5c5bc271-66b8-4b72-bb5f-66a5695222df,GH1,sys_ec,1.2070,normal,1.00,2025-02-01 00:00:00+00,2025-08-09 06:58:58.765837+00
35,5c5bc271-66b8-4b72-bb5f-66a5695222df,GH1,sys_ec,1.2330,normal,1.00,2025-02-02 00:00:00+00,2025-08-09 06:58:58.765837+00
36,5c5bc271-66b8-4b72-bb5f-66a5695222df,GH1,sys_ec,1.2480,normal,1.00,2025-02-03 00:00:00+00,2025-08-09 06:58:58.765837+00
37,5c5bc271-66b8-4b72-bb5f-66a5695222df,GH1,sys_ec,1.2420,normal,1.00,2025-02-04 00:00:00+00,2025-08-09 06:58:58.765837+00
38,5c5bc271-66b8-4b72-bb5f-66a5695222df,GH1,sys_ec,1.2250,normal,1.00,2025-02-05 00:00:00+00,2025-08-09 06:58:58.765837+00
39,5c5bc271-66b8-4b72-bb5f-66a5695222df,GH1,sys_ec,1.2420,normal,1.00,2025-02-06 00:00:00+00,2025-08-09 06:58:58.765837+00
40,5c5bc271-66b8-4b72-bb5f-66a5695222df,GH1,sys_ec,1.2410,normal,1.00,2025-02-07 00:00:00+00,2025-08-09 06:58:58.765837+00
41,5c5bc271-66b8-4b72-bb5f-66a5695222df,GH1,sys_ec,1.2530,normal,1.00,2025-02-08 00:00:00+00,2025-08-09 06:58:58.765837+00
42,5c5bc271-66b8-4b72-bb5f-66a5695222df,GH1,sys_ec,1.3580,normal,1.00,2025-02-09 00:00:00+00,2025-08-09 06:58:58.765837+00
43,5c5bc271-66b8-4b72-bb5f-66a5695222df,GH1,sys_ec,1.3610,normal,1.00,2025-02-10 00:00:00+00,2025-08-09 06:58:58.765837+00
44,5c5bc271-66b8-4b72-bb5f-66a5695222df,GH1,sys_ec,1.2210,normal,1.00,2025-02-11 00:00:00+00,2025-08-09 06:58:58.765837+00
45,5c5bc271-66b8-4b72-bb5f-66a5695222df,GH1,sys_ec,1.2300,normal,1.00,2025-02-12 00:00:00+00,2025-08-09 06:58:58.765837+00
46,5c5bc271-66b8-4b72-bb5f-66a5695222df,GH1,sys_ec,1.2030,normal,1.00,2025-02-13 00:00:00+00,2025-08-09 06:58:58.765837+00
47,5c5bc271-66b8-4b72-bb5f-66a5695222df,GH1,sys_ec,1.1640,normal,1.00,2025-02-14 00:00:00+00,2025-08-09 06:58:58.765837+00
48,5c5bc271-66b8-4b72-bb5f-66a5695222df,GH1,sys_ec,1.2470,normal,1.00,2025-02-15 00:00:00+00,2025-08-09 06:58:58.765837+00
49,5c5bc271-66b8-4b72-bb5f-66a5695222df,GH1,sys_ec,0.1340,normal,1.00,2025-02-16 00:00:00+00,2025-08-09 06:58:58.765837+00
50,5c5bc271-66b8-4b72-bb5f-66a5695222df,GH1,sys_ec,1.2320,normal,1.00,2025-02-17 00:00:00+00,2025-08-09 06:58:58.765837+00
51,5c5bc271-66b8-4b72-bb5f-66a5695222df,GH1,sys_ec,1.2420,normal,1.00,2025-02-18 00:00:00+00,2025-08-09 06:58:58.765837+00
52,5c5bc271-66b8-4b72-bb5f-66a5695222df,GH1,sys_ec,1.2060,normal,1.00,2025-02-19 00:00:00+00,2025-08-09 06:58:58.765837+00
53,5c5bc271-66b8-4b72-bb5f-66a5695222df,GH1,sys_ec,1.1680,normal,1.00,2025-02-20 00:00:00+00,2025-08-09 06:58:58.765837+00
54,5c5bc271-66b8-4b72-bb5f-66a5695222df,GH1,sys_ec,1.1210,normal,1.00,2025-02-21 00:00:00+00,2025-08-09 06:58:58.765837+00
55,5c5bc271-66b8-4b72-bb5f-66a5695222df,GH1,sys_ec,1.1740,normal,1.00,2025-02-22 00:00:00+00,2025-08-09 06:58:58.765837+00
56,5c5bc271-66b8-4b72-bb5f-66a5695222df,GH1,sys_ec,1.1840,normal,1.00,2025-02-23 00:00:00+00,2025-08-09 06:58:58.765837+00
57,5c5bc271-66b8-4b72-bb5f-66a5695222df,GH1,sys_ec,1.1770,normal,1.00,2025-02-24 00:00:00+00,2025-08-09 06:58:58.765837+00
58,5c5bc271-66b8-4b72-bb5f-66a5695222df,GH1,sys_ec,1.2380,normal,1.00,2025-02-25 00:00:00+00,2025-08-09 06:58:58.765837+00
59,5c5bc271-66b8-4b72-bb5f-66a5695222df,GH1,sys_ec,1.2240,normal,1.00,2025-02-26 00:00:00+00,2025-08-09 06:58:58.765837+00
60,5c5bc271-66b8-4b72-bb5f-66a5695222df,GH1,sys_ec,1.2180,normal,1.00,2025-02-27 00:00:00+00,2025-08-09 06:58:58.765837+00
61,5c5bc271-66b8-4b72-bb5f-66a5695222df,GH1,sys_ec,1.2550,normal,1.00,2025-02-28 00:00:00+00,2025-08-09 06:58:58.765837+00
62,5c5bc271-66b8-4b72-bb5f-66a5695222df,GH1,sys_ec,1.2830,normal,1.00,2025-03-01 00:00:00+00,2025-08-09 06:58:58.765837+00
63,5c5bc271-66b8-4b72-bb5f-66a5695222df,GH1,sys_ec,1.3630,normal,1.00,2025-03-02 00:00:00+00,2025-08-09 06:58:58.765837+00
64,5c5bc271-66b8-4b72-bb5f-66a5695222df,GH1,sys_ec,1.0140,normal,1.00,2025-03-03 00:00:00+00,2025-08-09 06:58:58.765837+00
65,5c5bc271-66b8-4b72-bb5f-66a5695222df,GH1,sys_ec,0.9570,normal,1.00,2025-03-04 00:00:00+00,2025-08-09 06:58:58.765837+00
66,5c5bc271-66b8-4b72-bb5f-66a5695222df,GH1,sys_ec,1.1790,normal,1.00,2025-03-05 00:00:00+00,2025-08-09 06:58:58.765837+00
67,5c5bc271-66b8-4b72-bb5f-66a5695222df,GH1,sys_ec,1.1770,normal,1.00,2025-03-06 00:00:00+00,2025-08-09 06:58:58.765837+00
68,5c5bc271-66b8-4b72-bb5f-66a5695222df,GH1,sys_ec,1.1060,normal,1.00,2025-03-07 00:00:00+00,2025-08-09 06:58:58.765837+00
69,5c5bc271-66b8-4b72-bb5f-66a5695222df,GH1,sys_ec,1.0950,normal,1.00,2025-03-08 00:00:00+00,2025-08-09 06:58:58.765837+00
70,5c5bc271-66b8-4b72-bb5f-66a5695222df,GH1,sys_ec,1.0950,normal,1.00,2025-03-09 00:00:00+00,2025-08-09 06:58:58.765837+00
71,5c5bc271-66b8-4b72-bb5f-66a5695222df,GH1,sys_ec,1.0760,normal,1.00,2025-03-10 00:00:00+00,2025-08-09 06:58:58.765837+00
72,5c5bc271-66b8-4b72-bb5f-66a5695222df,GH1,sys_ec,0.9550,normal,1.00,2025-03-11 00:00:00+00,2025-08-09 06:58:58.765837+00
73,5c5bc271-66b8-4b72-bb5f-66a5695222df,GH1,sys_ec,0.9510,normal,1.00,2025-03-12 00:00:00+00,2025-08-09 06:58:58.765837+00
74,5c5bc271-66b8-4b72-bb5f-66a5695222df,GH1,sys_ec,1.0410,normal,1.00,2025-03-13 00:00:00+00,2025-08-09 06:58:58.765837+00
75,5c5bc271-66b8-4b72-bb5f-66a5695222df,GH1,sys_ec,1.0650,normal,1.00,2025-03-14 00:00:00+00,2025-08-09 06:58:58.765837+00
76,5c5bc271-66b8-4b72-bb5f-66a5695222df,GH1,sys_ec,0.8980,normal,1.00,2025-03-15 00:00:00+00,2025-08-09 06:58:58.765837+00
77,5c5bc271-66b8-4b72-bb5f-66a5695222df,GH1,sys_ec,0.9490,normal,1.00,2025-03-16 00:00:00+00,2025-08-09 06:58:58.765837+00
78,5c5bc271-66b8-4b72-bb5f-66a5695222df,GH1,sys_ec,1.0370,normal,1.00,2025-03-17 00:00:00+00,2025-08-09 06:58:58.765837+00
79,5c5bc271-66b8-4b72-bb5f-66a5695222df,GH1,sys_ec,1.0710,normal,1.00,2025-03-18 00:00:00+00,2025-08-09 06:58:58.765837+00
80,5c5bc271-66b8-4b72-bb5f-66a5695222df,GH1,sys_ec,1.0450,normal,1.00,2025-03-19 00:00:00+00,2025-08-09 06:58:58.765837+00
81,5c5bc271-66b8-4b72-bb5f-66a5695222df,GH1,sys_ec,0.9620,normal,1.00,2025-03-20 00:00:00+00,2025-08-09 06:58:58.765837+00
82,5c5bc271-66b8-4b72-bb5f-66a5695222df,GH1,sys_ec,0.9040,normal,1.00,2025-03-21 00:00:00+00,2025-08-09 06:58:58.765837+00
83,5c5bc271-66b8-4b72-bb5f-66a5695222df,GH1,sys_ec,0.8300,normal,1.00,2025-03-22 00:00:00+00,2025-08-09 06:58:58.765837+00
84,5c5bc271-66b8-4b72-bb5f-66a5695222df,GH1,sys_ec,0.8980,normal,1.00,2025-03-23 00:00:00+00,2025-08-09 06:58:58.765837+00
85,5c5bc271-66b8-4b72-bb5f-66a5695222df,GH1,sys_ec,0.8880,normal,1.00,2025-03-24 00:00:00+00,2025-08-09 06:58:58.765837+00
86,5c5bc271-66b8-4b72-bb5f-66a5695222df,GH1,sys_ec,0.9330,normal,1.00,2025-03-25 00:00:00+00,2025-08-09 06:58:58.765837+00
87,5c5bc271-66b8-4b72-bb5f-66a5695222df,GH1,sys_ec,0.8760,normal,1.00,2025-03-26 00:00:00+00,2025-08-09 06:58:58.765837+00
88,5c5bc271-66b8-4b72-bb5f-66a5695222df,GH1,sys_ec,0.9070,normal,1.00,2025-03-27 00:00:00+00,2025-08-09 06:58:58.765837+00
89,5c5bc271-66b8-4b72-bb5f-66a5695222df,GH1,sys_ec,0.9060,normal,1.00,2025-03-28 00:00:00+00,2025-08-09 06:58:58.765837+00
90,5c5bc271-66b8-4b72-bb5f-66a5695222df,GH1,sys_ec,0.9000,normal,1.00,2025-03-29 00:00:00+00,2025-08-09 06:58:58.765837+00
91,5c5bc271-66b8-4b72-bb5f-66a5695222df,GH1,sys_ec,0.8330,normal,1.00,2025-03-30 00:00:00+00,2025-08-09 06:58:58.765837+00
92,5c5bc271-66b8-4b72-bb5f-66a5695222df,GH1,sys_ec,0.8540,normal,1.00,2025-03-31 00:00:00+00,2025-08-09 06:58:58.765837+00
93,5c5bc271-66b8-4b72-bb5f-66a5695222df,GH1,sys_ec,0.8610,normal,1.00,2025-04-01 00:00:00+00,2025-08-09 06:58:58.765837+00
94,5c5bc271-66b8-4b72-bb5f-66a5695222df,GH1,sys_ec,0.8460,normal,1.00,2025-04-02 00:00:00+00,2025-08-09 06:58:58.765837+00
95,5c5bc271-66b8-4b72-bb5f-66a5695222df,GH1,sys_ec,0.7160,normal,1.00,2025-04-03 00:00:00+00,2025-08-09 06:58:58.765837+00
96,5c5bc271-66b8-4b72-bb5f-66a5695222df,GH1,sys_ec,0.9900,normal,1.00,2025-04-04 00:00:00+00,2025-08-09 06:58:58.765837+00
97,5c5bc271-66b8-4b72-bb5f-66a5695222df,GH1,sys_ec,1.0120,normal,1.00,2025-04-05 00:00:00+00,2025-08-09 06:58:58.765837+00
98,5c5bc271-66b8-4b72-bb5f-66a5695222df,GH1,sys_ec,1.0280,normal,1.00,2025-04-06 00:00:00+00,2025-08-09 06:58:58.765837+00
99,5c5bc271-66b8-4b72-bb5f-66a5695222df,GH1,sys_ec,1.0290,normal,1.00,2025-04-07 00:00:00+00,2025-08-09 06:58:58.765837+00
100,5c5bc271-66b8-4b72-bb5f-66a5695222df,GH1,sys_ec,1.0500,normal,1.00,2025-04-08 00:00:00+00,2025-08-09 06:58:58.765837+00
101,5c5bc271-66b8-4b72-bb5f-66a5695222df,GH1,sys_ec,1.0250,normal,1.00,2025-04-09 00:00:00+00,2025-08-09 06:58:58.765837+00
102,5c5bc271-66b8-4b72-bb5f-66a5695222df,GH1,sys_ec,1.0770,normal,1.00,2025-04-10 00:00:00+00,2025-08-09 06:58:58.765837+00
103,5c5bc271-66b8-4b72-bb5f-66a5695222df,GH1,sys_ec,1.0440,normal,1.00,2025-04-11 00:00:00+00,2025-08-09 06:58:58.765837+00
104,5c5bc271-66b8-4b72-bb5f-66a5695222df,GH1,sys_ec,1.1170,normal,1.00,2025-04-12 00:00:00+00,2025-08-09 06:58:58.765837+00
105,5c5bc271-66b8-4b72-bb5f-66a5695222df,GH1,sys_ec,1.0920,normal,1.00,2025-04-13 00:00:00+00,2025-08-09 06:58:58.765837+00
106,5c5bc271-66b8-4b72-bb5f-66a5695222df,GH1,sys_ec,1.0790,normal,1.00,2025-04-14 00:00:00+00,2025-08-09 06:58:58.765837+00
107,5c5bc271-66b8-4b72-bb5f-66a5695222df,GH1,sys_ec,1.0370,normal,1.00,2025-04-15 00:00:00+00,2025-08-09 06:58:58.765837+00
108,5c5bc271-66b8-4b72-bb5f-66a5695222df,GH1,sys_ec,1.0800,normal,1.00,2025-04-16 00:00:00+00,2025-08-09 06:58:58.765837+00
109,5c5bc271-66b8-4b72-bb5f-66a5695222df,GH1,sys_ec,1.0280,normal,1.00,2025-04-17 00:00:00+00,2025-08-09 06:58:58.765837+00
110,5c5bc271-66b8-4b72-bb5f-66a5695222df,GH1,sys_ec,1.0270,normal,1.00,2025-04-18 00:00:00+00,2025-08-09 06:58:58.765837+00
111,5c5bc271-66b8-4b72-bb5f-66a5695222df,GH1,sys_ec,1.1550,normal,1.00,2025-04-19 00:00:00+00,2025-08-09 06:58:58.765837+00
112,5c5bc271-66b8-4b72-bb5f-66a5695222df,GH1,sys_ec,1.2790,normal,1.00,2025-04-20 00:00:00+00,2025-08-09 06:58:58.765837+00
113,5c5bc271-66b8-4b72-bb5f-66a5695222df,GH1,sys_ph,6.5000,normal,1.00,2024-12-30 00:00:00+00,2025-08-09 06:58:58.765837+00
114,5c5bc271-66b8-4b72-bb5f-66a5695222df,GH1,sys_ph,6.1000,normal,1.00,2024-12-31 00:00:00+00,2025-08-09 06:58:58.765837+00
115,5c5bc271-66b8-4b72-bb5f-66a5695222df,GH1,sys_ph,6.4000,normal,1.00,2025-01-01 00:00:00+00,2025-08-09 06:58:58.765837+00
116,5c5bc271-66b8-4b72-bb5f-66a5695222df,GH1,sys_ph,6.4000,normal,1.00,2025-01-02 00:00:00+00,2025-08-09 06:58:58.765837+00
117,5c5bc271-66b8-4b72-bb5f-66a5695222df,GH1,sys_ph,6.5000,normal,1.00,2025-01-03 00:00:00+00,2025-08-09 06:58:58.765837+00
118,5c5bc271-66b8-4b72-bb5f-66a5695222df,GH1,sys_ph,6.4000,normal,1.00,2025-01-04 00:00:00+00,2025-08-09 06:58:58.765837+00
119,5c5bc271-66b8-4b72-bb5f-66a5695222df,GH1,sys_ph,6.4000,normal,1.00,2025-01-05 00:00:00+00,2025-08-09 06:58:58.765837+00
120,5c5bc271-66b8-4b72-bb5f-66a5695222df,GH1,sys_ph,6.3000,normal,1.00,2025-01-06 00:00:00+00,2025-08-09 06:58:58.765837+00
121,5c5bc271-66b8-4b72-bb5f-66a5695222df,GH1,sys_ph,6.3000,normal,1.00,2025-01-07 00:00:00+00,2025-08-09 06:58:58.765837+00
122,5c5bc271-66b8-4b72-bb5f-66a5695222df,GH1,sys_ph,6.4000,normal,1.00,2025-01-08 00:00:00+00,2025-08-09 06:58:58.765837+00
123,5c5bc271-66b8-4b72-bb5f-66a5695222df,GH1,sys_ph,6.4000,normal,1.00,2025-01-09 00:00:00+00,2025-08-09 06:58:58.765837+00
124,5c5bc271-66b8-4b72-bb5f-66a5695222df,GH1,sys_ph,6.3000,normal,1.00,2025-01-10 00:00:00+00,2025-08-09 06:58:58.765837+00
125,5c5bc271-66b8-4b72-bb5f-66a5695222df,GH1,sys_ph,6.5000,normal,1.00,2025-01-11 00:00:00+00,2025-08-09 06:58:58.765837+00
126,5c5bc271-66b8-4b72-bb5f-66a5695222df,GH1,sys_ph,6.6000,normal,1.00,2025-01-12 00:00:00+00,2025-08-09 06:58:58.765837+00
127,5c5bc271-66b8-4b72-bb5f-66a5695222df,GH1,sys_ph,6.2000,normal,1.00,2025-01-13 00:00:00+00,2025-08-09 06:58:58.765837+00
128,5c5bc271-66b8-4b72-bb5f-66a5695222df,GH1,sys_ph,6.2000,normal,1.00,2025-01-14 00:00:00+00,2025-08-09 06:58:58.765837+00
129,5c5bc271-66b8-4b72-bb5f-66a5695222df,GH1,sys_ph,6.2000,normal,1.00,2025-01-15 00:00:00+00,2025-08-09 06:58:58.765837+00
130,5c5bc271-66b8-4b72-bb5f-66a5695222df,GH1,sys_ph,6.0000,normal,1.00,2025-01-16 00:00:00+00,2025-08-09 06:58:58.765837+00
131,5c5bc271-66b8-4b72-bb5f-66a5695222df,GH1,sys_ph,6.3000,normal,1.00,2025-01-17 00:00:00+00,2025-08-09 06:58:58.765837+00
132,5c5bc271-66b8-4b72-bb5f-66a5695222df,GH1,sys_ph,6.1000,normal,1.00,2025-01-18 00:00:00+00,2025-08-09 06:58:58.765837+00
133,5c5bc271-66b8-4b72-bb5f-66a5695222df,GH1,sys_ph,6.4000,normal,1.00,2025-01-19 00:00:00+00,2025-08-09 06:58:58.765837+00
134,5c5bc271-66b8-4b72-bb5f-66a5695222df,GH1,sys_ph,6.4000,normal,1.00,2025-01-20 00:00:00+00,2025-08-09 06:58:58.765837+00
135,5c5bc271-66b8-4b72-bb5f-66a5695222df,GH1,sys_ph,6.1000,normal,1.00,2025-01-21 00:00:00+00,2025-08-09 06:58:58.765837+00
136,5c5bc271-66b8-4b72-bb5f-66a5695222df,GH1,sys_ph,6.3000,normal,1.00,2025-01-22 00:00:00+00,2025-08-09 06:58:58.765837+00
137,5c5bc271-66b8-4b72-bb5f-66a5695222df,GH1,sys_ph,6.3000,normal,1.00,2025-01-23 00:00:00+00,2025-08-09 06:58:58.765837+00
138,5c5bc271-66b8-4b72-bb5f-66a5695222df,GH1,sys_ph,6.3000,normal,1.00,2025-01-24 00:00:00+00,2025-08-09 06:58:58.765837+00
139,5c5bc271-66b8-4b72-bb5f-66a5695222df,GH1,sys_ph,6.3000,normal,1.00,2025-01-25 00:00:00+00,2025-08-09 06:58:58.765837+00
140,5c5bc271-66b8-4b72-bb5f-66a5695222df,GH1,sys_ph,6.4000,normal,1.00,2025-01-26 00:00:00+00,2025-08-09 06:58:58.765837+00
141,5c5bc271-66b8-4b72-bb5f-66a5695222df,GH1,sys_ph,6.3000,normal,1.00,2025-01-27 00:00:00+00,2025-08-09 06:58:58.765837+00
142,5c5bc271-66b8-4b72-bb5f-66a5695222df,GH1,sys_ph,6.1000,normal,1.00,2025-01-28 00:00:00+00,2025-08-09 06:58:58.765837+00
143,5c5bc271-66b8-4b72-bb5f-66a5695222df,GH1,sys_ph,6.3000,normal,1.00,2025-01-29 00:00:00+00,2025-08-09 06:58:58.765837+00
144,5c5bc271-66b8-4b72-bb5f-66a5695222df,GH1,sys_ph,6.4000,normal,1.00,2025-01-30 00:00:00+00,2025-08-09 06:58:58.765837+00
145,5c5bc271-66b8-4b72-bb5f-66a5695222df,GH1,sys_ph,6.1000,normal,1.00,2025-01-31 00:00:00+00,2025-08-09 06:58:58.765837+00
146,5c5bc271-66b8-4b72-bb5f-66a5695222df,GH1,sys_ph,6.2000,normal,1.00,2025-02-01 00:00:00+00,2025-08-09 06:58:58.765837+00
147,5c5bc271-66b8-4b72-bb5f-66a5695222df,GH1,sys_ph,6.4000,normal,1.00,2025-02-02 00:00:00+00,2025-08-09 06:58:58.765837+00
148,5c5bc271-66b8-4b72-bb5f-66a5695222df,GH1,sys_ph,6.5000,normal,1.00,2025-02-03 00:00:00+00,2025-08-09 06:58:58.765837+00
149,5c5bc271-66b8-4b72-bb5f-66a5695222df,GH1,sys_ph,6.2000,normal,1.00,2025-02-04 00:00:00+00,2025-08-09 06:58:58.765837+00
150,5c5bc271-66b8-4b72-bb5f-66a5695222df,GH1,sys_ph,6.2000,normal,1.00,2025-02-05 00:00:00+00,2025-08-09 06:58:58.765837+00
151,5c5bc271-66b8-4b72-bb5f-66a5695222df,GH1,sys_ph,6.3000,normal,1.00,2025-02-06 00:00:00+00,2025-08-09 06:58:58.765837+00
152,5c5bc271-66b8-4b72-bb5f-66a5695222df,GH1,sys_ph,6.3000,normal,1.00,2025-02-07 00:00:00+00,2025-08-09 06:58:58.765837+00
153,5c5bc271-66b8-4b72-bb5f-66a5695222df,GH1,sys_ph,6.2000,normal,1.00,2025-02-08 00:00:00+00,2025-08-09 06:58:58.765837+00
154,5c5bc271-66b8-4b72-bb5f-66a5695222df,GH1,sys_ph,6.3000,normal,1.00,2025-02-09 00:00:00+00,2025-08-09 06:58:58.765837+00
155,5c5bc271-66b8-4b72-bb5f-66a5695222df,GH1,sys_ph,6.0500,normal,1.00,2025-02-10 00:00:00+00,2025-08-09 06:58:58.765837+00
156,5c5bc271-66b8-4b72-bb5f-66a5695222df,GH1,sys_ph,6.0300,normal,1.00,2025-02-11 00:00:00+00,2025-08-09 06:58:58.765837+00
157,5c5bc271-66b8-4b72-bb5f-66a5695222df,GH1,sys_ph,6.4000,normal,1.00,2025-02-12 00:00:00+00,2025-08-09 06:58:58.765837+00
158,5c5bc271-66b8-4b72-bb5f-66a5695222df,GH1,sys_ph,6.3000,normal,1.00,2025-02-13 00:00:00+00,2025-08-09 06:58:58.765837+00
159,5c5bc271-66b8-4b72-bb5f-66a5695222df,GH1,sys_ph,6.3000,normal,1.00,2025-02-14 00:00:00+00,2025-08-09 06:58:58.765837+00
160,5c5bc271-66b8-4b72-bb5f-66a5695222df,GH1,sys_ph,6.4000,normal,1.00,2025-02-15 00:00:00+00,2025-08-09 06:58:58.765837+00
161,5c5bc271-66b8-4b72-bb5f-66a5695222df,GH1,sys_ph,6.3000,normal,1.00,2025-02-16 00:00:00+00,2025-08-09 06:58:58.765837+00
162,5c5bc271-66b8-4b72-bb5f-66a5695222df,GH1,sys_ph,6.4000,normal,1.00,2025-02-17 00:00:00+00,2025-08-09 06:58:58.765837+00
163,5c5bc271-66b8-4b72-bb5f-66a5695222df,GH1,sys_ph,6.1800,normal,1.00,2025-02-18 00:00:00+00,2025-08-09 06:58:58.765837+00
164,5c5bc271-66b8-4b72-bb5f-66a5695222df,GH1,sys_ph,6.2800,normal,1.00,2025-02-19 00:00:00+00,2025-08-09 06:58:58.765837+00
165,5c5bc271-66b8-4b72-bb5f-66a5695222df,GH1,sys_ph,6.2300,normal,1.00,2025-02-20 00:00:00+00,2025-08-09 06:58:58.765837+00
166,5c5bc271-66b8-4b72-bb5f-66a5695222df,GH1,sys_ph,6.4300,normal,1.00,2025-02-21 00:00:00+00,2025-08-09 06:58:58.765837+00
167,5c5bc271-66b8-4b72-bb5f-66a5695222df,GH1,sys_ph,6.4500,normal,1.00,2025-02-22 00:00:00+00,2025-08-09 06:58:58.765837+00
168,5c5bc271-66b8-4b72-bb5f-66a5695222df,GH1,sys_ph,6.7800,normal,1.00,2025-02-23 00:00:00+00,2025-08-09 06:58:58.765837+00
169,5c5bc271-66b8-4b72-bb5f-66a5695222df,GH1,sys_ph,6.5500,normal,1.00,2025-02-24 00:00:00+00,2025-08-09 06:58:58.765837+00
170,5c5bc271-66b8-4b72-bb5f-66a5695222df,GH1,sys_ph,6.4000,normal,1.00,2025-02-25 00:00:00+00,2025-08-09 06:58:58.765837+00
171,5c5bc271-66b8-4b72-bb5f-66a5695222df,GH1,sys_ph,6.6500,normal,1.00,2025-02-26 00:00:00+00,2025-08-09 06:58:58.765837+00
172,5c5bc271-66b8-4b72-bb5f-66a5695222df,GH1,sys_ph,6.3000,normal,1.00,2025-02-27 00:00:00+00,2025-08-09 06:58:58.765837+00
173,5c5bc271-66b8-4b72-bb5f-66a5695222df,GH1,sys_ph,6.3000,normal,1.00,2025-02-28 00:00:00+00,2025-08-09 06:58:58.765837+00
174,5c5bc271-66b8-4b72-bb5f-66a5695222df,GH1,sys_ph,6.5300,normal,1.00,2025-03-01 00:00:00+00,2025-08-09 06:58:58.765837+00
175,5c5bc271-66b8-4b72-bb5f-66a5695222df,GH1,sys_ph,6.3800,normal,1.00,2025-03-02 00:00:00+00,2025-08-09 06:58:58.765837+00
176,5c5bc271-66b8-4b72-bb5f-66a5695222df,GH1,sys_ph,6.6300,normal,1.00,2025-03-03 00:00:00+00,2025-08-09 06:58:58.765837+00
177,5c5bc271-66b8-4b72-bb5f-66a5695222df,GH1,sys_ph,6.6500,normal,1.00,2025-03-04 00:00:00+00,2025-08-09 06:58:58.765837+00
178,5c5bc271-66b8-4b72-bb5f-66a5695222df,GH1,sys_ph,6.6000,normal,1.00,2025-03-05 00:00:00+00,2025-08-09 06:58:58.765837+00
179,5c5bc271-66b8-4b72-bb5f-66a5695222df,GH1,sys_ph,6.6300,normal,1.00,2025-03-06 00:00:00+00,2025-08-09 06:58:58.765837+00
180,5c5bc271-66b8-4b72-bb5f-66a5695222df,GH1,sys_ph,6.6000,normal,1.00,2025-03-07 00:00:00+00,2025-08-09 06:58:58.765837+00
181,5c5bc271-66b8-4b72-bb5f-66a5695222df,GH1,sys_ph,6.8800,normal,1.00,2025-03-08 00:00:00+00,2025-08-09 06:58:58.765837+00
182,5c5bc271-66b8-4b72-bb5f-66a5695222df,GH1,sys_ph,6.6800,normal,1.00,2025-03-09 00:00:00+00,2025-08-09 06:58:58.765837+00
183,5c5bc271-66b8-4b72-bb5f-66a5695222df,GH1,sys_ph,6.3000,normal,1.00,2025-03-10 00:00:00+00,2025-08-09 06:58:58.765837+00
184,5c5bc271-66b8-4b72-bb5f-66a5695222df,GH1,sys_ph,6.3800,normal,1.00,2025-03-11 00:00:00+00,2025-08-09 06:58:58.765837+00
185,5c5bc271-66b8-4b72-bb5f-66a5695222df,GH1,sys_ph,6.1500,normal,1.00,2025-03-12 00:00:00+00,2025-08-09 06:58:58.765837+00
186,5c5bc271-66b8-4b72-bb5f-66a5695222df,GH1,sys_ph,6.1800,normal,1.00,2025-03-13 00:00:00+00,2025-08-09 06:58:58.765837+00
187,5c5bc271-66b8-4b72-bb5f-66a5695222df,GH1,sys_ph,6.4000,normal,1.00,2025-03-14 00:00:00+00,2025-08-09 06:58:58.765837+00
188,5c5bc271-66b8-4b72-bb5f-66a5695222df,GH1,sys_ph,6.6300,normal,1.00,2025-03-15 00:00:00+00,2025-08-09 06:58:58.765837+00
189,5c5bc271-66b8-4b72-bb5f-66a5695222df,GH1,sys_ph,6.6500,normal,1.00,2025-03-16 00:00:00+00,2025-08-09 06:58:58.765837+00
190,5c5bc271-66b8-4b72-bb5f-66a5695222df,GH1,sys_ph,6.5300,normal,1.00,2025-03-17 00:00:00+00,2025-08-09 06:58:58.765837+00
191,5c5bc271-66b8-4b72-bb5f-66a5695222df,GH1,sys_ph,6.2000,normal,1.00,2025-03-18 00:00:00+00,2025-08-09 06:58:58.765837+00
192,5c5bc271-66b8-4b72-bb5f-66a5695222df,GH1,sys_ph,6.3500,normal,1.00,2025-03-19 00:00:00+00,2025-08-09 06:58:58.765837+00
193,5c5bc271-66b8-4b72-bb5f-66a5695222df,GH1,sys_ph,6.7500,normal,1.00,2025-03-20 00:00:00+00,2025-08-09 06:58:58.765837+00
194,5c5bc271-66b8-4b72-bb5f-66a5695222df,GH1,sys_ph,6.5300,normal,1.00,2025-03-21 00:00:00+00,2025-08-09 06:58:58.765837+00
195,5c5bc271-66b8-4b72-bb5f-66a5695222df,GH1,sys_ph,6.6800,normal,1.00,2025-03-22 00:00:00+00,2025-08-09 06:58:58.765837+00
196,5c5bc271-66b8-4b72-bb5f-66a5695222df,GH1,sys_ph,6.8800,normal,1.00,2025-03-23 00:00:00+00,2025-08-09 06:58:58.765837+00
197,5c5bc271-66b8-4b72-bb5f-66a5695222df,GH1,sys_ph,6.8800,normal,1.00,2025-03-24 00:00:00+00,2025-08-09 06:58:58.765837+00
198,5c5bc271-66b8-4b72-bb5f-66a5695222df,GH1,sys_ph,7.0500,normal,1.00,2025-03-25 00:00:00+00,2025-08-09 06:58:58.765837+00
199,5c5bc271-66b8-4b72-bb5f-66a5695222df,GH1,sys_ph,7.1000,normal,1.00,2025-03-26 00:00:00+00,2025-08-09 06:58:58.765837+00
200,5c5bc271-66b8-4b72-bb5f-66a5695222df,GH1,sys_ph,7.1500,normal,1.00,2025-03-27 00:00:00+00,2025-08-09 06:58:58.765837+00
201,5c5bc271-66b8-4b72-bb5f-66a5695222df,GH1,sys_ph,7.2800,normal,1.00,2025-03-28 00:00:00+00,2025-08-09 06:58:58.765837+00
202,5c5bc271-66b8-4b72-bb5f-66a5695222df,GH1,sys_ph,6.8000,normal,1.00,2025-03-29 00:00:00+00,2025-08-09 06:58:58.765837+00
203,5c5bc271-66b8-4b72-bb5f-66a5695222df,GH1,sys_ph,7.0000,normal,1.00,2025-03-30 00:00:00+00,2025-08-09 06:58:58.765837+00
204,5c5bc271-66b8-4b72-bb5f-66a5695222df,GH1,sys_ph,7.1500,normal,1.00,2025-03-31 00:00:00+00,2025-08-09 06:58:58.765837+00
205,5c5bc271-66b8-4b72-bb5f-66a5695222df,GH1,sys_ph,7.1800,normal,1.00,2025-04-01 00:00:00+00,2025-08-09 06:58:58.765837+00
206,5c5bc271-66b8-4b72-bb5f-66a5695222df,GH1,sys_ph,7.3000,normal,1.00,2025-04-02 00:00:00+00,2025-08-09 06:58:58.765837+00
207,5c5bc271-66b8-4b72-bb5f-66a5695222df,GH1,sys_ph,7.2300,normal,1.00,2025-04-03 00:00:00+00,2025-08-09 06:58:58.765837+00
208,5c5bc271-66b8-4b72-bb5f-66a5695222df,GH1,sys_ph,7.0000,normal,1.00,2025-04-04 00:00:00+00,2025-08-09 06:58:58.765837+00
209,5c5bc271-66b8-4b72-bb5f-66a5695222df,GH1,sys_ph,7.1000,normal,1.00,2025-04-05 00:00:00+00,2025-08-09 06:58:58.765837+00
210,5c5bc271-66b8-4b72-bb5f-66a5695222df,GH1,sys_ph,7.2300,normal,1.00,2025-04-06 00:00:00+00,2025-08-09 06:58:58.765837+00
211,5c5bc271-66b8-4b72-bb5f-66a5695222df,GH1,sys_ph,7.3800,normal,1.00,2025-04-07 00:00:00+00,2025-08-09 06:58:58.765837+00
212,5c5bc271-66b8-4b72-bb5f-66a5695222df,GH1,sys_ph,7.3000,normal,1.00,2025-04-08 00:00:00+00,2025-08-09 06:58:58.765837+00
213,5c5bc271-66b8-4b72-bb5f-66a5695222df,GH1,sys_ph,7.3500,normal,1.00,2025-04-09 00:00:00+00,2025-08-09 06:58:58.765837+00
214,5c5bc271-66b8-4b72-bb5f-66a5695222df,GH1,sys_ph,7.2000,normal,1.00,2025-04-10 00:00:00+00,2025-08-09 06:58:58.765837+00
215,5c5bc271-66b8-4b72-bb5f-66a5695222df,GH1,sys_ph,7.0800,normal,1.00,2025-04-11 00:00:00+00,2025-08-09 06:58:58.765837+00
216,5c5bc271-66b8-4b72-bb5f-66a5695222df,GH1,sys_ph,7.1000,normal,1.00,2025-04-12 00:00:00+00,2025-08-09 06:58:58.765837+00
217,5c5bc271-66b8-4b72-bb5f-66a5695222df,GH1,sys_ph,7.2300,normal,1.00,2025-04-13 00:00:00+00,2025-08-09 06:58:58.765837+00
218,5c5bc271-66b8-4b72-bb5f-66a5695222df,GH1,sys_ph,7.0300,normal,1.00,2025-04-14 00:00:00+00,2025-08-09 06:58:58.765837+00
219,5c5bc271-66b8-4b72-bb5f-66a5695222df,GH1,sys_ph,7.0500,normal,1.00,2025-04-15 00:00:00+00,2025-08-09 06:58:58.765837+00
220,5c5bc271-66b8-4b72-bb5f-66a5695222df,GH1,sys_ph,7.0300,normal,1.00,2025-04-16 00:00:00+00,2025-08-09 06:58:58.765837+00
221,5c5bc271-66b8-4b72-bb5f-66a5695222df,GH1,sys_ph,6.9000,normal,1.00,2025-04-17 00:00:00+00,2025-08-09 06:58:58.765837+00
222,5c5bc271-66b8-4b72-bb5f-66a5695222df,GH1,sys_ph,6.3300,normal,1.00,2025-04-18 00:00:00+00,2025-08-09 06:58:58.765837+00
223,5c5bc271-66b8-4b72-bb5f-66a5695222df,GH1,sys_ph,7.1500,normal,1.00,2025-04-19 00:00:00+00,2025-08-09 06:58:58.765837+00
224,5c5bc271-66b8-4b72-bb5f-66a5695222df,GH1,sys_ph,7.1800,normal,1.00,2025-04-20 00:00:00+00,2025-08-09 06:58:58.765837+00
225,5c5bc271-66b8-4b72-bb5f-66a5695222df,GH1,sys_h20_temp,28.8000,normal,1.00,2024-12-30 00:00:00+00,2025-08-09 06:58:58.765837+00
226,5c5bc271-66b8-4b72-bb5f-66a5695222df,GH1,sys_h20_temp,31.1000,normal,1.00,2024-12-31 00:00:00+00,2025-08-09 06:58:58.765837+00
227,5c5bc271-66b8-4b72-bb5f-66a5695222df,GH1,sys_h20_temp,28.7000,normal,1.00,2025-01-01 00:00:00+00,2025-08-09 06:58:58.765837+00
228,5c5bc271-66b8-4b72-bb5f-66a5695222df,GH1,sys_h20_temp,30.1000,normal,1.00,2025-01-02 00:00:00+00,2025-08-09 06:58:58.765837+00
229,5c5bc271-66b8-4b72-bb5f-66a5695222df,GH1,sys_h20_temp,29.5000,normal,1.00,2025-01-03 00:00:00+00,2025-08-09 06:58:58.765837+00
230,5c5bc271-66b8-4b72-bb5f-66a5695222df,GH1,sys_h20_temp,29.9000,normal,1.00,2025-01-04 00:00:00+00,2025-08-09 06:58:58.765837+00
231,5c5bc271-66b8-4b72-bb5f-66a5695222df,GH1,sys_h20_temp,29.3000,normal,1.00,2025-01-05 00:00:00+00,2025-08-09 06:58:58.765837+00
232,5c5bc271-66b8-4b72-bb5f-66a5695222df,GH1,sys_h20_temp,29.8000,normal,1.00,2025-01-06 00:00:00+00,2025-08-09 06:58:58.765837+00
233,5c5bc271-66b8-4b72-bb5f-66a5695222df,GH1,sys_h20_temp,28.1000,normal,1.00,2025-01-07 00:00:00+00,2025-08-09 06:58:58.765837+00
234,5c5bc271-66b8-4b72-bb5f-66a5695222df,GH1,sys_h20_temp,30.1000,normal,1.00,2025-01-08 00:00:00+00,2025-08-09 06:58:58.765837+00
235,5c5bc271-66b8-4b72-bb5f-66a5695222df,GH1,sys_h20_temp,29.3000,normal,1.00,2025-01-09 00:00:00+00,2025-08-09 06:58:58.765837+00
236,5c5bc271-66b8-4b72-bb5f-66a5695222df,GH1,sys_h20_temp,28.7000,normal,1.00,2025-01-10 00:00:00+00,2025-08-09 06:58:58.765837+00
237,5c5bc271-66b8-4b72-bb5f-66a5695222df,GH1,sys_h20_temp,29.6000,normal,1.00,2025-01-11 00:00:00+00,2025-08-09 06:58:58.765837+00
238,5c5bc271-66b8-4b72-bb5f-66a5695222df,GH1,sys_h20_temp,28.1000,normal,1.00,2025-01-12 00:00:00+00,2025-08-09 06:58:58.765837+00
239,5c5bc271-66b8-4b72-bb5f-66a5695222df,GH1,sys_h20_temp,29.1000,normal,1.00,2025-01-13 00:00:00+00,2025-08-09 06:58:58.765837+00
240,5c5bc271-66b8-4b72-bb5f-66a5695222df,GH1,sys_h20_temp,28.7000,normal,1.00,2025-01-14 00:00:00+00,2025-08-09 06:58:58.765837+00
241,5c5bc271-66b8-4b72-bb5f-66a5695222df,GH1,sys_h20_temp,30.1000,normal,1.00,2025-01-15 00:00:00+00,2025-08-09 06:58:58.765837+00
242,5c5bc271-66b8-4b72-bb5f-66a5695222df,GH1,sys_h20_temp,29.5000,normal,1.00,2025-01-16 00:00:00+00,2025-08-09 06:58:58.765837+00
243,5c5bc271-66b8-4b72-bb5f-66a5695222df,GH1,sys_h20_temp,30.4000,normal,1.00,2025-01-17 00:00:00+00,2025-08-09 06:58:58.765837+00
244,5c5bc271-66b8-4b72-bb5f-66a5695222df,GH1,sys_h20_temp,30.6000,normal,1.00,2025-01-18 00:00:00+00,2025-08-09 06:58:58.765837+00
245,5c5bc271-66b8-4b72-bb5f-66a5695222df,GH1,sys_h20_temp,30.5000,normal,1.00,2025-01-19 00:00:00+00,2025-08-09 06:58:58.765837+00
246,5c5bc271-66b8-4b72-bb5f-66a5695222df,GH1,sys_h20_temp,30.3000,normal,1.00,2025-01-20 00:00:00+00,2025-08-09 06:58:58.765837+00
247,5c5bc271-66b8-4b72-bb5f-66a5695222df,GH1,sys_h20_temp,30.5000,normal,1.00,2025-01-21 00:00:00+00,2025-08-09 06:58:58.765837+00
248,5c5bc271-66b8-4b72-bb5f-66a5695222df,GH1,sys_h20_temp,31.1000,normal,1.00,2025-01-22 00:00:00+00,2025-08-09 06:58:58.765837+00
249,5c5bc271-66b8-4b72-bb5f-66a5695222df,GH1,sys_h20_temp,30.0000,normal,1.00,2025-01-23 00:00:00+00,2025-08-09 06:58:58.765837+00
250,5c5bc271-66b8-4b72-bb5f-66a5695222df,GH1,sys_h20_temp,30.7000,normal,1.00,2025-01-24 00:00:00+00,2025-08-09 06:58:58.765837+00
251,5c5bc271-66b8-4b72-bb5f-66a5695222df,GH1,sys_h20_temp,30.8000,normal,1.00,2025-01-25 00:00:00+00,2025-08-09 06:58:58.765837+00
252,5c5bc271-66b8-4b72-bb5f-66a5695222df,GH1,sys_h20_temp,30.3000,normal,1.00,2025-01-26 00:00:00+00,2025-08-09 06:58:58.765837+00
253,5c5bc271-66b8-4b72-bb5f-66a5695222df,GH1,sys_h20_temp,30.0000,normal,1.00,2025-01-27 00:00:00+00,2025-08-09 06:58:58.765837+00
254,5c5bc271-66b8-4b72-bb5f-66a5695222df,GH1,sys_h20_temp,28.5000,normal,1.00,2025-01-28 00:00:00+00,2025-08-09 06:58:58.765837+00
255,5c5bc271-66b8-4b72-bb5f-66a5695222df,GH1,sys_h20_temp,29.2000,normal,1.00,2025-01-29 00:00:00+00,2025-08-09 06:58:58.765837+00
256,5c5bc271-66b8-4b72-bb5f-66a5695222df,GH1,sys_h20_temp,29.0000,normal,1.00,2025-01-30 00:00:00+00,2025-08-09 06:58:58.765837+00
257,5c5bc271-66b8-4b72-bb5f-66a5695222df,GH1,sys_h20_temp,30.0000,normal,1.00,2025-01-31 00:00:00+00,2025-08-09 06:58:58.765837+00
258,5c5bc271-66b8-4b72-bb5f-66a5695222df,GH1,sys_h20_temp,31.5000,normal,1.00,2025-02-01 00:00:00+00,2025-08-09 06:58:58.765837+00
259,5c5bc271-66b8-4b72-bb5f-66a5695222df,GH1,sys_h20_temp,31.1000,normal,1.00,2025-02-02 00:00:00+00,2025-08-09 06:58:58.765837+00
260,5c5bc271-66b8-4b72-bb5f-66a5695222df,GH1,sys_h20_temp,30.4000,normal,1.00,2025-02-03 00:00:00+00,2025-08-09 06:58:58.765837+00
261,5c5bc271-66b8-4b72-bb5f-66a5695222df,GH1,sys_h20_temp,28.7000,normal,1.00,2025-02-04 00:00:00+00,2025-08-09 06:58:58.765837+00
262,5c5bc271-66b8-4b72-bb5f-66a5695222df,GH1,sys_h20_temp,30.6000,normal,1.00,2025-02-05 00:00:00+00,2025-08-09 06:58:58.765837+00
263,5c5bc271-66b8-4b72-bb5f-66a5695222df,GH1,sys_h20_temp,28.8000,normal,1.00,2025-02-06 00:00:00+00,2025-08-09 06:58:58.765837+00
264,5c5bc271-66b8-4b72-bb5f-66a5695222df,GH1,sys_h20_temp,28.7000,normal,1.00,2025-02-07 00:00:00+00,2025-08-09 06:58:58.765837+00
265,5c5bc271-66b8-4b72-bb5f-66a5695222df,GH1,sys_h20_temp,28.8000,normal,1.00,2025-02-08 00:00:00+00,2025-08-09 06:58:58.765837+00
266,5c5bc271-66b8-4b72-bb5f-66a5695222df,GH1,sys_h20_temp,29.0000,normal,1.00,2025-02-09 00:00:00+00,2025-08-09 06:58:58.765837+00
267,5c5bc271-66b8-4b72-bb5f-66a5695222df,GH1,sys_h20_temp,28.4800,normal,1.00,2025-02-10 00:00:00+00,2025-08-09 06:58:58.765837+00
268,5c5bc271-66b8-4b72-bb5f-66a5695222df,GH1,sys_h20_temp,27.8800,normal,1.00,2025-02-11 00:00:00+00,2025-08-09 06:58:58.765837+00
269,5c5bc271-66b8-4b72-bb5f-66a5695222df,GH1,sys_h20_temp,32.1000,normal,1.00,2025-02-12 00:00:00+00,2025-08-09 06:58:58.765837+00
270,5c5bc271-66b8-4b72-bb5f-66a5695222df,GH1,sys_h20_temp,32.8300,normal,1.00,2025-02-13 00:00:00+00,2025-08-09 06:58:58.765837+00
271,5c5bc271-66b8-4b72-bb5f-66a5695222df,GH1,sys_h20_temp,30.8000,normal,1.00,2025-02-14 00:00:00+00,2025-08-09 06:58:58.765837+00
272,5c5bc271-66b8-4b72-bb5f-66a5695222df,GH1,sys_h20_temp,30.8500,normal,1.00,2025-02-15 00:00:00+00,2025-08-09 06:58:58.765837+00
273,5c5bc271-66b8-4b72-bb5f-66a5695222df,GH1,sys_h20_temp,31.9500,normal,1.00,2025-02-16 00:00:00+00,2025-08-09 06:58:58.765837+00
274,5c5bc271-66b8-4b72-bb5f-66a5695222df,GH1,sys_h20_temp,32.6000,normal,1.00,2025-02-17 00:00:00+00,2025-08-09 06:58:58.765837+00
275,5c5bc271-66b8-4b72-bb5f-66a5695222df,GH1,sys_h20_temp,30.5300,normal,1.00,2025-02-18 00:00:00+00,2025-08-09 06:58:58.765837+00
276,5c5bc271-66b8-4b72-bb5f-66a5695222df,GH1,sys_h20_temp,29.9800,normal,1.00,2025-02-19 00:00:00+00,2025-08-09 06:58:58.765837+00
277,5c5bc271-66b8-4b72-bb5f-66a5695222df,GH1,sys_h20_temp,28.6300,normal,1.00,2025-02-20 00:00:00+00,2025-08-09 06:58:58.765837+00
278,5c5bc271-66b8-4b72-bb5f-66a5695222df,GH1,sys_h20_temp,29.9500,normal,1.00,2025-02-21 00:00:00+00,2025-08-09 06:58:58.765837+00
279,5c5bc271-66b8-4b72-bb5f-66a5695222df,GH1,sys_h20_temp,30.1500,normal,1.00,2025-02-22 00:00:00+00,2025-08-09 06:58:58.765837+00
280,5c5bc271-66b8-4b72-bb5f-66a5695222df,GH1,sys_h20_temp,32.8000,normal,1.00,2025-02-23 00:00:00+00,2025-08-09 06:58:58.765837+00
281,5c5bc271-66b8-4b72-bb5f-66a5695222df,GH1,sys_h20_temp,28.8300,normal,1.00,2025-02-24 00:00:00+00,2025-08-09 06:58:58.765837+00
282,5c5bc271-66b8-4b72-bb5f-66a5695222df,GH1,sys_h20_temp,28.7500,normal,1.00,2025-02-25 00:00:00+00,2025-08-09 06:58:58.765837+00
283,5c5bc271-66b8-4b72-bb5f-66a5695222df,GH1,sys_h20_temp,29.3500,normal,1.00,2025-02-26 00:00:00+00,2025-08-09 06:58:58.765837+00
284,5c5bc271-66b8-4b72-bb5f-66a5695222df,GH1,sys_h20_temp,28.9000,normal,1.00,2025-02-27 00:00:00+00,2025-08-09 06:58:58.765837+00
285,5c5bc271-66b8-4b72-bb5f-66a5695222df,GH1,sys_h20_temp,29.9500,normal,1.00,2025-02-28 00:00:00+00,2025-08-09 06:58:58.765837+00
286,5c5bc271-66b8-4b72-bb5f-66a5695222df,GH1,sys_h20_temp,3.1800,normal,1.00,2025-03-01 00:00:00+00,2025-08-09 06:58:58.765837+00
287,5c5bc271-66b8-4b72-bb5f-66a5695222df,GH1,sys_h20_temp,33.2000,normal,1.00,2025-03-02 00:00:00+00,2025-08-09 06:58:58.765837+00
288,5c5bc271-66b8-4b72-bb5f-66a5695222df,GH1,sys_h20_temp,30.4800,normal,1.00,2025-03-03 00:00:00+00,2025-08-09 06:58:58.765837+00
289,5c5bc271-66b8-4b72-bb5f-66a5695222df,GH1,sys_h20_temp,32.1800,normal,1.00,2025-03-04 00:00:00+00,2025-08-09 06:58:58.765837+00
290,5c5bc271-66b8-4b72-bb5f-66a5695222df,GH1,sys_h20_temp,33.7000,normal,1.00,2025-03-05 00:00:00+00,2025-08-09 06:58:58.765837+00
291,5c5bc271-66b8-4b72-bb5f-66a5695222df,GH1,sys_h20_temp,32.3000,normal,1.00,2025-03-06 00:00:00+00,2025-08-09 06:58:58.765837+00
292,5c5bc271-66b8-4b72-bb5f-66a5695222df,GH1,sys_h20_temp,31.9500,normal,1.00,2025-03-07 00:00:00+00,2025-08-09 06:58:58.765837+00
293,5c5bc271-66b8-4b72-bb5f-66a5695222df,GH1,sys_h20_temp,31.4300,normal,1.00,2025-03-08 00:00:00+00,2025-08-09 06:58:58.765837+00
294,5c5bc271-66b8-4b72-bb5f-66a5695222df,GH1,sys_h20_temp,31.7300,normal,1.00,2025-03-09 00:00:00+00,2025-08-09 06:58:58.765837+00
295,5c5bc271-66b8-4b72-bb5f-66a5695222df,GH1,sys_h20_temp,30.8300,normal,1.00,2025-03-10 00:00:00+00,2025-08-09 06:58:58.765837+00
296,5c5bc271-66b8-4b72-bb5f-66a5695222df,GH1,sys_h20_temp,32.7000,normal,1.00,2025-03-11 00:00:00+00,2025-08-09 06:58:58.765837+00
297,5c5bc271-66b8-4b72-bb5f-66a5695222df,GH1,sys_h20_temp,31.5000,normal,1.00,2025-03-12 00:00:00+00,2025-08-09 06:58:58.765837+00
298,5c5bc271-66b8-4b72-bb5f-66a5695222df,GH1,sys_h20_temp,33.1800,normal,1.00,2025-03-13 00:00:00+00,2025-08-09 06:58:58.765837+00
299,5c5bc271-66b8-4b72-bb5f-66a5695222df,GH1,sys_h20_temp,29.8500,normal,1.00,2025-03-14 00:00:00+00,2025-08-09 06:58:58.765837+00
300,5c5bc271-66b8-4b72-bb5f-66a5695222df,GH1,sys_h20_temp,29.8000,normal,1.00,2025-03-15 00:00:00+00,2025-08-09 06:58:58.765837+00
301,5c5bc271-66b8-4b72-bb5f-66a5695222df,GH1,sys_h20_temp,30.8800,normal,1.00,2025-03-16 00:00:00+00,2025-08-09 06:58:58.765837+00
302,5c5bc271-66b8-4b72-bb5f-66a5695222df,GH1,sys_h20_temp,28.1000,normal,1.00,2025-03-17 00:00:00+00,2025-08-09 06:58:58.765837+00
303,5c5bc271-66b8-4b72-bb5f-66a5695222df,GH1,sys_h20_temp,29.1500,normal,1.00,2025-03-18 00:00:00+00,2025-08-09 06:58:58.765837+00
304,5c5bc271-66b8-4b72-bb5f-66a5695222df,GH1,sys_h20_temp,28.3800,normal,1.00,2025-03-19 00:00:00+00,2025-08-09 06:58:58.765837+00
305,5c5bc271-66b8-4b72-bb5f-66a5695222df,GH1,sys_h20_temp,26.9300,normal,1.00,2025-03-20 00:00:00+00,2025-08-09 06:58:58.765837+00
306,5c5bc271-66b8-4b72-bb5f-66a5695222df,GH1,sys_h20_temp,27.6000,normal,1.00,2025-03-21 00:00:00+00,2025-08-09 06:58:58.765837+00
307,5c5bc271-66b8-4b72-bb5f-66a5695222df,GH1,sys_h20_temp,29.1500,normal,1.00,2025-03-22 00:00:00+00,2025-08-09 06:58:58.765837+00
308,5c5bc271-66b8-4b72-bb5f-66a5695222df,GH1,sys_h20_temp,27.7300,normal,1.00,2025-03-23 00:00:00+00,2025-08-09 06:58:58.765837+00
309,5c5bc271-66b8-4b72-bb5f-66a5695222df,GH1,sys_h20_temp,29.7300,normal,1.00,2025-03-24 00:00:00+00,2025-08-09 06:58:58.765837+00
310,5c5bc271-66b8-4b72-bb5f-66a5695222df,GH1,sys_h20_temp,34.4300,normal,1.00,2025-03-25 00:00:00+00,2025-08-09 06:58:58.765837+00
311,5c5bc271-66b8-4b72-bb5f-66a5695222df,GH1,sys_h20_temp,30.4500,normal,1.00,2025-03-26 00:00:00+00,2025-08-09 06:58:58.765837+00
312,5c5bc271-66b8-4b72-bb5f-66a5695222df,GH1,sys_h20_temp,30.6800,normal,1.00,2025-03-27 00:00:00+00,2025-08-09 06:58:58.765837+00
313,5c5bc271-66b8-4b72-bb5f-66a5695222df,GH1,sys_h20_temp,31.4000,normal,1.00,2025-03-28 00:00:00+00,2025-08-09 06:58:58.765837+00
314,5c5bc271-66b8-4b72-bb5f-66a5695222df,GH1,sys_h20_temp,27.9800,normal,1.00,2025-03-29 00:00:00+00,2025-08-09 06:58:58.765837+00
315,5c5bc271-66b8-4b72-bb5f-66a5695222df,GH1,sys_h20_temp,29.1500,normal,1.00,2025-03-30 00:00:00+00,2025-08-09 06:58:58.765837+00
316,5c5bc271-66b8-4b72-bb5f-66a5695222df,GH1,sys_h20_temp,29.4500,normal,1.00,2025-03-31 00:00:00+00,2025-08-09 06:58:58.765837+00
317,5c5bc271-66b8-4b72-bb5f-66a5695222df,GH1,sys_h20_temp,31.3800,normal,1.00,2025-04-01 00:00:00+00,2025-08-09 06:58:58.765837+00
318,5c5bc271-66b8-4b72-bb5f-66a5695222df,GH1,sys_h20_temp,31.8500,normal,1.00,2025-04-02 00:00:00+00,2025-08-09 06:58:58.765837+00
319,5c5bc271-66b8-4b72-bb5f-66a5695222df,GH1,sys_h20_temp,32.3800,normal,1.00,2025-04-03 00:00:00+00,2025-08-09 06:58:58.765837+00
320,5c5bc271-66b8-4b72-bb5f-66a5695222df,GH1,sys_h20_temp,31.2500,normal,1.00,2025-04-04 00:00:00+00,2025-08-09 06:58:58.765837+00
321,5c5bc271-66b8-4b72-bb5f-66a5695222df,GH1,sys_h20_temp,31.3500,normal,1.00,2025-04-05 00:00:00+00,2025-08-09 06:58:58.765837+00
322,5c5bc271-66b8-4b72-bb5f-66a5695222df,GH1,sys_h20_temp,31.2000,normal,1.00,2025-04-06 00:00:00+00,2025-08-09 06:58:58.765837+00
323,5c5bc271-66b8-4b72-bb5f-66a5695222df,GH1,sys_h20_temp,35.5500,normal,1.00,2025-04-07 00:00:00+00,2025-08-09 06:58:58.765837+00
324,5c5bc271-66b8-4b72-bb5f-66a5695222df,GH1,sys_h20_temp,35.8800,normal,1.00,2025-04-08 00:00:00+00,2025-08-09 06:58:58.765837+00
325,5c5bc271-66b8-4b72-bb5f-66a5695222df,GH1,sys_h20_temp,30.9500,normal,1.00,2025-04-09 00:00:00+00,2025-08-09 06:58:58.765837+00
326,5c5bc271-66b8-4b72-bb5f-66a5695222df,GH1,sys_h20_temp,31.2500,normal,1.00,2025-04-10 00:00:00+00,2025-08-09 06:58:58.765837+00
327,5c5bc271-66b8-4b72-bb5f-66a5695222df,GH1,sys_h20_temp,30.3800,normal,1.00,2025-04-11 00:00:00+00,2025-08-09 06:58:58.765837+00
328,5c5bc271-66b8-4b72-bb5f-66a5695222df,GH1,sys_h20_temp,31.9800,normal,1.00,2025-04-12 00:00:00+00,2025-08-09 06:58:58.765837+00
329,5c5bc271-66b8-4b72-bb5f-66a5695222df,GH1,sys_h20_temp,31.7300,normal,1.00,2025-04-13 00:00:00+00,2025-08-09 06:58:58.765837+00
330,5c5bc271-66b8-4b72-bb5f-66a5695222df,GH1,sys_h20_temp,31.2000,normal,1.00,2025-04-14 00:00:00+00,2025-08-09 06:58:58.765837+00
331,5c5bc271-66b8-4b72-bb5f-66a5695222df,GH1,sys_h20_temp,32.2300,normal,1.00,2025-04-15 00:00:00+00,2025-08-09 06:58:58.765837+00
332,5c5bc271-66b8-4b72-bb5f-66a5695222df,GH1,sys_h20_temp,32.2500,normal,1.00,2025-04-16 00:00:00+00,2025-08-09 06:58:58.765837+00
333,5c5bc271-66b8-4b72-bb5f-66a5695222df,GH1,sys_h20_temp,31.4500,normal,1.00,2025-04-17 00:00:00+00,2025-08-09 06:58:58.765837+00
334,5c5bc271-66b8-4b72-bb5f-66a5695222df,GH1,sys_h20_temp,32.6800,normal,1.00,2025-04-18 00:00:00+00,2025-08-09 06:58:58.765837+00
335,5c5bc271-66b8-4b72-bb5f-66a5695222df,GH1,sys_h20_temp,31.5000,normal,1.00,2025-04-19 00:00:00+00,2025-08-09 06:58:58.765837+00
336,5c5bc271-66b8-4b72-bb5f-66a5695222df,GH1,sys_h20_temp,32.0800,normal,1.00,2025-04-20 00:00:00+00,2025-08-09 06:58:58.765837+00
337,5c5bc271-66b8-4b72-bb5f-66a5695222df,GH1,sys_gh_temp,29.0000,normal,1.00,2024-12-30 00:00:00+00,2025-08-09 06:58:58.765837+00
338,5c5bc271-66b8-4b72-bb5f-66a5695222df,GH1,sys_gh_temp,31.9000,normal,1.00,2024-12-31 00:00:00+00,2025-08-09 06:58:58.765837+00
339,5c5bc271-66b8-4b72-bb5f-66a5695222df,GH1,sys_gh_temp,28.1000,normal,1.00,2025-01-01 00:00:00+00,2025-08-09 06:58:58.765837+00
340,5c5bc271-66b8-4b72-bb5f-66a5695222df,GH1,sys_gh_temp,30.0000,normal,1.00,2025-01-02 00:00:00+00,2025-08-09 06:58:58.765837+00
341,5c5bc271-66b8-4b72-bb5f-66a5695222df,GH1,sys_gh_temp,29.5000,normal,1.00,2025-01-03 00:00:00+00,2025-08-09 06:58:58.765837+00
342,5c5bc271-66b8-4b72-bb5f-66a5695222df,GH1,sys_gh_temp,30.6000,normal,1.00,2025-01-04 00:00:00+00,2025-08-09 06:58:58.765837+00
343,5c5bc271-66b8-4b72-bb5f-66a5695222df,GH1,sys_gh_temp,30.5000,normal,1.00,2025-01-05 00:00:00+00,2025-08-09 06:58:58.765837+00
344,5c5bc271-66b8-4b72-bb5f-66a5695222df,GH1,sys_gh_temp,31.6000,normal,1.00,2025-01-06 00:00:00+00,2025-08-09 06:58:58.765837+00
345,5c5bc271-66b8-4b72-bb5f-66a5695222df,GH1,sys_gh_temp,28.7000,normal,1.00,2025-01-07 00:00:00+00,2025-08-09 06:58:58.765837+00
346,5c5bc271-66b8-4b72-bb5f-66a5695222df,GH1,sys_gh_temp,29.9000,normal,1.00,2025-01-08 00:00:00+00,2025-08-09 06:58:58.765837+00
347,5c5bc271-66b8-4b72-bb5f-66a5695222df,GH1,sys_gh_temp,30.5000,normal,1.00,2025-01-09 00:00:00+00,2025-08-09 06:58:58.765837+00
348,5c5bc271-66b8-4b72-bb5f-66a5695222df,GH1,sys_gh_temp,29.4000,normal,1.00,2025-01-10 00:00:00+00,2025-08-09 06:58:58.765837+00
349,5c5bc271-66b8-4b72-bb5f-66a5695222df,GH1,sys_gh_temp,31.2000,normal,1.00,2025-01-11 00:00:00+00,2025-08-09 06:58:58.765837+00
350,5c5bc271-66b8-4b72-bb5f-66a5695222df,GH1,sys_gh_temp,27.5000,normal,1.00,2025-01-12 00:00:00+00,2025-08-09 06:58:58.765837+00
351,5c5bc271-66b8-4b72-bb5f-66a5695222df,GH1,sys_gh_temp,29.6000,normal,1.00,2025-01-13 00:00:00+00,2025-08-09 06:58:58.765837+00
352,5c5bc271-66b8-4b72-bb5f-66a5695222df,GH1,sys_gh_temp,28.5000,normal,1.00,2025-01-14 00:00:00+00,2025-08-09 06:58:58.765837+00
353,5c5bc271-66b8-4b72-bb5f-66a5695222df,GH1,sys_gh_temp,30.2000,normal,1.00,2025-01-15 00:00:00+00,2025-08-09 06:58:58.765837+00
354,5c5bc271-66b8-4b72-bb5f-66a5695222df,GH1,sys_gh_temp,30.3000,normal,1.00,2025-01-16 00:00:00+00,2025-08-09 06:58:58.765837+00
355,5c5bc271-66b8-4b72-bb5f-66a5695222df,GH1,sys_gh_temp,31.2000,normal,1.00,2025-01-17 00:00:00+00,2025-08-09 06:58:58.765837+00
356,5c5bc271-66b8-4b72-bb5f-66a5695222df,GH1,sys_gh_temp,31.6000,normal,1.00,2025-01-18 00:00:00+00,2025-08-09 06:58:58.765837+00
357,5c5bc271-66b8-4b72-bb5f-66a5695222df,GH1,sys_gh_temp,30.1000,normal,1.00,2025-01-19 00:00:00+00,2025-08-09 06:58:58.765837+00
358,5c5bc271-66b8-4b72-bb5f-66a5695222df,GH1,sys_gh_temp,30.5000,normal,1.00,2025-01-20 00:00:00+00,2025-08-09 06:58:58.765837+00
359,5c5bc271-66b8-4b72-bb5f-66a5695222df,GH1,sys_gh_temp,30.4000,normal,1.00,2025-01-21 00:00:00+00,2025-08-09 06:58:58.765837+00
360,5c5bc271-66b8-4b72-bb5f-66a5695222df,GH1,sys_gh_temp,31.1000,normal,1.00,2025-01-22 00:00:00+00,2025-08-09 06:58:58.765837+00
361,5c5bc271-66b8-4b72-bb5f-66a5695222df,GH1,sys_gh_temp,31.5000,normal,1.00,2025-01-23 00:00:00+00,2025-08-09 06:58:58.765837+00
362,5c5bc271-66b8-4b72-bb5f-66a5695222df,GH1,sys_gh_temp,32.3000,normal,1.00,2025-01-24 00:00:00+00,2025-08-09 06:58:58.765837+00
363,5c5bc271-66b8-4b72-bb5f-66a5695222df,GH1,sys_gh_temp,32.2000,normal,1.00,2025-01-25 00:00:00+00,2025-08-09 06:58:58.765837+00
364,5c5bc271-66b8-4b72-bb5f-66a5695222df,GH1,sys_gh_temp,31.2000,normal,1.00,2025-01-26 00:00:00+00,2025-08-09 06:58:58.765837+00
365,5c5bc271-66b8-4b72-bb5f-66a5695222df,GH1,sys_gh_temp,31.4000,normal,1.00,2025-01-27 00:00:00+00,2025-08-09 06:58:58.765837+00
366,5c5bc271-66b8-4b72-bb5f-66a5695222df,GH1,sys_gh_temp,28.5000,normal,1.00,2025-01-28 00:00:00+00,2025-08-09 06:58:58.765837+00
367,5c5bc271-66b8-4b72-bb5f-66a5695222df,GH1,sys_gh_temp,30.4000,normal,1.00,2025-01-29 00:00:00+00,2025-08-09 06:58:58.765837+00
368,5c5bc271-66b8-4b72-bb5f-66a5695222df,GH1,sys_gh_temp,28.7000,normal,1.00,2025-01-30 00:00:00+00,2025-08-09 06:58:58.765837+00
369,5c5bc271-66b8-4b72-bb5f-66a5695222df,GH1,sys_gh_temp,31.1000,normal,1.00,2025-01-31 00:00:00+00,2025-08-09 06:58:58.765837+00
370,5c5bc271-66b8-4b72-bb5f-66a5695222df,GH1,sys_gh_temp,32.9000,normal,1.00,2025-02-01 00:00:00+00,2025-08-09 06:58:58.765837+00
371,5c5bc271-66b8-4b72-bb5f-66a5695222df,GH1,sys_gh_temp,33.1000,normal,1.00,2025-02-02 00:00:00+00,2025-08-09 06:58:58.765837+00
372,5c5bc271-66b8-4b72-bb5f-66a5695222df,GH1,sys_gh_temp,31.0000,normal,1.00,2025-02-03 00:00:00+00,2025-08-09 06:58:58.765837+00
373,5c5bc271-66b8-4b72-bb5f-66a5695222df,GH1,sys_gh_temp,28.2000,normal,1.00,2025-02-04 00:00:00+00,2025-08-09 06:58:58.765837+00
374,5c5bc271-66b8-4b72-bb5f-66a5695222df,GH1,sys_gh_temp,31.7000,normal,1.00,2025-02-05 00:00:00+00,2025-08-09 06:58:58.765837+00
375,5c5bc271-66b8-4b72-bb5f-66a5695222df,GH1,sys_gh_temp,28.7000,normal,1.00,2025-02-06 00:00:00+00,2025-08-09 06:58:58.765837+00
376,5c5bc271-66b8-4b72-bb5f-66a5695222df,GH1,sys_gh_temp,28.3000,normal,1.00,2025-02-07 00:00:00+00,2025-08-09 06:58:58.765837+00
377,5c5bc271-66b8-4b72-bb5f-66a5695222df,GH1,sys_gh_temp,28.5000,normal,1.00,2025-02-08 00:00:00+00,2025-08-09 06:58:58.765837+00
378,5c5bc271-66b8-4b72-bb5f-66a5695222df,GH1,sys_gh_temp,31.0000,normal,1.00,2025-02-09 00:00:00+00,2025-08-09 06:58:58.765837+00
379,5c5bc271-66b8-4b72-bb5f-66a5695222df,GH1,sys_gh_temp,28.3300,normal,1.00,2025-02-10 00:00:00+00,2025-08-09 06:58:58.765837+00
380,5c5bc271-66b8-4b72-bb5f-66a5695222df,GH1,sys_gh_temp,28.4000,normal,1.00,2025-02-11 00:00:00+00,2025-08-09 06:58:58.765837+00
381,5c5bc271-66b8-4b72-bb5f-66a5695222df,GH1,sys_gh_temp,35.2800,normal,1.00,2025-02-12 00:00:00+00,2025-08-09 06:58:58.765837+00
382,5c5bc271-66b8-4b72-bb5f-66a5695222df,GH1,sys_gh_temp,34.4800,normal,1.00,2025-02-13 00:00:00+00,2025-08-09 06:58:58.765837+00
383,5c5bc271-66b8-4b72-bb5f-66a5695222df,GH1,sys_gh_temp,32.0500,normal,1.00,2025-02-14 00:00:00+00,2025-08-09 06:58:58.765837+00
384,5c5bc271-66b8-4b72-bb5f-66a5695222df,GH1,sys_gh_temp,33.0000,normal,1.00,2025-02-15 00:00:00+00,2025-08-09 06:58:58.765837+00
385,5c5bc271-66b8-4b72-bb5f-66a5695222df,GH1,sys_gh_temp,34.3500,normal,1.00,2025-02-16 00:00:00+00,2025-08-09 06:58:58.765837+00
386,5c5bc271-66b8-4b72-bb5f-66a5695222df,GH1,sys_gh_temp,34.3000,normal,1.00,2025-02-17 00:00:00+00,2025-08-09 06:58:58.765837+00
387,5c5bc271-66b8-4b72-bb5f-66a5695222df,GH1,sys_gh_temp,31.5800,normal,1.00,2025-02-18 00:00:00+00,2025-08-09 06:58:58.765837+00
388,5c5bc271-66b8-4b72-bb5f-66a5695222df,GH1,sys_gh_temp,30.7300,normal,1.00,2025-02-19 00:00:00+00,2025-08-09 06:58:58.765837+00
389,5c5bc271-66b8-4b72-bb5f-66a5695222df,GH1,sys_gh_temp,29.7000,normal,1.00,2025-02-20 00:00:00+00,2025-08-09 06:58:58.765837+00
390,5c5bc271-66b8-4b72-bb5f-66a5695222df,GH1,sys_gh_temp,29.5800,normal,1.00,2025-02-21 00:00:00+00,2025-08-09 06:58:58.765837+00
391,5c5bc271-66b8-4b72-bb5f-66a5695222df,GH1,sys_gh_temp,27.7800,normal,1.00,2025-02-22 00:00:00+00,2025-08-09 06:58:58.765837+00
392,5c5bc271-66b8-4b72-bb5f-66a5695222df,GH1,sys_gh_temp,34.3000,normal,1.00,2025-02-23 00:00:00+00,2025-08-09 06:58:58.765837+00
393,5c5bc271-66b8-4b72-bb5f-66a5695222df,GH1,sys_gh_temp,30.2000,normal,1.00,2025-02-24 00:00:00+00,2025-08-09 06:58:58.765837+00
394,5c5bc271-66b8-4b72-bb5f-66a5695222df,GH1,sys_gh_temp,29.8300,normal,1.00,2025-02-25 00:00:00+00,2025-08-09 06:58:58.765837+00
395,5c5bc271-66b8-4b72-bb5f-66a5695222df,GH1,sys_gh_temp,32.7800,normal,1.00,2025-02-26 00:00:00+00,2025-08-09 06:58:58.765837+00
396,5c5bc271-66b8-4b72-bb5f-66a5695222df,GH1,sys_gh_temp,31.6000,normal,1.00,2025-02-27 00:00:00+00,2025-08-09 06:58:58.765837+00
397,5c5bc271-66b8-4b72-bb5f-66a5695222df,GH1,sys_gh_temp,32.5300,normal,1.00,2025-02-28 00:00:00+00,2025-08-09 06:58:58.765837+00
398,5c5bc271-66b8-4b72-bb5f-66a5695222df,GH1,sys_gh_temp,33.5000,normal,1.00,2025-03-01 00:00:00+00,2025-08-09 06:58:58.765837+00
399,5c5bc271-66b8-4b72-bb5f-66a5695222df,GH1,sys_gh_temp,36.8300,normal,1.00,2025-03-02 00:00:00+00,2025-08-09 06:58:58.765837+00
400,5c5bc271-66b8-4b72-bb5f-66a5695222df,GH1,sys_gh_temp,31.7000,normal,1.00,2025-03-03 00:00:00+00,2025-08-09 06:58:58.765837+00
401,5c5bc271-66b8-4b72-bb5f-66a5695222df,GH1,sys_gh_temp,36.6500,normal,1.00,2025-03-04 00:00:00+00,2025-08-09 06:58:58.765837+00
402,5c5bc271-66b8-4b72-bb5f-66a5695222df,GH1,sys_gh_temp,38.4000,normal,1.00,2025-03-05 00:00:00+00,2025-08-09 06:58:58.765837+00
403,5c5bc271-66b8-4b72-bb5f-66a5695222df,GH1,sys_gh_temp,36.2800,normal,1.00,2025-03-06 00:00:00+00,2025-08-09 06:58:58.765837+00
404,5c5bc271-66b8-4b72-bb5f-66a5695222df,GH1,sys_gh_temp,33.1800,normal,1.00,2025-03-07 00:00:00+00,2025-08-09 06:58:58.765837+00
405,5c5bc271-66b8-4b72-bb5f-66a5695222df,GH1,sys_gh_temp,30.5300,normal,1.00,2025-03-08 00:00:00+00,2025-08-09 06:58:58.765837+00
406,5c5bc271-66b8-4b72-bb5f-66a5695222df,GH1,sys_gh_temp,31.7000,normal,1.00,2025-03-09 00:00:00+00,2025-08-09 06:58:58.765837+00
407,5c5bc271-66b8-4b72-bb5f-66a5695222df,GH1,sys_gh_temp,30.7000,normal,1.00,2025-03-10 00:00:00+00,2025-08-09 06:58:58.765837+00
408,5c5bc271-66b8-4b72-bb5f-66a5695222df,GH1,sys_gh_temp,34.1000,normal,1.00,2025-03-11 00:00:00+00,2025-08-09 06:58:58.765837+00
409,5c5bc271-66b8-4b72-bb5f-66a5695222df,GH1,sys_gh_temp,36.0000,normal,1.00,2025-03-12 00:00:00+00,2025-08-09 06:58:58.765837+00
410,5c5bc271-66b8-4b72-bb5f-66a5695222df,GH1,sys_gh_temp,35.6000,normal,1.00,2025-03-13 00:00:00+00,2025-08-09 06:58:58.765837+00
411,5c5bc271-66b8-4b72-bb5f-66a5695222df,GH1,sys_gh_temp,34.4800,normal,1.00,2025-03-14 00:00:00+00,2025-08-09 06:58:58.765837+00
412,5c5bc271-66b8-4b72-bb5f-66a5695222df,GH1,sys_gh_temp,33.4000,normal,1.00,2025-03-15 00:00:00+00,2025-08-09 06:58:58.765837+00
413,5c5bc271-66b8-4b72-bb5f-66a5695222df,GH1,sys_gh_temp,30.5300,normal,1.00,2025-03-17 00:00:00+00,2025-08-09 06:58:58.765837+00
414,5c5bc271-66b8-4b72-bb5f-66a5695222df,GH1,sys_gh_temp,30.6000,normal,1.00,2025-03-18 00:00:00+00,2025-08-09 06:58:58.765837+00
415,5c5bc271-66b8-4b72-bb5f-66a5695222df,GH1,sys_gh_temp,30.1300,normal,1.00,2025-03-19 00:00:00+00,2025-08-09 06:58:58.765837+00
416,5c5bc271-66b8-4b72-bb5f-66a5695222df,GH1,sys_gh_temp,28.0300,normal,1.00,2025-03-20 00:00:00+00,2025-08-09 06:58:58.765837+00
417,5c5bc271-66b8-4b72-bb5f-66a5695222df,GH1,sys_gh_temp,28.7000,normal,1.00,2025-03-21 00:00:00+00,2025-08-09 06:58:58.765837+00
418,5c5bc271-66b8-4b72-bb5f-66a5695222df,GH1,sys_gh_temp,31.0800,normal,1.00,2025-03-22 00:00:00+00,2025-08-09 06:58:58.765837+00
419,5c5bc271-66b8-4b72-bb5f-66a5695222df,GH1,sys_gh_temp,33.4300,normal,1.00,2025-03-23 00:00:00+00,2025-08-09 06:58:58.765837+00
420,5c5bc271-66b8-4b72-bb5f-66a5695222df,GH1,sys_gh_temp,32.6000,normal,1.00,2025-03-24 00:00:00+00,2025-08-09 06:58:58.765837+00
421,5c5bc271-66b8-4b72-bb5f-66a5695222df,GH1,sys_gh_temp,35.5000,normal,1.00,2025-03-25 00:00:00+00,2025-08-09 06:58:58.765837+00
422,5c5bc271-66b8-4b72-bb5f-66a5695222df,GH1,sys_gh_temp,35.8000,normal,1.00,2025-03-26 00:00:00+00,2025-08-09 06:58:58.765837+00
423,5c5bc271-66b8-4b72-bb5f-66a5695222df,GH1,sys_gh_temp,33.7500,normal,1.00,2025-03-27 00:00:00+00,2025-08-09 06:58:58.765837+00
424,5c5bc271-66b8-4b72-bb5f-66a5695222df,GH1,sys_gh_temp,37.3500,normal,1.00,2025-03-28 00:00:00+00,2025-08-09 06:58:58.765837+00
425,5c5bc271-66b8-4b72-bb5f-66a5695222df,GH1,sys_gh_temp,29.6300,normal,1.00,2025-03-29 00:00:00+00,2025-08-09 06:58:58.765837+00
426,5c5bc271-66b8-4b72-bb5f-66a5695222df,GH1,sys_gh_temp,32.1300,normal,1.00,2025-03-30 00:00:00+00,2025-08-09 06:58:58.765837+00
427,5c5bc271-66b8-4b72-bb5f-66a5695222df,GH1,sys_gh_temp,34.3500,normal,1.00,2025-03-31 00:00:00+00,2025-08-09 06:58:58.765837+00
428,5c5bc271-66b8-4b72-bb5f-66a5695222df,GH1,sys_gh_temp,37.0800,normal,1.00,2025-04-01 00:00:00+00,2025-08-09 06:58:58.765837+00
429,5c5bc271-66b8-4b72-bb5f-66a5695222df,GH1,sys_gh_temp,36.5000,normal,1.00,2025-04-02 00:00:00+00,2025-08-09 06:58:58.765837+00
430,5c5bc271-66b8-4b72-bb5f-66a5695222df,GH1,sys_gh_temp,35.5300,normal,1.00,2025-04-03 00:00:00+00,2025-08-09 06:58:58.765837+00
431,5c5bc271-66b8-4b72-bb5f-66a5695222df,GH1,sys_gh_temp,36.6000,normal,1.00,2025-04-04 00:00:00+00,2025-08-09 06:58:58.765837+00
432,5c5bc271-66b8-4b72-bb5f-66a5695222df,GH1,sys_gh_temp,31.1300,normal,1.00,2025-04-05 00:00:00+00,2025-08-09 06:58:58.765837+00
433,5c5bc271-66b8-4b72-bb5f-66a5695222df,GH1,sys_gh_temp,35.4300,normal,1.00,2025-04-06 00:00:00+00,2025-08-09 06:58:58.765837+00
434,5c5bc271-66b8-4b72-bb5f-66a5695222df,GH1,sys_gh_temp,35.5300,normal,1.00,2025-04-07 00:00:00+00,2025-08-09 06:58:58.765837+00
435,5c5bc271-66b8-4b72-bb5f-66a5695222df,GH1,sys_gh_temp,34.6800,normal,1.00,2025-04-08 00:00:00+00,2025-08-09 06:58:58.765837+00
436,5c5bc271-66b8-4b72-bb5f-66a5695222df,GH1,sys_gh_temp,36.8800,normal,1.00,2025-04-09 00:00:00+00,2025-08-09 06:58:58.765837+00
437,5c5bc271-66b8-4b72-bb5f-66a5695222df,GH1,sys_gh_temp,36.6800,normal,1.00,2025-04-10 00:00:00+00,2025-08-09 06:58:58.765837+00
438,5c5bc271-66b8-4b72-bb5f-66a5695222df,GH1,sys_gh_temp,35.2500,normal,1.00,2025-04-11 00:00:00+00,2025-08-09 06:58:58.765837+00
439,5c5bc271-66b8-4b72-bb5f-66a5695222df,GH1,sys_gh_temp,37.2800,normal,1.00,2025-04-12 00:00:00+00,2025-08-09 06:58:58.765837+00
440,5c5bc271-66b8-4b72-bb5f-66a5695222df,GH1,sys_gh_temp,35.5000,normal,1.00,2025-04-13 00:00:00+00,2025-08-09 06:58:58.765837+00
441,5c5bc271-66b8-4b72-bb5f-66a5695222df,GH1,sys_gh_temp,35.7300,normal,1.00,2025-04-14 00:00:00+00,2025-08-09 06:58:58.765837+00
442,5c5bc271-66b8-4b72-bb5f-66a5695222df,GH1,sys_gh_temp,36.0800,normal,1.00,2025-04-15 00:00:00+00,2025-08-09 06:58:58.765837+00
443,5c5bc271-66b8-4b72-bb5f-66a5695222df,GH1,sys_gh_temp,37.2500,normal,1.00,2025-04-16 00:00:00+00,2025-08-09 06:58:58.765837+00
444,5c5bc271-66b8-4b72-bb5f-66a5695222df,GH1,sys_gh_temp,37.7800,normal,1.00,2025-04-17 00:00:00+00,2025-08-09 06:58:58.765837+00
445,5c5bc271-66b8-4b72-bb5f-66a5695222df,GH1,sys_gh_temp,38.9300,normal,1.00,2025-04-18 00:00:00+00,2025-08-09 06:58:58.765837+00
446,5c5bc271-66b8-4b72-bb5f-66a5695222df,GH1,sys_gh_temp,36.3560,normal,1.00,2025-04-19 00:00:00+00,2025-08-09 06:58:58.765837+00
447,5c5bc271-66b8-4b72-bb5f-66a5695222df,GH1,sys_gh_temp,36.4300,normal,1.00,2025-04-20 00:00:00+00,2025-08-09 06:58:58.765837+00
448,5c5bc271-66b8-4b72-bb5f-66a5695222df,GH1,sys_gh_rh,55.0000,normal,1.00,2024-12-30 00:00:00+00,2025-08-09 06:58:58.765837+00
449,5c5bc271-66b8-4b72-bb5f-66a5695222df,GH1,sys_gh_rh,48.0000,normal,1.00,2024-12-31 00:00:00+00,2025-08-09 06:58:58.765837+00
450,5c5bc271-66b8-4b72-bb5f-66a5695222df,GH1,sys_gh_rh,57.0000,normal,1.00,2025-01-01 00:00:00+00,2025-08-09 06:58:58.765837+00
451,5c5bc271-66b8-4b72-bb5f-66a5695222df,GH1,sys_gh_rh,46.0000,normal,1.00,2025-01-02 00:00:00+00,2025-08-09 06:58:58.765837+00
452,5c5bc271-66b8-4b72-bb5f-66a5695222df,GH1,sys_gh_rh,49.0000,normal,1.00,2025-01-03 00:00:00+00,2025-08-09 06:58:58.765837+00
453,5c5bc271-66b8-4b72-bb5f-66a5695222df,GH1,sys_gh_rh,47.0000,normal,1.00,2025-01-04 00:00:00+00,2025-08-09 06:58:58.765837+00
454,5c5bc271-66b8-4b72-bb5f-66a5695222df,GH1,sys_gh_rh,41.0000,normal,1.00,2025-01-05 00:00:00+00,2025-08-09 06:58:58.765837+00
455,5c5bc271-66b8-4b72-bb5f-66a5695222df,GH1,sys_gh_rh,41.0000,normal,1.00,2025-01-06 00:00:00+00,2025-08-09 06:58:58.765837+00
456,5c5bc271-66b8-4b72-bb5f-66a5695222df,GH1,sys_gh_rh,46.0000,normal,1.00,2025-01-07 00:00:00+00,2025-08-09 06:58:58.765837+00
457,5c5bc271-66b8-4b72-bb5f-66a5695222df,GH1,sys_gh_rh,43.0000,normal,1.00,2025-01-08 00:00:00+00,2025-08-09 06:58:58.765837+00
458,5c5bc271-66b8-4b72-bb5f-66a5695222df,GH1,sys_gh_rh,40.0000,normal,1.00,2025-01-09 00:00:00+00,2025-08-09 06:58:58.765837+00
459,5c5bc271-66b8-4b72-bb5f-66a5695222df,GH1,sys_gh_rh,45.0000,normal,1.00,2025-01-10 00:00:00+00,2025-08-09 06:58:58.765837+00
460,5c5bc271-66b8-4b72-bb5f-66a5695222df,GH1,sys_gh_rh,46.0000,normal,1.00,2025-01-11 00:00:00+00,2025-08-09 06:58:58.765837+00
461,5c5bc271-66b8-4b72-bb5f-66a5695222df,GH1,sys_gh_rh,48.0000,normal,1.00,2025-01-12 00:00:00+00,2025-08-09 06:58:58.765837+00
462,5c5bc271-66b8-4b72-bb5f-66a5695222df,GH1,sys_gh_rh,46.0000,normal,1.00,2025-01-13 00:00:00+00,2025-08-09 06:58:58.765837+00
463,5c5bc271-66b8-4b72-bb5f-66a5695222df,GH1,sys_gh_rh,48.0000,normal,1.00,2025-01-14 00:00:00+00,2025-08-09 06:58:58.765837+00
464,5c5bc271-66b8-4b72-bb5f-66a5695222df,GH1,sys_gh_rh,46.0000,normal,1.00,2025-01-15 00:00:00+00,2025-08-09 06:58:58.765837+00
465,5c5bc271-66b8-4b72-bb5f-66a5695222df,GH1,sys_gh_rh,44.0000,normal,1.00,2025-01-16 00:00:00+00,2025-08-09 06:58:58.765837+00
466,5c5bc271-66b8-4b72-bb5f-66a5695222df,GH1,sys_gh_rh,42.0000,normal,1.00,2025-01-17 00:00:00+00,2025-08-09 06:58:58.765837+00
467,5c5bc271-66b8-4b72-bb5f-66a5695222df,GH1,sys_gh_rh,42.0000,normal,1.00,2025-01-18 00:00:00+00,2025-08-09 06:58:58.765837+00
468,5c5bc271-66b8-4b72-bb5f-66a5695222df,GH1,sys_gh_rh,46.0000,normal,1.00,2025-01-19 00:00:00+00,2025-08-09 06:58:58.765837+00
469,5c5bc271-66b8-4b72-bb5f-66a5695222df,GH1,sys_gh_rh,47.0000,normal,1.00,2025-01-20 00:00:00+00,2025-08-09 06:58:58.765837+00
470,5c5bc271-66b8-4b72-bb5f-66a5695222df,GH1,sys_gh_rh,45.0000,normal,1.00,2025-01-21 00:00:00+00,2025-08-09 06:58:58.765837+00
471,5c5bc271-66b8-4b72-bb5f-66a5695222df,GH1,sys_gh_rh,40.0000,normal,1.00,2025-01-22 00:00:00+00,2025-08-09 06:58:58.765837+00
472,5c5bc271-66b8-4b72-bb5f-66a5695222df,GH1,sys_gh_rh,42.0000,normal,1.00,2025-01-23 00:00:00+00,2025-08-09 06:58:58.765837+00
473,5c5bc271-66b8-4b72-bb5f-66a5695222df,GH1,sys_gh_rh,42.0000,normal,1.00,2025-01-24 00:00:00+00,2025-08-09 06:58:58.765837+00
474,5c5bc271-66b8-4b72-bb5f-66a5695222df,GH1,sys_gh_rh,74.0000,normal,1.00,2025-01-25 00:00:00+00,2025-08-09 06:58:58.765837+00
475,5c5bc271-66b8-4b72-bb5f-66a5695222df,GH1,sys_gh_rh,41.0000,normal,1.00,2025-01-26 00:00:00+00,2025-08-09 06:58:58.765837+00
476,5c5bc271-66b8-4b72-bb5f-66a5695222df,GH1,sys_gh_rh,39.0000,normal,1.00,2025-01-27 00:00:00+00,2025-08-09 06:58:58.765837+00
477,5c5bc271-66b8-4b72-bb5f-66a5695222df,GH1,sys_gh_rh,43.0000,normal,1.00,2025-01-28 00:00:00+00,2025-08-09 06:58:58.765837+00
478,5c5bc271-66b8-4b72-bb5f-66a5695222df,GH1,sys_gh_rh,37.0000,normal,1.00,2025-01-29 00:00:00+00,2025-08-09 06:58:58.765837+00
479,5c5bc271-66b8-4b72-bb5f-66a5695222df,GH1,sys_gh_rh,40.0000,normal,1.00,2025-01-30 00:00:00+00,2025-08-09 06:58:58.765837+00
480,5c5bc271-66b8-4b72-bb5f-66a5695222df,GH1,sys_gh_rh,44.0000,normal,1.00,2025-01-31 00:00:00+00,2025-08-09 06:58:58.765837+00
481,5c5bc271-66b8-4b72-bb5f-66a5695222df,GH1,sys_gh_rh,37.0000,normal,1.00,2025-02-01 00:00:00+00,2025-08-09 06:58:58.765837+00
482,5c5bc271-66b8-4b72-bb5f-66a5695222df,GH1,sys_gh_rh,43.0000,normal,1.00,2025-02-02 00:00:00+00,2025-08-09 06:58:58.765837+00
483,5c5bc271-66b8-4b72-bb5f-66a5695222df,GH1,sys_gh_rh,43.0000,normal,1.00,2025-02-03 00:00:00+00,2025-08-09 06:58:58.765837+00
484,5c5bc271-66b8-4b72-bb5f-66a5695222df,GH1,sys_gh_rh,79.0000,normal,1.00,2025-02-04 00:00:00+00,2025-08-09 06:58:58.765837+00
485,5c5bc271-66b8-4b72-bb5f-66a5695222df,GH1,sys_gh_rh,39.0000,normal,1.00,2025-02-05 00:00:00+00,2025-08-09 06:58:58.765837+00
486,5c5bc271-66b8-4b72-bb5f-66a5695222df,GH1,sys_gh_rh,44.0000,normal,1.00,2025-02-06 00:00:00+00,2025-08-09 06:58:58.765837+00
487,5c5bc271-66b8-4b72-bb5f-66a5695222df,GH1,sys_gh_rh,51.0000,normal,1.00,2025-02-07 00:00:00+00,2025-08-09 06:58:58.765837+00
488,5c5bc271-66b8-4b72-bb5f-66a5695222df,GH1,sys_gh_rh,49.0000,normal,1.00,2025-02-08 00:00:00+00,2025-08-09 06:58:58.765837+00
489,5c5bc271-66b8-4b72-bb5f-66a5695222df,GH1,sys_gh_rh,41.0000,normal,1.00,2025-02-09 00:00:00+00,2025-08-09 06:58:58.765837+00
490,5c5bc271-66b8-4b72-bb5f-66a5695222df,GH1,sys_gh_rh,44.0000,normal,1.00,2025-02-10 00:00:00+00,2025-08-09 06:58:58.765837+00
491,5c5bc271-66b8-4b72-bb5f-66a5695222df,GH1,sys_gh_rh,51.7500,normal,1.00,2025-02-11 00:00:00+00,2025-08-09 06:58:58.765837+00
492,5c5bc271-66b8-4b72-bb5f-66a5695222df,GH1,sys_gh_rh,36.0000,normal,1.00,2025-02-12 00:00:00+00,2025-08-09 06:58:58.765837+00
493,5c5bc271-66b8-4b72-bb5f-66a5695222df,GH1,sys_gh_rh,39.2500,normal,1.00,2025-02-13 00:00:00+00,2025-08-09 06:58:58.765837+00
494,5c5bc271-66b8-4b72-bb5f-66a5695222df,GH1,sys_gh_rh,40.2500,normal,1.00,2025-02-14 00:00:00+00,2025-08-09 06:58:58.765837+00
495,5c5bc271-66b8-4b72-bb5f-66a5695222df,GH1,sys_gh_rh,39.0000,normal,1.00,2025-02-15 00:00:00+00,2025-08-09 06:58:58.765837+00
496,5c5bc271-66b8-4b72-bb5f-66a5695222df,GH1,sys_gh_rh,39.0000,normal,1.00,2025-02-16 00:00:00+00,2025-08-09 06:58:58.765837+00
497,5c5bc271-66b8-4b72-bb5f-66a5695222df,GH1,sys_gh_rh,38.0000,normal,1.00,2025-02-17 00:00:00+00,2025-08-09 06:58:58.765837+00
498,5c5bc271-66b8-4b72-bb5f-66a5695222df,GH1,sys_gh_rh,41.0000,normal,1.00,2025-02-18 00:00:00+00,2025-08-09 06:58:58.765837+00
499,5c5bc271-66b8-4b72-bb5f-66a5695222df,GH1,sys_gh_rh,37.5000,normal,1.00,2025-02-19 00:00:00+00,2025-08-09 06:58:58.765837+00
500,5c5bc271-66b8-4b72-bb5f-66a5695222df,GH1,sys_gh_rh,44.7500,normal,1.00,2025-02-20 00:00:00+00,2025-08-09 06:58:58.765837+00
501,5c5bc271-66b8-4b72-bb5f-66a5695222df,GH1,sys_gh_rh,43.0000,normal,1.00,2025-02-21 00:00:00+00,2025-08-09 06:58:58.765837+00
502,5c5bc271-66b8-4b72-bb5f-66a5695222df,GH1,sys_gh_rh,35.5000,normal,1.00,2025-02-22 00:00:00+00,2025-08-09 06:58:58.765837+00
503,5c5bc271-66b8-4b72-bb5f-66a5695222df,GH1,sys_gh_rh,33.5000,normal,1.00,2025-02-23 00:00:00+00,2025-08-09 06:58:58.765837+00
504,5c5bc271-66b8-4b72-bb5f-66a5695222df,GH1,sys_gh_rh,37.5000,normal,1.00,2025-02-24 00:00:00+00,2025-08-09 06:58:58.765837+00
505,5c5bc271-66b8-4b72-bb5f-66a5695222df,GH1,sys_gh_rh,38.5000,normal,1.00,2025-02-25 00:00:00+00,2025-08-09 06:58:58.765837+00
506,5c5bc271-66b8-4b72-bb5f-66a5695222df,GH1,sys_gh_rh,36.5000,normal,1.00,2025-02-26 00:00:00+00,2025-08-09 06:58:58.765837+00
507,5c5bc271-66b8-4b72-bb5f-66a5695222df,GH1,sys_gh_rh,36.2500,normal,1.00,2025-02-27 00:00:00+00,2025-08-09 06:58:58.765837+00
508,5c5bc271-66b8-4b72-bb5f-66a5695222df,GH1,sys_gh_rh,45.7500,normal,1.00,2025-02-28 00:00:00+00,2025-08-09 06:58:58.765837+00
509,5c5bc271-66b8-4b72-bb5f-66a5695222df,GH1,sys_gh_rh,52.2500,normal,1.00,2025-03-01 00:00:00+00,2025-08-09 06:58:58.765837+00
510,5c5bc271-66b8-4b72-bb5f-66a5695222df,GH1,sys_gh_rh,53.7500,normal,1.00,2025-03-02 00:00:00+00,2025-08-09 06:58:58.765837+00
511,5c5bc271-66b8-4b72-bb5f-66a5695222df,GH1,sys_gh_rh,61.0000,normal,1.00,2025-03-03 00:00:00+00,2025-08-09 06:58:58.765837+00
512,5c5bc271-66b8-4b72-bb5f-66a5695222df,GH1,sys_gh_rh,52.0000,normal,1.00,2025-03-04 00:00:00+00,2025-08-09 06:58:58.765837+00
513,5c5bc271-66b8-4b72-bb5f-66a5695222df,GH1,sys_gh_rh,51.0000,normal,1.00,2025-03-05 00:00:00+00,2025-08-09 06:58:58.765837+00
514,5c5bc271-66b8-4b72-bb5f-66a5695222df,GH1,sys_gh_rh,52.0000,normal,1.00,2025-03-06 00:00:00+00,2025-08-09 06:58:58.765837+00
515,5c5bc271-66b8-4b72-bb5f-66a5695222df,GH1,sys_gh_rh,59.7500,normal,1.00,2025-03-07 00:00:00+00,2025-08-09 06:58:58.765837+00
516,5c5bc271-66b8-4b72-bb5f-66a5695222df,GH1,sys_gh_rh,72.8000,normal,1.00,2025-03-08 00:00:00+00,2025-08-09 06:58:58.765837+00
517,5c5bc271-66b8-4b72-bb5f-66a5695222df,GH1,sys_gh_rh,65.7500,normal,1.00,2025-03-09 00:00:00+00,2025-08-09 06:58:58.765837+00
518,5c5bc271-66b8-4b72-bb5f-66a5695222df,GH1,sys_gh_rh,57.5000,normal,1.00,2025-03-10 00:00:00+00,2025-08-09 06:58:58.765837+00
519,5c5bc271-66b8-4b72-bb5f-66a5695222df,GH1,sys_gh_rh,59.0000,normal,1.00,2025-03-11 00:00:00+00,2025-08-09 06:58:58.765837+00
520,5c5bc271-66b8-4b72-bb5f-66a5695222df,GH1,sys_gh_rh,53.5000,normal,1.00,2025-03-12 00:00:00+00,2025-08-09 06:58:58.765837+00
521,5c5bc271-66b8-4b72-bb5f-66a5695222df,GH1,sys_gh_rh,49.7500,normal,1.00,2025-03-13 00:00:00+00,2025-08-09 06:58:58.765837+00
522,5c5bc271-66b8-4b72-bb5f-66a5695222df,GH1,sys_gh_rh,53.5000,normal,1.00,2025-03-14 00:00:00+00,2025-08-09 06:58:58.765837+00
523,5c5bc271-66b8-4b72-bb5f-66a5695222df,GH1,sys_gh_rh,56.5000,normal,1.00,2025-03-15 00:00:00+00,2025-08-09 06:58:58.765837+00
524,5c5bc271-66b8-4b72-bb5f-66a5695222df,GH1,sys_gh_rh,50.2500,normal,1.00,2025-03-17 00:00:00+00,2025-08-09 06:58:58.765837+00
525,5c5bc271-66b8-4b72-bb5f-66a5695222df,GH1,sys_gh_rh,66.7500,normal,1.00,2025-03-18 00:00:00+00,2025-08-09 06:58:58.765837+00
526,5c5bc271-66b8-4b72-bb5f-66a5695222df,GH1,sys_gh_rh,68.0000,normal,1.00,2025-03-19 00:00:00+00,2025-08-09 06:58:58.765837+00
527,5c5bc271-66b8-4b72-bb5f-66a5695222df,GH1,sys_gh_rh,73.7500,normal,1.00,2025-03-20 00:00:00+00,2025-08-09 06:58:58.765837+00
528,5c5bc271-66b8-4b72-bb5f-66a5695222df,GH1,sys_gh_rh,66.7500,normal,1.00,2025-03-21 00:00:00+00,2025-08-09 06:58:58.765837+00
529,5c5bc271-66b8-4b72-bb5f-66a5695222df,GH1,sys_gh_rh,58.0000,normal,1.00,2025-03-22 00:00:00+00,2025-08-09 06:58:58.765837+00
530,5c5bc271-66b8-4b72-bb5f-66a5695222df,GH1,sys_gh_rh,55.7530,normal,1.00,2025-03-23 00:00:00+00,2025-08-09 06:58:58.765837+00
531,5c5bc271-66b8-4b72-bb5f-66a5695222df,GH1,sys_gh_rh,62.0000,normal,1.00,2025-03-24 00:00:00+00,2025-08-09 06:58:58.765837+00
532,5c5bc271-66b8-4b72-bb5f-66a5695222df,GH1,sys_gh_rh,5.0000,normal,1.00,2025-03-25 00:00:00+00,2025-08-09 06:58:58.765837+00
533,5c5bc271-66b8-4b72-bb5f-66a5695222df,GH1,sys_gh_rh,54.5000,normal,1.00,2025-03-26 00:00:00+00,2025-08-09 06:58:58.765837+00
534,5c5bc271-66b8-4b72-bb5f-66a5695222df,GH1,sys_gh_rh,65.0000,normal,1.00,2025-03-27 00:00:00+00,2025-08-09 06:58:58.765837+00
535,5c5bc271-66b8-4b72-bb5f-66a5695222df,GH1,sys_gh_rh,54.5000,normal,1.00,2025-03-28 00:00:00+00,2025-08-09 06:58:58.765837+00
536,5c5bc271-66b8-4b72-bb5f-66a5695222df,GH1,sys_gh_rh,74.5000,normal,1.00,2025-03-29 00:00:00+00,2025-08-09 06:58:58.765837+00
537,5c5bc271-66b8-4b72-bb5f-66a5695222df,GH1,sys_gh_rh,62.7500,normal,1.00,2025-03-30 00:00:00+00,2025-08-09 06:58:58.765837+00
538,5c5bc271-66b8-4b72-bb5f-66a5695222df,GH1,sys_gh_rh,59.2500,normal,1.00,2025-03-31 00:00:00+00,2025-08-09 06:58:58.765837+00
539,5c5bc271-66b8-4b72-bb5f-66a5695222df,GH1,sys_gh_rh,53.7500,normal,1.00,2025-04-01 00:00:00+00,2025-08-09 06:58:58.765837+00
540,5c5bc271-66b8-4b72-bb5f-66a5695222df,GH1,sys_gh_rh,52.5000,normal,1.00,2025-04-02 00:00:00+00,2025-08-09 06:58:58.765837+00
541,5c5bc271-66b8-4b72-bb5f-66a5695222df,GH1,sys_gh_rh,55.5000,normal,1.00,2025-04-03 00:00:00+00,2025-08-09 06:58:58.765837+00
542,5c5bc271-66b8-4b72-bb5f-66a5695222df,GH1,sys_gh_rh,54.5000,normal,1.00,2025-04-04 00:00:00+00,2025-08-09 06:58:58.765837+00
543,5c5bc271-66b8-4b72-bb5f-66a5695222df,GH1,sys_gh_rh,56.2500,normal,1.00,2025-04-05 00:00:00+00,2025-08-09 06:58:58.765837+00
544,5c5bc271-66b8-4b72-bb5f-66a5695222df,GH1,sys_gh_rh,55.0000,normal,1.00,2025-04-06 00:00:00+00,2025-08-09 06:58:58.765837+00
545,5c5bc271-66b8-4b72-bb5f-66a5695222df,GH1,sys_gh_rh,56.0000,normal,1.00,2025-04-07 00:00:00+00,2025-08-09 06:58:58.765837+00
546,5c5bc271-66b8-4b72-bb5f-66a5695222df,GH1,sys_gh_rh,57.7500,normal,1.00,2025-04-08 00:00:00+00,2025-08-09 06:58:58.765837+00
547,5c5bc271-66b8-4b72-bb5f-66a5695222df,GH1,sys_gh_rh,52.0000,normal,1.00,2025-04-09 00:00:00+00,2025-08-09 06:58:58.765837+00
548,5c5bc271-66b8-4b72-bb5f-66a5695222df,GH1,sys_gh_rh,52.0000,normal,1.00,2025-04-10 00:00:00+00,2025-08-09 06:58:58.765837+00
549,5c5bc271-66b8-4b72-bb5f-66a5695222df,GH1,sys_gh_rh,60.2500,normal,1.00,2025-04-11 00:00:00+00,2025-08-09 06:58:58.765837+00
550,5c5bc271-66b8-4b72-bb5f-66a5695222df,GH1,sys_gh_rh,54.0000,normal,1.00,2025-04-12 00:00:00+00,2025-08-09 06:58:58.765837+00
551,5c5bc271-66b8-4b72-bb5f-66a5695222df,GH1,sys_gh_rh,56.5000,normal,1.00,2025-04-13 00:00:00+00,2025-08-09 06:58:58.765837+00
552,5c5bc271-66b8-4b72-bb5f-66a5695222df,GH1,sys_gh_rh,56.0000,normal,1.00,2025-04-14 00:00:00+00,2025-08-09 06:58:58.765837+00
553,5c5bc271-66b8-4b72-bb5f-66a5695222df,GH1,sys_gh_rh,58.2500,normal,1.00,2025-04-15 00:00:00+00,2025-08-09 06:58:58.765837+00
554,5c5bc271-66b8-4b72-bb5f-66a5695222df,GH1,sys_gh_rh,53.5000,normal,1.00,2025-04-16 00:00:00+00,2025-08-09 06:58:58.765837+00
555,5c5bc271-66b8-4b72-bb5f-66a5695222df,GH1,sys_gh_rh,49.2500,normal,1.00,2025-04-17 00:00:00+00,2025-08-09 06:58:58.765837+00
556,5c5bc271-66b8-4b72-bb5f-66a5695222df,GH1,sys_gh_rh,48.0000,normal,1.00,2025-04-18 00:00:00+00,2025-08-09 06:58:58.765837+00
557,5c5bc271-66b8-4b72-bb5f-66a5695222df,GH1,sys_gh_rh,53.7500,normal,1.00,2025-04-19 00:00:00+00,2025-08-09 06:58:58.765837+00
558,5c5bc271-66b8-4b72-bb5f-66a5695222df,GH1,sys_gh_rh,50.7500,normal,1.00,2025-04-20 00:00:00+00,2025-08-09 06:58:58.765837+00
559,5c5bc271-66b8-4b72-bb5f-66a5695222df,GH1,fwater_ec,0.1650,normal,1.00,2024-12-30 00:00:00+00,2025-08-09 06:58:58.765837+00
560,5c5bc271-66b8-4b72-bb5f-66a5695222df,GH1,fwater_ec,0.1650,normal,1.00,2024-12-31 00:00:00+00,2025-08-09 06:58:58.765837+00
561,5c5bc271-66b8-4b72-bb5f-66a5695222df,GH1,fwater_ec,0.1660,normal,1.00,2025-01-01 00:00:00+00,2025-08-09 06:58:58.765837+00
562,5c5bc271-66b8-4b72-bb5f-66a5695222df,GH1,fwater_ec,0.1670,normal,1.00,2025-01-02 00:00:00+00,2025-08-09 06:58:58.765837+00
563,5c5bc271-66b8-4b72-bb5f-66a5695222df,GH1,fwater_ec,0.1640,normal,1.00,2025-01-03 00:00:00+00,2025-08-09 06:58:58.765837+00
564,5c5bc271-66b8-4b72-bb5f-66a5695222df,GH1,fwater_ec,0.1640,normal,1.00,2025-01-04 00:00:00+00,2025-08-09 06:58:58.765837+00
565,5c5bc271-66b8-4b72-bb5f-66a5695222df,GH1,fwater_ec,0.1600,normal,1.00,2025-01-05 00:00:00+00,2025-08-09 06:58:58.765837+00
566,5c5bc271-66b8-4b72-bb5f-66a5695222df,GH1,fwater_ec,0.1620,normal,1.00,2025-01-06 00:00:00+00,2025-08-09 06:58:58.765837+00
567,5c5bc271-66b8-4b72-bb5f-66a5695222df,GH1,fwater_ec,0.1570,normal,1.00,2025-01-07 00:00:00+00,2025-08-09 06:58:58.765837+00
568,5c5bc271-66b8-4b72-bb5f-66a5695222df,GH1,fwater_ec,0.1610,normal,1.00,2025-01-08 00:00:00+00,2025-08-09 06:58:58.765837+00
569,5c5bc271-66b8-4b72-bb5f-66a5695222df,GH1,fwater_ec,0.1550,normal,1.00,2025-01-09 00:00:00+00,2025-08-09 06:58:58.765837+00
570,5c5bc271-66b8-4b72-bb5f-66a5695222df,GH1,fwater_ec,0.1580,normal,1.00,2025-01-10 00:00:00+00,2025-08-09 06:58:58.765837+00
571,5c5bc271-66b8-4b72-bb5f-66a5695222df,GH1,fwater_ec,0.1580,normal,1.00,2025-01-11 00:00:00+00,2025-08-09 06:58:58.765837+00
572,5c5bc271-66b8-4b72-bb5f-66a5695222df,GH1,fwater_ec,0.1500,normal,1.00,2025-01-12 00:00:00+00,2025-08-09 06:58:58.765837+00
573,5c5bc271-66b8-4b72-bb5f-66a5695222df,GH1,fwater_ec,0.1580,normal,1.00,2025-01-13 00:00:00+00,2025-08-09 06:58:58.765837+00
574,5c5bc271-66b8-4b72-bb5f-66a5695222df,GH1,fwater_ec,0.1510,normal,1.00,2025-01-14 00:00:00+00,2025-08-09 06:58:58.765837+00
575,5c5bc271-66b8-4b72-bb5f-66a5695222df,GH1,fwater_ec,0.1500,normal,1.00,2025-01-15 00:00:00+00,2025-08-09 06:58:58.765837+00
576,5c5bc271-66b8-4b72-bb5f-66a5695222df,GH1,fwater_ec,0.1490,normal,1.00,2025-01-16 00:00:00+00,2025-08-09 06:58:58.765837+00
577,5c5bc271-66b8-4b72-bb5f-66a5695222df,GH1,fwater_ec,0.1470,normal,1.00,2025-01-17 00:00:00+00,2025-08-09 06:58:58.765837+00
578,5c5bc271-66b8-4b72-bb5f-66a5695222df,GH1,fwater_ec,0.1520,normal,1.00,2025-01-18 00:00:00+00,2025-08-09 06:58:58.765837+00
579,5c5bc271-66b8-4b72-bb5f-66a5695222df,GH1,fwater_ec,0.1560,normal,1.00,2025-01-19 00:00:00+00,2025-08-09 06:58:58.765837+00
580,5c5bc271-66b8-4b72-bb5f-66a5695222df,GH1,fwater_ec,0.1510,normal,1.00,2025-01-20 00:00:00+00,2025-08-09 06:58:58.765837+00
581,5c5bc271-66b8-4b72-bb5f-66a5695222df,GH1,fwater_ec,0.1550,normal,1.00,2025-01-21 00:00:00+00,2025-08-09 06:58:58.765837+00
582,5c5bc271-66b8-4b72-bb5f-66a5695222df,GH1,fwater_ec,0.1510,normal,1.00,2025-01-22 00:00:00+00,2025-08-09 06:58:58.765837+00
583,5c5bc271-66b8-4b72-bb5f-66a5695222df,GH1,fwater_ec,0.1490,normal,1.00,2025-01-23 00:00:00+00,2025-08-09 06:58:58.765837+00
584,5c5bc271-66b8-4b72-bb5f-66a5695222df,GH1,fwater_ec,0.1510,normal,1.00,2025-01-24 00:00:00+00,2025-08-09 06:58:58.765837+00
585,5c5bc271-66b8-4b72-bb5f-66a5695222df,GH1,fwater_ec,0.1550,normal,1.00,2025-01-25 00:00:00+00,2025-08-09 06:58:58.765837+00
586,5c5bc271-66b8-4b72-bb5f-66a5695222df,GH1,fwater_ec,0.1480,normal,1.00,2025-01-26 00:00:00+00,2025-08-09 06:58:58.765837+00
587,5c5bc271-66b8-4b72-bb5f-66a5695222df,GH1,fwater_ec,0.1480,normal,1.00,2025-01-27 00:00:00+00,2025-08-09 06:58:58.765837+00
588,5c5bc271-66b8-4b72-bb5f-66a5695222df,GH1,fwater_ec,0.1470,normal,1.00,2025-01-28 00:00:00+00,2025-08-09 06:58:58.765837+00
589,5c5bc271-66b8-4b72-bb5f-66a5695222df,GH1,fwater_ec,0.1500,normal,1.00,2025-01-29 00:00:00+00,2025-08-09 06:58:58.765837+00
590,5c5bc271-66b8-4b72-bb5f-66a5695222df,GH1,fwater_ec,0.1510,normal,1.00,2025-01-30 00:00:00+00,2025-08-09 06:58:58.765837+00
591,5c5bc271-66b8-4b72-bb5f-66a5695222df,GH1,fwater_ec,0.1470,normal,1.00,2025-01-31 00:00:00+00,2025-08-09 06:58:58.765837+00
592,5c5bc271-66b8-4b72-bb5f-66a5695222df,GH1,fwater_ec,0.1480,normal,1.00,2025-02-01 00:00:00+00,2025-08-09 06:58:58.765837+00
593,5c5bc271-66b8-4b72-bb5f-66a5695222df,GH1,fwater_ec,0.1580,normal,1.00,2025-02-02 00:00:00+00,2025-08-09 06:58:58.765837+00
594,5c5bc271-66b8-4b72-bb5f-66a5695222df,GH1,fwater_ec,0.1470,normal,1.00,2025-02-03 00:00:00+00,2025-08-09 06:58:58.765837+00
595,5c5bc271-66b8-4b72-bb5f-66a5695222df,GH1,fwater_ec,0.1460,normal,1.00,2025-02-04 00:00:00+00,2025-08-09 06:58:58.765837+00
596,5c5bc271-66b8-4b72-bb5f-66a5695222df,GH1,fwater_ec,0.1470,normal,1.00,2025-02-05 00:00:00+00,2025-08-09 06:58:58.765837+00
597,5c5bc271-66b8-4b72-bb5f-66a5695222df,GH1,fwater_ec,0.1520,normal,1.00,2025-02-06 00:00:00+00,2025-08-09 06:58:58.765837+00
598,5c5bc271-66b8-4b72-bb5f-66a5695222df,GH1,fwater_ec,0.1490,normal,1.00,2025-02-07 00:00:00+00,2025-08-09 06:58:58.765837+00
599,5c5bc271-66b8-4b72-bb5f-66a5695222df,GH1,fwater_ec,0.1490,normal,1.00,2025-02-08 00:00:00+00,2025-08-09 06:58:58.765837+00
600,5c5bc271-66b8-4b72-bb5f-66a5695222df,GH1,fwater_ec,0.1520,normal,1.00,2025-02-09 00:00:00+00,2025-08-09 06:58:58.765837+00
601,5c5bc271-66b8-4b72-bb5f-66a5695222df,GH1,fwater_ec,0.1475,normal,1.00,2025-02-10 00:00:00+00,2025-08-09 06:58:58.765837+00
602,5c5bc271-66b8-4b72-bb5f-66a5695222df,GH1,fwater_ec,0.1478,normal,1.00,2025-02-11 00:00:00+00,2025-08-09 06:58:58.765837+00
603,5c5bc271-66b8-4b72-bb5f-66a5695222df,GH1,fwater_ec,0.1508,normal,1.00,2025-02-12 00:00:00+00,2025-08-09 06:58:58.765837+00
604,5c5bc271-66b8-4b72-bb5f-66a5695222df,GH1,fwater_ec,0.1480,normal,1.00,2025-02-13 00:00:00+00,2025-08-09 06:58:58.765837+00
605,5c5bc271-66b8-4b72-bb5f-66a5695222df,GH1,fwater_ec,0.1500,normal,1.00,2025-02-14 00:00:00+00,2025-08-09 06:58:58.765837+00
606,5c5bc271-66b8-4b72-bb5f-66a5695222df,GH1,fwater_ec,0.1555,normal,1.00,2025-02-15 00:00:00+00,2025-08-09 06:58:58.765837+00
607,5c5bc271-66b8-4b72-bb5f-66a5695222df,GH1,fwater_ec,0.1528,normal,1.00,2025-02-16 00:00:00+00,2025-08-09 06:58:58.765837+00
608,5c5bc271-66b8-4b72-bb5f-66a5695222df,GH1,fwater_ec,0.1500,normal,1.00,2025-02-17 00:00:00+00,2025-08-09 06:58:58.765837+00
609,5c5bc271-66b8-4b72-bb5f-66a5695222df,GH1,fwater_ec,0.1520,normal,1.00,2025-02-18 00:00:00+00,2025-08-09 06:58:58.765837+00
610,5c5bc271-66b8-4b72-bb5f-66a5695222df,GH1,fwater_ec,0.1525,normal,1.00,2025-02-19 00:00:00+00,2025-08-09 06:58:58.765837+00
611,5c5bc271-66b8-4b72-bb5f-66a5695222df,GH1,fwater_ec,0.1488,normal,1.00,2025-02-20 00:00:00+00,2025-08-09 06:58:58.765837+00
612,5c5bc271-66b8-4b72-bb5f-66a5695222df,GH1,fwater_ec,0.1490,normal,1.00,2025-02-21 00:00:00+00,2025-08-09 06:58:58.765837+00
613,5c5bc271-66b8-4b72-bb5f-66a5695222df,GH1,fwater_ec,0.1540,normal,1.00,2025-02-22 00:00:00+00,2025-08-09 06:58:58.765837+00
614,5c5bc271-66b8-4b72-bb5f-66a5695222df,GH1,fwater_ec,0.1485,normal,1.00,2025-02-23 00:00:00+00,2025-08-09 06:58:58.765837+00
615,5c5bc271-66b8-4b72-bb5f-66a5695222df,GH1,fwater_ec,0.1500,normal,1.00,2025-02-24 00:00:00+00,2025-08-09 06:58:58.765837+00
616,5c5bc271-66b8-4b72-bb5f-66a5695222df,GH1,fwater_ec,0.1493,normal,1.00,2025-02-25 00:00:00+00,2025-08-09 06:58:58.765837+00
617,5c5bc271-66b8-4b72-bb5f-66a5695222df,GH1,fwater_ec,0.1485,normal,1.00,2025-02-26 00:00:00+00,2025-08-09 06:58:58.765837+00
618,5c5bc271-66b8-4b72-bb5f-66a5695222df,GH1,fwater_ec,0.1460,normal,1.00,2025-02-27 00:00:00+00,2025-08-09 06:58:58.765837+00
619,5c5bc271-66b8-4b72-bb5f-66a5695222df,GH1,fwater_ec,0.1458,normal,1.00,2025-02-28 00:00:00+00,2025-08-09 06:58:58.765837+00
620,5c5bc271-66b8-4b72-bb5f-66a5695222df,GH1,fwater_ec,0.1458,normal,1.00,2025-03-01 00:00:00+00,2025-08-09 06:58:58.765837+00
621,5c5bc271-66b8-4b72-bb5f-66a5695222df,GH1,fwater_ec,0.1523,normal,1.00,2025-03-02 00:00:00+00,2025-08-09 06:58:58.765837+00
622,5c5bc271-66b8-4b72-bb5f-66a5695222df,GH1,fwater_ec,0.1400,normal,1.00,2025-03-03 00:00:00+00,2025-08-09 06:58:58.765837+00
623,5c5bc271-66b8-4b72-bb5f-66a5695222df,GH1,fwater_ec,0.1428,normal,1.00,2025-03-04 00:00:00+00,2025-08-09 06:58:58.765837+00
624,5c5bc271-66b8-4b72-bb5f-66a5695222df,GH1,fwater_ec,0.1425,normal,1.00,2025-03-05 00:00:00+00,2025-08-09 06:58:58.765837+00
625,5c5bc271-66b8-4b72-bb5f-66a5695222df,GH1,fwater_ec,0.1420,normal,1.00,2025-03-06 00:00:00+00,2025-08-09 06:58:58.765837+00
626,5c5bc271-66b8-4b72-bb5f-66a5695222df,GH1,fwater_ec,0.1420,normal,1.00,2025-03-07 00:00:00+00,2025-08-09 06:58:58.765837+00
627,5c5bc271-66b8-4b72-bb5f-66a5695222df,GH1,fwater_ec,0.1428,normal,1.00,2025-03-08 00:00:00+00,2025-08-09 06:58:58.765837+00
628,5c5bc271-66b8-4b72-bb5f-66a5695222df,GH1,fwater_ec,0.1435,normal,1.00,2025-03-09 00:00:00+00,2025-08-09 06:58:58.765837+00
629,5c5bc271-66b8-4b72-bb5f-66a5695222df,GH1,fwater_ec,0.1340,normal,1.00,2025-03-10 00:00:00+00,2025-08-09 06:58:58.765837+00
630,5c5bc271-66b8-4b72-bb5f-66a5695222df,GH1,fwater_ec,0.1428,normal,1.00,2025-03-11 00:00:00+00,2025-08-09 06:58:58.765837+00
631,5c5bc271-66b8-4b72-bb5f-66a5695222df,GH1,fwater_ec,0.1388,normal,1.00,2025-03-12 00:00:00+00,2025-08-09 06:58:58.765837+00
632,5c5bc271-66b8-4b72-bb5f-66a5695222df,GH1,fwater_ec,0.1433,normal,1.00,2025-03-13 00:00:00+00,2025-08-09 06:58:58.765837+00
633,5c5bc271-66b8-4b72-bb5f-66a5695222df,GH1,fwater_ec,0.1380,normal,1.00,2025-03-14 00:00:00+00,2025-08-09 06:58:58.765837+00
634,5c5bc271-66b8-4b72-bb5f-66a5695222df,GH1,fwater_ec,0.1398,normal,1.00,2025-03-15 00:00:00+00,2025-08-09 06:58:58.765837+00
635,5c5bc271-66b8-4b72-bb5f-66a5695222df,GH1,fwater_ec,0.1360,normal,1.00,2025-03-16 00:00:00+00,2025-08-09 06:58:58.765837+00
636,5c5bc271-66b8-4b72-bb5f-66a5695222df,GH1,fwater_ec,0.1405,normal,1.00,2025-03-17 00:00:00+00,2025-08-09 06:58:58.765837+00
637,5c5bc271-66b8-4b72-bb5f-66a5695222df,GH1,fwater_ec,0.1350,normal,1.00,2025-03-18 00:00:00+00,2025-08-09 06:58:58.765837+00
638,5c5bc271-66b8-4b72-bb5f-66a5695222df,GH1,fwater_ec,0.1430,normal,1.00,2025-03-19 00:00:00+00,2025-08-09 06:58:58.765837+00
639,5c5bc271-66b8-4b72-bb5f-66a5695222df,GH1,fwater_ec,0.1355,normal,1.00,2025-03-20 00:00:00+00,2025-08-09 06:58:58.765837+00
640,5c5bc271-66b8-4b72-bb5f-66a5695222df,GH1,fwater_ec,0.1353,normal,1.00,2025-03-21 00:00:00+00,2025-08-09 06:58:58.765837+00
641,5c5bc271-66b8-4b72-bb5f-66a5695222df,GH1,fwater_ec,0.1363,normal,1.00,2025-03-22 00:00:00+00,2025-08-09 06:58:58.765837+00
642,5c5bc271-66b8-4b72-bb5f-66a5695222df,GH1,fwater_ec,0.1353,normal,1.00,2025-03-23 00:00:00+00,2025-08-09 06:58:58.765837+00
643,5c5bc271-66b8-4b72-bb5f-66a5695222df,GH1,fwater_ec,0.1380,normal,1.00,2025-03-24 00:00:00+00,2025-08-09 06:58:58.765837+00
644,5c5bc271-66b8-4b72-bb5f-66a5695222df,GH1,fwater_ec,0.1390,normal,1.00,2025-03-25 00:00:00+00,2025-08-09 06:58:58.765837+00
645,5c5bc271-66b8-4b72-bb5f-66a5695222df,GH1,fwater_ec,0.1390,normal,1.00,2025-03-26 00:00:00+00,2025-08-09 06:58:58.765837+00
646,5c5bc271-66b8-4b72-bb5f-66a5695222df,GH1,fwater_ec,0.1410,normal,1.00,2025-03-27 00:00:00+00,2025-08-09 06:58:58.765837+00
647,5c5bc271-66b8-4b72-bb5f-66a5695222df,GH1,fwater_ec,0.1360,normal,1.00,2025-03-28 00:00:00+00,2025-08-09 06:58:58.765837+00
648,5c5bc271-66b8-4b72-bb5f-66a5695222df,GH1,fwater_ec,0.0370,normal,1.00,2025-03-29 00:00:00+00,2025-08-09 06:58:58.765837+00
649,5c5bc271-66b8-4b72-bb5f-66a5695222df,GH1,fwater_ec,0.1410,normal,1.00,2025-03-30 00:00:00+00,2025-08-09 06:58:58.765837+00
650,5c5bc271-66b8-4b72-bb5f-66a5695222df,GH1,fwater_ec,0.1130,normal,1.00,2025-03-31 00:00:00+00,2025-08-09 06:58:58.765837+00
651,5c5bc271-66b8-4b72-bb5f-66a5695222df,GH1,fwater_ec,0.1400,normal,1.00,2025-04-01 00:00:00+00,2025-08-09 06:58:58.765837+00
652,5c5bc271-66b8-4b72-bb5f-66a5695222df,GH1,fwater_ec,0.1390,normal,1.00,2025-04-02 00:00:00+00,2025-08-09 06:58:58.765837+00
653,5c5bc271-66b8-4b72-bb5f-66a5695222df,GH1,fwater_ec,0.1380,normal,1.00,2025-04-03 00:00:00+00,2025-08-09 06:58:58.765837+00
654,5c5bc271-66b8-4b72-bb5f-66a5695222df,GH1,fwater_ec,0.1470,normal,1.00,2025-04-04 00:00:00+00,2025-08-09 06:58:58.765837+00
655,5c5bc271-66b8-4b72-bb5f-66a5695222df,GH1,fwater_ec,0.1380,normal,1.00,2025-04-05 00:00:00+00,2025-08-09 06:58:58.765837+00
656,5c5bc271-66b8-4b72-bb5f-66a5695222df,GH1,fwater_ec,0.1440,normal,1.00,2025-04-06 00:00:00+00,2025-08-09 06:58:58.765837+00
657,5c5bc271-66b8-4b72-bb5f-66a5695222df,GH1,fwater_ec,0.1435,normal,1.00,2025-04-07 00:00:00+00,2025-08-09 06:58:58.765837+00
658,5c5bc271-66b8-4b72-bb5f-66a5695222df,GH1,fwater_ec,0.1433,normal,1.00,2025-04-08 00:00:00+00,2025-08-09 06:58:58.765837+00
659,5c5bc271-66b8-4b72-bb5f-66a5695222df,GH1,fwater_ec,0.1465,normal,1.00,2025-04-09 00:00:00+00,2025-08-09 06:58:58.765837+00
660,5c5bc271-66b8-4b72-bb5f-66a5695222df,GH1,fwater_ec,0.1548,normal,1.00,2025-04-10 00:00:00+00,2025-08-09 06:58:58.765837+00
661,5c5bc271-66b8-4b72-bb5f-66a5695222df,GH1,fwater_ec,0.1468,normal,1.00,2025-04-11 00:00:00+00,2025-08-09 06:58:58.765837+00
662,5c5bc271-66b8-4b72-bb5f-66a5695222df,GH1,fwater_ec,0.1488,normal,1.00,2025-04-12 00:00:00+00,2025-08-09 06:58:58.765837+00
663,5c5bc271-66b8-4b72-bb5f-66a5695222df,GH1,fwater_ec,0.1405,normal,1.00,2025-04-13 00:00:00+00,2025-08-09 06:58:58.765837+00
664,5c5bc271-66b8-4b72-bb5f-66a5695222df,GH1,fwater_ec,0.1598,normal,1.00,2025-04-14 00:00:00+00,2025-08-09 06:58:58.765837+00
665,5c5bc271-66b8-4b72-bb5f-66a5695222df,GH1,fwater_ec,0.1485,normal,1.00,2025-04-15 00:00:00+00,2025-08-09 06:58:58.765837+00
666,5c5bc271-66b8-4b72-bb5f-66a5695222df,GH1,fwater_ec,0.1570,normal,1.00,2025-04-16 00:00:00+00,2025-08-09 06:58:58.765837+00
667,5c5bc271-66b8-4b72-bb5f-66a5695222df,GH1,fwater_ec,0.1545,normal,1.00,2025-04-17 00:00:00+00,2025-08-09 06:58:58.765837+00
668,5c5bc271-66b8-4b72-bb5f-66a5695222df,GH1,fwater_ec,0.1680,normal,1.00,2025-04-18 00:00:00+00,2025-08-09 06:58:58.765837+00
669,5c5bc271-66b8-4b72-bb5f-66a5695222df,GH1,fwater_ec,0.1623,normal,1.00,2025-04-19 00:00:00+00,2025-08-09 06:58:58.765837+00
670,5c5bc271-66b8-4b72-bb5f-66a5695222df,GH1,fwater_ec,0.1540,normal,1.00,2025-04-20 00:00:00+00,2025-08-09 06:58:58.765837+00
671,5c5bc271-66b8-4b72-bb5f-66a5695222df,GH1,fwater_ph,7.1000,normal,1.00,2024-12-30 00:00:00+00,2025-08-09 06:58:58.765837+00
672,5c5bc271-66b8-4b72-bb5f-66a5695222df,GH1,fwater_ph,6.9000,normal,1.00,2024-12-31 00:00:00+00,2025-08-09 06:58:58.765837+00
673,5c5bc271-66b8-4b72-bb5f-66a5695222df,GH1,fwater_ph,7.0000,normal,1.00,2025-01-01 00:00:00+00,2025-08-09 06:58:58.765837+00
674,5c5bc271-66b8-4b72-bb5f-66a5695222df,GH1,fwater_ph,7.0000,normal,1.00,2025-01-02 00:00:00+00,2025-08-09 06:58:58.765837+00
675,5c5bc271-66b8-4b72-bb5f-66a5695222df,GH1,fwater_ph,7.1000,normal,1.00,2025-01-03 00:00:00+00,2025-08-09 06:58:58.765837+00
676,5c5bc271-66b8-4b72-bb5f-66a5695222df,GH1,fwater_ph,7.0000,normal,1.00,2025-01-04 00:00:00+00,2025-08-09 06:58:58.765837+00
677,5c5bc271-66b8-4b72-bb5f-66a5695222df,GH1,fwater_ph,7.0000,normal,1.00,2025-01-05 00:00:00+00,2025-08-09 06:58:58.765837+00
678,5c5bc271-66b8-4b72-bb5f-66a5695222df,GH1,fwater_ph,6.9000,normal,1.00,2025-01-06 00:00:00+00,2025-08-09 06:58:58.765837+00
679,5c5bc271-66b8-4b72-bb5f-66a5695222df,GH1,fwater_ph,7.0000,normal,1.00,2025-01-07 00:00:00+00,2025-08-09 06:58:58.765837+00
680,5c5bc271-66b8-4b72-bb5f-66a5695222df,GH1,fwater_ph,6.9000,normal,1.00,2025-01-08 00:00:00+00,2025-08-09 06:58:58.765837+00
681,5c5bc271-66b8-4b72-bb5f-66a5695222df,GH1,fwater_ph,7.0000,normal,1.00,2025-01-09 00:00:00+00,2025-08-09 06:58:58.765837+00
682,5c5bc271-66b8-4b72-bb5f-66a5695222df,GH1,fwater_ph,6.8000,normal,1.00,2025-01-10 00:00:00+00,2025-08-09 06:58:58.765837+00
683,5c5bc271-66b8-4b72-bb5f-66a5695222df,GH1,fwater_ph,7.0000,normal,1.00,2025-01-11 00:00:00+00,2025-08-09 06:58:58.765837+00
684,5c5bc271-66b8-4b72-bb5f-66a5695222df,GH1,fwater_ph,7.1000,normal,1.00,2025-01-12 00:00:00+00,2025-08-09 06:58:58.765837+00
685,5c5bc271-66b8-4b72-bb5f-66a5695222df,GH1,fwater_ph,6.8000,normal,1.00,2025-01-13 00:00:00+00,2025-08-09 06:58:58.765837+00
686,5c5bc271-66b8-4b72-bb5f-66a5695222df,GH1,fwater_ph,6.9000,normal,1.00,2025-01-14 00:00:00+00,2025-08-09 06:58:58.765837+00
687,5c5bc271-66b8-4b72-bb5f-66a5695222df,GH1,fwater_ph,6.9000,normal,1.00,2025-01-15 00:00:00+00,2025-08-09 06:58:58.765837+00
688,5c5bc271-66b8-4b72-bb5f-66a5695222df,GH1,fwater_ph,6.7000,normal,1.00,2025-01-16 00:00:00+00,2025-08-09 06:58:58.765837+00
689,5c5bc271-66b8-4b72-bb5f-66a5695222df,GH1,fwater_ph,6.9000,normal,1.00,2025-01-17 00:00:00+00,2025-08-09 06:58:58.765837+00
690,5c5bc271-66b8-4b72-bb5f-66a5695222df,GH1,fwater_ph,6.7000,normal,1.00,2025-01-18 00:00:00+00,2025-08-09 06:58:58.765837+00
691,5c5bc271-66b8-4b72-bb5f-66a5695222df,GH1,fwater_ph,6.9000,normal,1.00,2025-01-19 00:00:00+00,2025-08-09 06:58:58.765837+00
692,5c5bc271-66b8-4b72-bb5f-66a5695222df,GH1,fwater_ph,6.9000,normal,1.00,2025-01-20 00:00:00+00,2025-08-09 06:58:58.765837+00
693,5c5bc271-66b8-4b72-bb5f-66a5695222df,GH1,fwater_ph,6.7000,normal,1.00,2025-01-21 00:00:00+00,2025-08-09 06:58:58.765837+00
694,5c5bc271-66b8-4b72-bb5f-66a5695222df,GH1,fwater_ph,6.8000,normal,1.00,2025-01-22 00:00:00+00,2025-08-09 06:58:58.765837+00
695,5c5bc271-66b8-4b72-bb5f-66a5695222df,GH1,fwater_ph,6.9000,normal,1.00,2025-01-23 00:00:00+00,2025-08-09 06:58:58.765837+00
696,5c5bc271-66b8-4b72-bb5f-66a5695222df,GH1,fwater_ph,6.8000,normal,1.00,2025-01-24 00:00:00+00,2025-08-09 06:58:58.765837+00
697,5c5bc271-66b8-4b72-bb5f-66a5695222df,GH1,fwater_ph,6.9000,normal,1.00,2025-01-25 00:00:00+00,2025-08-09 06:58:58.765837+00
698,5c5bc271-66b8-4b72-bb5f-66a5695222df,GH1,fwater_ph,7.0000,normal,1.00,2025-01-26 00:00:00+00,2025-08-09 06:58:58.765837+00
699,5c5bc271-66b8-4b72-bb5f-66a5695222df,GH1,fwater_ph,6.9000,normal,1.00,2025-01-27 00:00:00+00,2025-08-09 06:58:58.765837+00
700,5c5bc271-66b8-4b72-bb5f-66a5695222df,GH1,fwater_ph,6.8000,normal,1.00,2025-01-28 00:00:00+00,2025-08-09 06:58:58.765837+00
701,5c5bc271-66b8-4b72-bb5f-66a5695222df,GH1,fwater_ph,6.9000,normal,1.00,2025-01-29 00:00:00+00,2025-08-09 06:58:58.765837+00
702,5c5bc271-66b8-4b72-bb5f-66a5695222df,GH1,fwater_ph,7.0000,normal,1.00,2025-01-30 00:00:00+00,2025-08-09 06:58:58.765837+00
703,5c5bc271-66b8-4b72-bb5f-66a5695222df,GH1,fwater_ph,6.8000,normal,1.00,2025-01-31 00:00:00+00,2025-08-09 06:58:58.765837+00
704,5c5bc271-66b8-4b72-bb5f-66a5695222df,GH1,fwater_ph,6.8000,normal,1.00,2025-02-01 00:00:00+00,2025-08-09 06:58:58.765837+00
705,5c5bc271-66b8-4b72-bb5f-66a5695222df,GH1,fwater_ph,7.0000,normal,1.00,2025-02-02 00:00:00+00,2025-08-09 06:58:58.765837+00
706,5c5bc271-66b8-4b72-bb5f-66a5695222df,GH1,fwater_ph,7.1000,normal,1.00,2025-02-03 00:00:00+00,2025-08-09 06:58:58.765837+00
707,5c5bc271-66b8-4b72-bb5f-66a5695222df,GH1,fwater_ph,6.8000,normal,1.00,2025-02-04 00:00:00+00,2025-08-09 06:58:58.765837+00
708,5c5bc271-66b8-4b72-bb5f-66a5695222df,GH1,fwater_ph,6.8000,normal,1.00,2025-02-05 00:00:00+00,2025-08-09 06:58:58.765837+00
709,5c5bc271-66b8-4b72-bb5f-66a5695222df,GH1,fwater_ph,6.9000,normal,1.00,2025-02-06 00:00:00+00,2025-08-09 06:58:58.765837+00
710,5c5bc271-66b8-4b72-bb5f-66a5695222df,GH1,fwater_ph,6.9000,normal,1.00,2025-02-07 00:00:00+00,2025-08-09 06:58:58.765837+00
711,5c5bc271-66b8-4b72-bb5f-66a5695222df,GH1,fwater_ph,6.8000,normal,1.00,2025-02-08 00:00:00+00,2025-08-09 06:58:58.765837+00
712,5c5bc271-66b8-4b72-bb5f-66a5695222df,GH1,fwater_ph,7.0000,normal,1.00,2025-02-09 00:00:00+00,2025-08-09 06:58:58.765837+00
713,5c5bc271-66b8-4b72-bb5f-66a5695222df,GH1,fwater_ph,6.8300,normal,1.00,2025-02-10 00:00:00+00,2025-08-09 06:58:58.765837+00
714,5c5bc271-66b8-4b72-bb5f-66a5695222df,GH1,fwater_ph,6.7500,normal,1.00,2025-02-11 00:00:00+00,2025-08-09 06:58:58.765837+00
715,5c5bc271-66b8-4b72-bb5f-66a5695222df,GH1,fwater_ph,7.0000,normal,1.00,2025-02-12 00:00:00+00,2025-08-09 06:58:58.765837+00
716,5c5bc271-66b8-4b72-bb5f-66a5695222df,GH1,fwater_ph,6.9000,normal,1.00,2025-02-13 00:00:00+00,2025-08-09 06:58:58.765837+00
717,5c5bc271-66b8-4b72-bb5f-66a5695222df,GH1,fwater_ph,6.9500,normal,1.00,2025-02-14 00:00:00+00,2025-08-09 06:58:58.765837+00
718,5c5bc271-66b8-4b72-bb5f-66a5695222df,GH1,fwater_ph,6.9800,normal,1.00,2025-02-15 00:00:00+00,2025-08-09 06:58:58.765837+00
719,5c5bc271-66b8-4b72-bb5f-66a5695222df,GH1,fwater_ph,6.9500,normal,1.00,2025-02-16 00:00:00+00,2025-08-09 06:58:58.765837+00
720,5c5bc271-66b8-4b72-bb5f-66a5695222df,GH1,fwater_ph,7.0000,normal,1.00,2025-02-17 00:00:00+00,2025-08-09 06:58:58.765837+00
721,5c5bc271-66b8-4b72-bb5f-66a5695222df,GH1,fwater_ph,6.8800,normal,1.00,2025-02-18 00:00:00+00,2025-08-09 06:58:58.765837+00
722,5c5bc271-66b8-4b72-bb5f-66a5695222df,GH1,fwater_ph,6.9300,normal,1.00,2025-02-19 00:00:00+00,2025-08-09 06:58:58.765837+00
723,5c5bc271-66b8-4b72-bb5f-66a5695222df,GH1,fwater_ph,6.8800,normal,1.00,2025-02-20 00:00:00+00,2025-08-09 06:58:58.765837+00
724,5c5bc271-66b8-4b72-bb5f-66a5695222df,GH1,fwater_ph,7.0000,normal,1.00,2025-02-21 00:00:00+00,2025-08-09 06:58:58.765837+00
725,5c5bc271-66b8-4b72-bb5f-66a5695222df,GH1,fwater_ph,6.9500,normal,1.00,2025-02-22 00:00:00+00,2025-08-09 06:58:58.765837+00
726,5c5bc271-66b8-4b72-bb5f-66a5695222df,GH1,fwater_ph,7.1500,normal,1.00,2025-02-23 00:00:00+00,2025-08-09 06:58:58.765837+00
727,5c5bc271-66b8-4b72-bb5f-66a5695222df,GH1,fwater_ph,7.0000,normal,1.00,2025-02-24 00:00:00+00,2025-08-09 06:58:58.765837+00
728,5c5bc271-66b8-4b72-bb5f-66a5695222df,GH1,fwater_ph,7.0000,normal,1.00,2025-02-25 00:00:00+00,2025-08-09 06:58:58.765837+00
729,5c5bc271-66b8-4b72-bb5f-66a5695222df,GH1,fwater_ph,7.0000,normal,1.00,2025-02-26 00:00:00+00,2025-08-09 06:58:58.765837+00
730,5c5bc271-66b8-4b72-bb5f-66a5695222df,GH1,fwater_ph,6.9000,normal,1.00,2025-02-27 00:00:00+00,2025-08-09 06:58:58.765837+00
731,5c5bc271-66b8-4b72-bb5f-66a5695222df,GH1,fwater_ph,6.9500,normal,1.00,2025-02-28 00:00:00+00,2025-08-09 06:58:58.765837+00
732,5c5bc271-66b8-4b72-bb5f-66a5695222df,GH1,fwater_ph,6.9500,normal,1.00,2025-03-01 00:00:00+00,2025-08-09 06:58:58.765837+00
733,5c5bc271-66b8-4b72-bb5f-66a5695222df,GH1,fwater_ph,6.8300,normal,1.00,2025-03-02 00:00:00+00,2025-08-09 06:58:58.765837+00
734,5c5bc271-66b8-4b72-bb5f-66a5695222df,GH1,fwater_ph,7.0500,normal,1.00,2025-03-03 00:00:00+00,2025-08-09 06:58:58.765837+00
735,5c5bc271-66b8-4b72-bb5f-66a5695222df,GH1,fwater_ph,6.7800,normal,1.00,2025-03-04 00:00:00+00,2025-08-09 06:58:58.765837+00
736,5c5bc271-66b8-4b72-bb5f-66a5695222df,GH1,fwater_ph,7.0800,normal,1.00,2025-03-05 00:00:00+00,2025-08-09 06:58:58.765837+00
737,5c5bc271-66b8-4b72-bb5f-66a5695222df,GH1,fwater_ph,7.1500,normal,1.00,2025-03-06 00:00:00+00,2025-08-09 06:58:58.765837+00
738,5c5bc271-66b8-4b72-bb5f-66a5695222df,GH1,fwater_ph,7.1300,normal,1.00,2025-03-07 00:00:00+00,2025-08-09 06:58:58.765837+00
739,5c5bc271-66b8-4b72-bb5f-66a5695222df,GH1,fwater_ph,7.2500,normal,1.00,2025-03-08 00:00:00+00,2025-08-09 06:58:58.765837+00
740,5c5bc271-66b8-4b72-bb5f-66a5695222df,GH1,fwater_ph,7.1800,normal,1.00,2025-03-09 00:00:00+00,2025-08-09 06:58:58.765837+00
741,5c5bc271-66b8-4b72-bb5f-66a5695222df,GH1,fwater_ph,6.8000,normal,1.00,2025-03-10 00:00:00+00,2025-08-09 06:58:58.765837+00
742,5c5bc271-66b8-4b72-bb5f-66a5695222df,GH1,fwater_ph,6.9000,normal,1.00,2025-03-11 00:00:00+00,2025-08-09 06:58:58.765837+00
743,5c5bc271-66b8-4b72-bb5f-66a5695222df,GH1,fwater_ph,6.7500,normal,1.00,2025-03-12 00:00:00+00,2025-08-09 06:58:58.765837+00
744,5c5bc271-66b8-4b72-bb5f-66a5695222df,GH1,fwater_ph,6.7300,normal,1.00,2025-03-13 00:00:00+00,2025-08-09 06:58:58.765837+00
745,5c5bc271-66b8-4b72-bb5f-66a5695222df,GH1,fwater_ph,6.8800,normal,1.00,2025-03-14 00:00:00+00,2025-08-09 06:58:58.765837+00
746,5c5bc271-66b8-4b72-bb5f-66a5695222df,GH1,fwater_ph,7.0000,normal,1.00,2025-03-15 00:00:00+00,2025-08-09 06:58:58.765837+00
747,5c5bc271-66b8-4b72-bb5f-66a5695222df,GH1,fwater_ph,7.1000,normal,1.00,2025-03-16 00:00:00+00,2025-08-09 06:58:58.765837+00
748,5c5bc271-66b8-4b72-bb5f-66a5695222df,GH1,fwater_ph,7.0000,normal,1.00,2025-03-17 00:00:00+00,2025-08-09 06:58:58.765837+00
749,5c5bc271-66b8-4b72-bb5f-66a5695222df,GH1,fwater_ph,6.8500,normal,1.00,2025-03-18 00:00:00+00,2025-08-09 06:58:58.765837+00
750,5c5bc271-66b8-4b72-bb5f-66a5695222df,GH1,fwater_ph,6.9000,normal,1.00,2025-03-19 00:00:00+00,2025-08-09 06:58:58.765837+00
751,5c5bc271-66b8-4b72-bb5f-66a5695222df,GH1,fwater_ph,7.1800,normal,1.00,2025-03-20 00:00:00+00,2025-08-09 06:58:58.765837+00
752,5c5bc271-66b8-4b72-bb5f-66a5695222df,GH1,fwater_ph,6.9300,normal,1.00,2025-03-21 00:00:00+00,2025-08-09 06:58:58.765837+00
753,5c5bc271-66b8-4b72-bb5f-66a5695222df,GH1,fwater_ph,7.1300,normal,1.00,2025-03-22 00:00:00+00,2025-08-09 06:58:58.765837+00
754,5c5bc271-66b8-4b72-bb5f-66a5695222df,GH1,fwater_ph,7.2000,normal,1.00,2025-03-23 00:00:00+00,2025-08-09 06:58:58.765837+00
755,5c5bc271-66b8-4b72-bb5f-66a5695222df,GH1,fwater_ph,7.1800,normal,1.00,2025-03-24 00:00:00+00,2025-08-09 06:58:58.765837+00
756,5c5bc271-66b8-4b72-bb5f-66a5695222df,GH1,fwater_ph,7.3400,normal,1.00,2025-03-25 00:00:00+00,2025-08-09 06:58:58.765837+00
757,5c5bc271-66b8-4b72-bb5f-66a5695222df,GH1,fwater_ph,7.3000,normal,1.00,2025-03-26 00:00:00+00,2025-08-09 06:58:58.765837+00
758,5c5bc271-66b8-4b72-bb5f-66a5695222df,GH1,fwater_ph,7.3800,normal,1.00,2025-03-27 00:00:00+00,2025-08-09 06:58:58.765837+00
759,5c5bc271-66b8-4b72-bb5f-66a5695222df,GH1,fwater_ph,7.5800,normal,1.00,2025-03-28 00:00:00+00,2025-08-09 06:58:58.765837+00
760,5c5bc271-66b8-4b72-bb5f-66a5695222df,GH1,fwater_ph,7.2500,normal,1.00,2025-03-29 00:00:00+00,2025-08-09 06:58:58.765837+00
761,5c5bc271-66b8-4b72-bb5f-66a5695222df,GH1,fwater_ph,7.3500,normal,1.00,2025-03-30 00:00:00+00,2025-08-09 06:58:58.765837+00
762,5c5bc271-66b8-4b72-bb5f-66a5695222df,GH1,fwater_ph,7.4800,normal,1.00,2025-03-31 00:00:00+00,2025-08-09 06:58:58.765837+00
763,5c5bc271-66b8-4b72-bb5f-66a5695222df,GH1,fwater_ph,7.4800,normal,1.00,2025-04-01 00:00:00+00,2025-08-09 06:58:58.765837+00
764,5c5bc271-66b8-4b72-bb5f-66a5695222df,GH1,fwater_ph,7.4700,normal,1.00,2025-04-02 00:00:00+00,2025-08-09 06:58:58.765837+00
765,5c5bc271-66b8-4b72-bb5f-66a5695222df,GH1,fwater_ph,7.4500,normal,1.00,2025-04-03 00:00:00+00,2025-08-09 06:58:58.765837+00
766,5c5bc271-66b8-4b72-bb5f-66a5695222df,GH1,fwater_ph,7.4000,normal,1.00,2025-04-04 00:00:00+00,2025-08-09 06:58:58.765837+00
767,5c5bc271-66b8-4b72-bb5f-66a5695222df,GH1,fwater_ph,7.3800,normal,1.00,2025-04-05 00:00:00+00,2025-08-09 06:58:58.765837+00
768,5c5bc271-66b8-4b72-bb5f-66a5695222df,GH1,fwater_ph,7.4500,normal,1.00,2025-04-06 00:00:00+00,2025-08-09 06:58:58.765837+00
769,5c5bc271-66b8-4b72-bb5f-66a5695222df,GH1,fwater_ph,7.6000,normal,1.00,2025-04-07 00:00:00+00,2025-08-09 06:58:58.765837+00
770,5c5bc271-66b8-4b72-bb5f-66a5695222df,GH1,fwater_ph,4.7000,normal,1.00,2025-04-08 00:00:00+00,2025-08-09 06:58:58.765837+00
771,5c5bc271-66b8-4b72-bb5f-66a5695222df,GH1,fwater_ph,7.6300,normal,1.00,2025-04-09 00:00:00+00,2025-08-09 06:58:58.765837+00
772,5c5bc271-66b8-4b72-bb5f-66a5695222df,GH1,fwater_ph,7.5000,normal,1.00,2025-04-10 00:00:00+00,2025-08-09 06:58:58.765837+00
773,5c5bc271-66b8-4b72-bb5f-66a5695222df,GH1,fwater_ph,7.4000,normal,1.00,2025-04-11 00:00:00+00,2025-08-09 06:58:58.765837+00
774,5c5bc271-66b8-4b72-bb5f-66a5695222df,GH1,fwater_ph,7.3300,normal,1.00,2025-04-12 00:00:00+00,2025-08-09 06:58:58.765837+00
775,5c5bc271-66b8-4b72-bb5f-66a5695222df,GH1,fwater_ph,7.5800,normal,1.00,2025-04-13 00:00:00+00,2025-08-09 06:58:58.765837+00
776,5c5bc271-66b8-4b72-bb5f-66a5695222df,GH1,fwater_ph,7.2500,normal,1.00,2025-04-14 00:00:00+00,2025-08-09 06:58:58.765837+00
777,5c5bc271-66b8-4b72-bb5f-66a5695222df,GH1,fwater_ph,7.0500,normal,1.00,2025-04-15 00:00:00+00,2025-08-09 06:58:58.765837+00
778,5c5bc271-66b8-4b72-bb5f-66a5695222df,GH1,fwater_ph,7.1800,normal,1.00,2025-04-16 00:00:00+00,2025-08-09 06:58:58.765837+00
779,5c5bc271-66b8-4b72-bb5f-66a5695222df,GH1,fwater_ph,6.9000,normal,1.00,2025-04-17 00:00:00+00,2025-08-09 06:58:58.765837+00
780,5c5bc271-66b8-4b72-bb5f-66a5695222df,GH1,fwater_ph,6.5300,normal,1.00,2025-04-18 00:00:00+00,2025-08-09 06:58:58.765837+00
781,5c5bc271-66b8-4b72-bb5f-66a5695222df,GH1,fwater_ph,7.3300,normal,1.00,2025-04-19 00:00:00+00,2025-08-09 06:58:58.765837+00
782,5c5bc271-66b8-4b72-bb5f-66a5695222df,GH1,fwater_ph,7.4000,normal,1.00,2025-04-20 00:00:00+00,2025-08-09 06:58:58.765837+00
783,5c5bc271-66b8-4b72-bb5f-66a5695222df,GH1,fwater_temp,28.5000,normal,1.00,2024-12-30 00:00:00+00,2025-08-09 06:58:58.765837+00
784,5c5bc271-66b8-4b72-bb5f-66a5695222df,GH1,fwater_temp,30.8000,normal,1.00,2024-12-31 00:00:00+00,2025-08-09 06:58:58.765837+00
785,5c5bc271-66b8-4b72-bb5f-66a5695222df,GH1,fwater_temp,28.8000,normal,1.00,2025-01-01 00:00:00+00,2025-08-09 06:58:58.765837+00
786,5c5bc271-66b8-4b72-bb5f-66a5695222df,GH1,fwater_temp,30.0000,normal,1.00,2025-01-02 00:00:00+00,2025-08-09 06:58:58.765837+00
787,5c5bc271-66b8-4b72-bb5f-66a5695222df,GH1,fwater_temp,29.8000,normal,1.00,2025-01-03 00:00:00+00,2025-08-09 06:58:58.765837+00
788,5c5bc271-66b8-4b72-bb5f-66a5695222df,GH1,fwater_temp,31.5000,normal,1.00,2025-01-04 00:00:00+00,2025-08-09 06:58:58.765837+00
789,5c5bc271-66b8-4b72-bb5f-66a5695222df,GH1,fwater_temp,29.1000,normal,1.00,2025-01-05 00:00:00+00,2025-08-09 06:58:58.765837+00
790,5c5bc271-66b8-4b72-bb5f-66a5695222df,GH1,fwater_temp,29.2000,normal,1.00,2025-01-06 00:00:00+00,2025-08-09 06:58:58.765837+00
791,5c5bc271-66b8-4b72-bb5f-66a5695222df,GH1,fwater_temp,28.3000,normal,1.00,2025-01-07 00:00:00+00,2025-08-09 06:58:58.765837+00
792,5c5bc271-66b8-4b72-bb5f-66a5695222df,GH1,fwater_temp,28.9000,normal,1.00,2025-01-08 00:00:00+00,2025-08-09 06:58:58.765837+00
793,5c5bc271-66b8-4b72-bb5f-66a5695222df,GH1,fwater_temp,29.3000,normal,1.00,2025-01-09 00:00:00+00,2025-08-09 06:58:58.765837+00
794,5c5bc271-66b8-4b72-bb5f-66a5695222df,GH1,fwater_temp,28.4000,normal,1.00,2025-01-10 00:00:00+00,2025-08-09 06:58:58.765837+00
795,5c5bc271-66b8-4b72-bb5f-66a5695222df,GH1,fwater_temp,29.3000,normal,1.00,2025-01-11 00:00:00+00,2025-08-09 06:58:58.765837+00
796,5c5bc271-66b8-4b72-bb5f-66a5695222df,GH1,fwater_temp,28.0000,normal,1.00,2025-01-12 00:00:00+00,2025-08-09 06:58:58.765837+00
797,5c5bc271-66b8-4b72-bb5f-66a5695222df,GH1,fwater_temp,28.8000,normal,1.00,2025-01-13 00:00:00+00,2025-08-09 06:58:58.765837+00
798,5c5bc271-66b8-4b72-bb5f-66a5695222df,GH1,fwater_temp,28.8000,normal,1.00,2025-01-14 00:00:00+00,2025-08-09 06:58:58.765837+00
799,5c5bc271-66b8-4b72-bb5f-66a5695222df,GH1,fwater_temp,29.9000,normal,1.00,2025-01-15 00:00:00+00,2025-08-09 06:58:58.765837+00
800,5c5bc271-66b8-4b72-bb5f-66a5695222df,GH1,fwater_temp,29.5000,normal,1.00,2025-01-16 00:00:00+00,2025-08-09 06:58:58.765837+00
801,5c5bc271-66b8-4b72-bb5f-66a5695222df,GH1,fwater_temp,29.7000,normal,1.00,2025-01-17 00:00:00+00,2025-08-09 06:58:58.765837+00
802,5c5bc271-66b8-4b72-bb5f-66a5695222df,GH1,fwater_temp,30.3000,normal,1.00,2025-01-18 00:00:00+00,2025-08-09 06:58:58.765837+00
803,5c5bc271-66b8-4b72-bb5f-66a5695222df,GH1,fwater_temp,30.8000,normal,1.00,2025-01-19 00:00:00+00,2025-08-09 06:58:58.765837+00
804,5c5bc271-66b8-4b72-bb5f-66a5695222df,GH1,fwater_temp,30.2000,normal,1.00,2025-01-20 00:00:00+00,2025-08-09 06:58:58.765837+00
805,5c5bc271-66b8-4b72-bb5f-66a5695222df,GH1,fwater_temp,29.9000,normal,1.00,2025-01-21 00:00:00+00,2025-08-09 06:58:58.765837+00
806,5c5bc271-66b8-4b72-bb5f-66a5695222df,GH1,fwater_temp,29.7000,normal,1.00,2025-01-22 00:00:00+00,2025-08-09 06:58:58.765837+00
807,5c5bc271-66b8-4b72-bb5f-66a5695222df,GH1,fwater_temp,30.0000,normal,1.00,2025-01-23 00:00:00+00,2025-08-09 06:58:58.765837+00
808,5c5bc271-66b8-4b72-bb5f-66a5695222df,GH1,fwater_temp,30.4000,normal,1.00,2025-01-24 00:00:00+00,2025-08-09 06:58:58.765837+00
809,5c5bc271-66b8-4b72-bb5f-66a5695222df,GH1,fwater_temp,30.7000,normal,1.00,2025-01-25 00:00:00+00,2025-08-09 06:58:58.765837+00
810,5c5bc271-66b8-4b72-bb5f-66a5695222df,GH1,fwater_temp,30.4000,normal,1.00,2025-01-26 00:00:00+00,2025-08-09 06:58:58.765837+00
811,5c5bc271-66b8-4b72-bb5f-66a5695222df,GH1,fwater_temp,29.8000,normal,1.00,2025-01-27 00:00:00+00,2025-08-09 06:58:58.765837+00
812,5c5bc271-66b8-4b72-bb5f-66a5695222df,GH1,fwater_temp,28.0000,normal,1.00,2025-01-28 00:00:00+00,2025-08-09 06:58:58.765837+00
813,5c5bc271-66b8-4b72-bb5f-66a5695222df,GH1,fwater_temp,28.9000,normal,1.00,2025-01-29 00:00:00+00,2025-08-09 06:58:58.765837+00
814,5c5bc271-66b8-4b72-bb5f-66a5695222df,GH1,fwater_temp,28.9000,normal,1.00,2025-01-30 00:00:00+00,2025-08-09 06:58:58.765837+00
815,5c5bc271-66b8-4b72-bb5f-66a5695222df,GH1,fwater_temp,29.5000,normal,1.00,2025-01-31 00:00:00+00,2025-08-09 06:58:58.765837+00
816,5c5bc271-66b8-4b72-bb5f-66a5695222df,GH1,fwater_temp,31.0000,normal,1.00,2025-02-01 00:00:00+00,2025-08-09 06:58:58.765837+00
817,5c5bc271-66b8-4b72-bb5f-66a5695222df,GH1,fwater_temp,30.0000,normal,1.00,2025-02-02 00:00:00+00,2025-08-09 06:58:58.765837+00
818,5c5bc271-66b8-4b72-bb5f-66a5695222df,GH1,fwater_temp,30.6000,normal,1.00,2025-02-03 00:00:00+00,2025-08-09 06:58:58.765837+00
819,5c5bc271-66b8-4b72-bb5f-66a5695222df,GH1,fwater_temp,28.7000,normal,1.00,2025-02-04 00:00:00+00,2025-08-09 06:58:58.765837+00
820,5c5bc271-66b8-4b72-bb5f-66a5695222df,GH1,fwater_temp,30.4000,normal,1.00,2025-02-05 00:00:00+00,2025-08-09 06:58:58.765837+00
821,5c5bc271-66b8-4b72-bb5f-66a5695222df,GH1,fwater_temp,28.8000,normal,1.00,2025-02-06 00:00:00+00,2025-08-09 06:58:58.765837+00
822,5c5bc271-66b8-4b72-bb5f-66a5695222df,GH1,fwater_temp,28.0000,normal,1.00,2025-02-07 00:00:00+00,2025-08-09 06:58:58.765837+00
823,5c5bc271-66b8-4b72-bb5f-66a5695222df,GH1,fwater_temp,28.7000,normal,1.00,2025-02-08 00:00:00+00,2025-08-09 06:58:58.765837+00
824,5c5bc271-66b8-4b72-bb5f-66a5695222df,GH1,fwater_temp,29.3000,normal,1.00,2025-02-09 00:00:00+00,2025-08-09 06:58:58.765837+00
825,5c5bc271-66b8-4b72-bb5f-66a5695222df,GH1,fwater_temp,28.2300,normal,1.00,2025-02-10 00:00:00+00,2025-08-09 06:58:58.765837+00
826,5c5bc271-66b8-4b72-bb5f-66a5695222df,GH1,fwater_temp,27.9800,normal,1.00,2025-02-11 00:00:00+00,2025-08-09 06:58:58.765837+00
827,5c5bc271-66b8-4b72-bb5f-66a5695222df,GH1,fwater_temp,31.4000,normal,1.00,2025-02-12 00:00:00+00,2025-08-09 06:58:58.765837+00
828,5c5bc271-66b8-4b72-bb5f-66a5695222df,GH1,fwater_temp,31.0500,normal,1.00,2025-02-13 00:00:00+00,2025-08-09 06:58:58.765837+00
829,5c5bc271-66b8-4b72-bb5f-66a5695222df,GH1,fwater_temp,30.4300,normal,1.00,2025-02-14 00:00:00+00,2025-08-09 06:58:58.765837+00
830,5c5bc271-66b8-4b72-bb5f-66a5695222df,GH1,fwater_temp,31.2000,normal,1.00,2025-02-15 00:00:00+00,2025-08-09 06:58:58.765837+00
831,5c5bc271-66b8-4b72-bb5f-66a5695222df,GH1,fwater_temp,31.2300,normal,1.00,2025-02-16 00:00:00+00,2025-08-09 06:58:58.765837+00
832,5c5bc271-66b8-4b72-bb5f-66a5695222df,GH1,fwater_temp,31.5000,normal,1.00,2025-02-17 00:00:00+00,2025-08-09 06:58:58.765837+00
833,5c5bc271-66b8-4b72-bb5f-66a5695222df,GH1,fwater_temp,30.4500,normal,1.00,2025-02-18 00:00:00+00,2025-08-09 06:58:58.765837+00
834,5c5bc271-66b8-4b72-bb5f-66a5695222df,GH1,fwater_temp,29.6800,normal,1.00,2025-02-19 00:00:00+00,2025-08-09 06:58:58.765837+00
835,5c5bc271-66b8-4b72-bb5f-66a5695222df,GH1,fwater_temp,28.6500,normal,1.00,2025-02-20 00:00:00+00,2025-08-09 06:58:58.765837+00
836,5c5bc271-66b8-4b72-bb5f-66a5695222df,GH1,fwater_temp,29.1800,normal,1.00,2025-02-21 00:00:00+00,2025-08-09 06:58:58.765837+00
837,5c5bc271-66b8-4b72-bb5f-66a5695222df,GH1,fwater_temp,31.0500,normal,1.00,2025-02-22 00:00:00+00,2025-08-09 06:58:58.765837+00
838,5c5bc271-66b8-4b72-bb5f-66a5695222df,GH1,fwater_temp,29.3500,normal,1.00,2025-02-24 00:00:00+00,2025-08-09 06:58:58.765837+00
839,5c5bc271-66b8-4b72-bb5f-66a5695222df,GH1,fwater_temp,28.9300,normal,1.00,2025-02-25 00:00:00+00,2025-08-09 06:58:58.765837+00
840,5c5bc271-66b8-4b72-bb5f-66a5695222df,GH1,fwater_temp,29.1500,normal,1.00,2025-02-26 00:00:00+00,2025-08-09 06:58:58.765837+00
841,5c5bc271-66b8-4b72-bb5f-66a5695222df,GH1,fwater_temp,29.1000,normal,1.00,2025-02-27 00:00:00+00,2025-08-09 06:58:58.765837+00
842,5c5bc271-66b8-4b72-bb5f-66a5695222df,GH1,fwater_temp,29.7300,normal,1.00,2025-02-28 00:00:00+00,2025-08-09 06:58:58.765837+00
843,5c5bc271-66b8-4b72-bb5f-66a5695222df,GH1,fwater_temp,30.1800,normal,1.00,2025-03-01 00:00:00+00,2025-08-09 06:58:58.765837+00
844,5c5bc271-66b8-4b72-bb5f-66a5695222df,GH1,fwater_temp,33.4800,normal,1.00,2025-03-02 00:00:00+00,2025-08-09 06:58:58.765837+00
845,5c5bc271-66b8-4b72-bb5f-66a5695222df,GH1,fwater_temp,30.1500,normal,1.00,2025-03-03 00:00:00+00,2025-08-09 06:58:58.765837+00
846,5c5bc271-66b8-4b72-bb5f-66a5695222df,GH1,fwater_temp,32.3800,normal,1.00,2025-03-04 00:00:00+00,2025-08-09 06:58:58.765837+00
847,5c5bc271-66b8-4b72-bb5f-66a5695222df,GH1,fwater_temp,33.8500,normal,1.00,2025-03-05 00:00:00+00,2025-08-09 06:58:58.765837+00
848,5c5bc271-66b8-4b72-bb5f-66a5695222df,GH1,fwater_temp,32.9500,normal,1.00,2025-03-06 00:00:00+00,2025-08-09 06:58:58.765837+00
849,5c5bc271-66b8-4b72-bb5f-66a5695222df,GH1,fwater_temp,31.0300,normal,1.00,2025-03-07 00:00:00+00,2025-08-09 06:58:58.765837+00
850,5c5bc271-66b8-4b72-bb5f-66a5695222df,GH1,fwater_temp,31.4800,normal,1.00,2025-03-08 00:00:00+00,2025-08-09 06:58:58.765837+00
851,5c5bc271-66b8-4b72-bb5f-66a5695222df,GH1,fwater_temp,32.0300,normal,1.00,2025-03-09 00:00:00+00,2025-08-09 06:58:58.765837+00
852,5c5bc271-66b8-4b72-bb5f-66a5695222df,GH1,fwater_temp,31.3300,normal,1.00,2025-03-10 00:00:00+00,2025-08-09 06:58:58.765837+00
853,5c5bc271-66b8-4b72-bb5f-66a5695222df,GH1,fwater_temp,32.0000,normal,1.00,2025-03-11 00:00:00+00,2025-08-09 06:58:58.765837+00
854,5c5bc271-66b8-4b72-bb5f-66a5695222df,GH1,fwater_temp,31.3300,normal,1.00,2025-03-12 00:00:00+00,2025-08-09 06:58:58.765837+00
855,5c5bc271-66b8-4b72-bb5f-66a5695222df,GH1,fwater_temp,30.5500,normal,1.00,2025-03-13 00:00:00+00,2025-08-09 06:58:58.765837+00
856,5c5bc271-66b8-4b72-bb5f-66a5695222df,GH1,fwater_temp,30.6300,normal,1.00,2025-03-14 00:00:00+00,2025-08-09 06:58:58.765837+00
857,5c5bc271-66b8-4b72-bb5f-66a5695222df,GH1,fwater_temp,30.4500,normal,1.00,2025-03-15 00:00:00+00,2025-08-09 06:58:58.765837+00
858,5c5bc271-66b8-4b72-bb5f-66a5695222df,GH1,fwater_temp,31.8300,normal,1.00,2025-03-16 00:00:00+00,2025-08-09 06:58:58.765837+00
859,5c5bc271-66b8-4b72-bb5f-66a5695222df,GH1,fwater_temp,28.6800,normal,1.00,2025-03-17 00:00:00+00,2025-08-09 06:58:58.765837+00
860,5c5bc271-66b8-4b72-bb5f-66a5695222df,GH1,fwater_temp,29.1300,normal,1.00,2025-03-18 00:00:00+00,2025-08-09 06:58:58.765837+00
861,5c5bc271-66b8-4b72-bb5f-66a5695222df,GH1,fwater_temp,28.7800,normal,1.00,2025-03-19 00:00:00+00,2025-08-09 06:58:58.765837+00
862,5c5bc271-66b8-4b72-bb5f-66a5695222df,GH1,fwater_temp,27.6500,normal,1.00,2025-03-20 00:00:00+00,2025-08-09 06:58:58.765837+00
863,5c5bc271-66b8-4b72-bb5f-66a5695222df,GH1,fwater_temp,27.9500,normal,1.00,2025-03-21 00:00:00+00,2025-08-09 06:58:58.765837+00
864,5c5bc271-66b8-4b72-bb5f-66a5695222df,GH1,fwater_temp,29.0000,normal,1.00,2025-03-22 00:00:00+00,2025-08-09 06:58:58.765837+00
865,5c5bc271-66b8-4b72-bb5f-66a5695222df,GH1,fwater_temp,29.8000,normal,1.00,2025-03-23 00:00:00+00,2025-08-09 06:58:58.765837+00
866,5c5bc271-66b8-4b72-bb5f-66a5695222df,GH1,fwater_temp,30.1500,normal,1.00,2025-03-24 00:00:00+00,2025-08-09 06:58:58.765837+00
867,5c5bc271-66b8-4b72-bb5f-66a5695222df,GH1,fwater_temp,31.2300,normal,1.00,2025-03-25 00:00:00+00,2025-08-09 06:58:58.765837+00
868,5c5bc271-66b8-4b72-bb5f-66a5695222df,GH1,fwater_temp,32.0300,normal,1.00,2025-03-26 00:00:00+00,2025-08-09 06:58:58.765837+00
869,5c5bc271-66b8-4b72-bb5f-66a5695222df,GH1,fwater_temp,31.3300,normal,1.00,2025-03-27 00:00:00+00,2025-08-09 06:58:58.765837+00
870,5c5bc271-66b8-4b72-bb5f-66a5695222df,GH1,fwater_temp,31.8000,normal,1.00,2025-03-28 00:00:00+00,2025-08-09 06:58:58.765837+00
871,5c5bc271-66b8-4b72-bb5f-66a5695222df,GH1,fwater_temp,28.4000,normal,1.00,2025-03-29 00:00:00+00,2025-08-09 06:58:58.765837+00
872,5c5bc271-66b8-4b72-bb5f-66a5695222df,GH1,fwater_temp,29.9500,normal,1.00,2025-03-30 00:00:00+00,2025-08-09 06:58:58.765837+00
873,5c5bc271-66b8-4b72-bb5f-66a5695222df,GH1,fwater_temp,30.2500,normal,1.00,2025-03-31 00:00:00+00,2025-08-09 06:58:58.765837+00
874,5c5bc271-66b8-4b72-bb5f-66a5695222df,GH1,fwater_temp,31.4000,normal,1.00,2025-04-01 00:00:00+00,2025-08-09 06:58:58.765837+00
875,5c5bc271-66b8-4b72-bb5f-66a5695222df,GH1,fwater_temp,31.5000,normal,1.00,2025-04-02 00:00:00+00,2025-08-09 06:58:58.765837+00
876,5c5bc271-66b8-4b72-bb5f-66a5695222df,GH1,fwater_temp,32.4800,normal,1.00,2025-04-03 00:00:00+00,2025-08-09 06:58:58.765837+00
877,5c5bc271-66b8-4b72-bb5f-66a5695222df,GH1,fwater_temp,31.7800,normal,1.00,2025-04-04 00:00:00+00,2025-08-09 06:58:58.765837+00
878,5c5bc271-66b8-4b72-bb5f-66a5695222df,GH1,fwater_temp,32.0300,normal,1.00,2025-04-05 00:00:00+00,2025-08-09 06:58:58.765837+00
879,5c5bc271-66b8-4b72-bb5f-66a5695222df,GH1,fwater_temp,32.7800,normal,1.00,2025-04-06 00:00:00+00,2025-08-09 06:58:58.765837+00
880,5c5bc271-66b8-4b72-bb5f-66a5695222df,GH1,fwater_temp,31.8500,normal,1.00,2025-04-07 00:00:00+00,2025-08-09 06:58:58.765837+00
881,5c5bc271-66b8-4b72-bb5f-66a5695222df,GH1,fwater_temp,31.6000,normal,1.00,2025-04-08 00:00:00+00,2025-08-09 06:58:58.765837+00
882,5c5bc271-66b8-4b72-bb5f-66a5695222df,GH1,fwater_temp,32.4000,normal,1.00,2025-04-09 00:00:00+00,2025-08-09 06:58:58.765837+00
883,5c5bc271-66b8-4b72-bb5f-66a5695222df,GH1,fwater_temp,31.8000,normal,1.00,2025-04-10 00:00:00+00,2025-08-09 06:58:58.765837+00
884,5c5bc271-66b8-4b72-bb5f-66a5695222df,GH1,fwater_temp,31.7300,normal,1.00,2025-04-11 00:00:00+00,2025-08-09 06:58:58.765837+00
885,5c5bc271-66b8-4b72-bb5f-66a5695222df,GH1,fwater_temp,35.0300,normal,1.00,2025-04-12 00:00:00+00,2025-08-09 06:58:58.765837+00
886,5c5bc271-66b8-4b72-bb5f-66a5695222df,GH1,fwater_temp,30.0300,normal,1.00,2025-04-13 00:00:00+00,2025-08-09 06:58:58.765837+00
887,5c5bc271-66b8-4b72-bb5f-66a5695222df,GH1,fwater_temp,32.1500,normal,1.00,2025-04-14 00:00:00+00,2025-08-09 06:58:58.765837+00
888,5c5bc271-66b8-4b72-bb5f-66a5695222df,GH1,fwater_temp,32.3500,normal,1.00,2025-04-15 00:00:00+00,2025-08-09 06:58:58.765837+00
889,5c5bc271-66b8-4b72-bb5f-66a5695222df,GH1,fwater_temp,33.1500,normal,1.00,2025-04-16 00:00:00+00,2025-08-09 06:58:58.765837+00
890,5c5bc271-66b8-4b72-bb5f-66a5695222df,GH1,fwater_temp,31.0000,normal,1.00,2025-04-17 00:00:00+00,2025-08-09 06:58:58.765837+00
891,5c5bc271-66b8-4b72-bb5f-66a5695222df,GH1,fwater_temp,34.0000,normal,1.00,2025-04-18 00:00:00+00,2025-08-09 06:58:58.765837+00
892,5c5bc271-66b8-4b72-bb5f-66a5695222df,GH1,fwater_temp,32.8000,normal,1.00,2025-04-19 00:00:00+00,2025-08-09 06:58:58.765837+00
893,5c5bc271-66b8-4b72-bb5f-66a5695222df,GH1,fwater_temp,33.6300,normal,1.00,2025-04-20 00:00:00+00,2025-08-09 06:58:58.765837+00
894,5c5bc271-66b8-4b72-bb5f-66a5695222df,GH1,sys_ec,1.1530,normal,1.00,2025-04-21 00:00:00+00,2025-08-09 06:58:58.765837+00
895,5c5bc271-66b8-4b72-bb5f-66a5695222df,GH1,sys_ec,1.1340,normal,1.00,2025-04-22 00:00:00+00,2025-08-09 06:58:58.765837+00
896,5c5bc271-66b8-4b72-bb5f-66a5695222df,GH1,sys_ec,1.0880,normal,1.00,2025-04-23 00:00:00+00,2025-08-09 06:58:58.765837+00
897,5c5bc271-66b8-4b72-bb5f-66a5695222df,GH1,sys_ec,1.1890,normal,1.00,2025-04-24 00:00:00+00,2025-08-09 06:58:58.765837+00
898,5c5bc271-66b8-4b72-bb5f-66a5695222df,GH1,sys_ec,1.2100,normal,1.00,2025-04-25 00:00:00+00,2025-08-09 06:58:58.765837+00
899,5c5bc271-66b8-4b72-bb5f-66a5695222df,GH1,sys_ec,1.2940,normal,1.00,2025-04-26 00:00:00+00,2025-08-09 06:58:58.765837+00
900,5c5bc271-66b8-4b72-bb5f-66a5695222df,GH1,sys_ec,1.3210,normal,1.00,2025-04-27 00:00:00+00,2025-08-09 06:58:58.765837+00
901,5c5bc271-66b8-4b72-bb5f-66a5695222df,GH1,sys_ec,1.2390,normal,1.00,2025-04-28 00:00:00+00,2025-08-09 06:58:58.765837+00
902,5c5bc271-66b8-4b72-bb5f-66a5695222df,GH1,sys_ec,1.2250,normal,1.00,2025-04-29 00:00:00+00,2025-08-09 06:58:58.765837+00
903,5c5bc271-66b8-4b72-bb5f-66a5695222df,GH1,sys_ec,1.2050,normal,1.00,2025-04-30 00:00:00+00,2025-08-09 06:58:58.765837+00
904,5c5bc271-66b8-4b72-bb5f-66a5695222df,GH1,sys_ec,1.1720,normal,1.00,2025-05-01 00:00:00+00,2025-08-09 06:58:58.765837+00
905,5c5bc271-66b8-4b72-bb5f-66a5695222df,GH1,sys_ec,1.2390,normal,1.00,2025-05-02 00:00:00+00,2025-08-09 06:58:58.765837+00
906,5c5bc271-66b8-4b72-bb5f-66a5695222df,GH1,sys_ec,1.2660,normal,1.00,2025-05-03 00:00:00+00,2025-08-09 06:58:58.765837+00
907,5c5bc271-66b8-4b72-bb5f-66a5695222df,GH1,sys_ec,1.2240,normal,1.00,2025-05-04 00:00:00+00,2025-08-09 06:58:58.765837+00
908,5c5bc271-66b8-4b72-bb5f-66a5695222df,GH1,sys_ec,1.1610,normal,1.00,2025-05-05 00:00:00+00,2025-08-09 06:58:58.765837+00
909,5c5bc271-66b8-4b72-bb5f-66a5695222df,GH1,sys_ec,1.1660,normal,1.00,2025-05-06 00:00:00+00,2025-08-09 06:58:58.765837+00
910,5c5bc271-66b8-4b72-bb5f-66a5695222df,GH1,sys_ec,1.1320,normal,1.00,2025-05-07 00:00:00+00,2025-08-09 06:58:58.765837+00
911,5c5bc271-66b8-4b72-bb5f-66a5695222df,GH1,sys_ec,0.1120,normal,1.00,2025-05-08 00:00:00+00,2025-08-09 06:58:58.765837+00
912,5c5bc271-66b8-4b72-bb5f-66a5695222df,GH1,sys_ec,1.1600,normal,1.00,2025-05-09 00:00:00+00,2025-08-09 06:58:58.765837+00
913,5c5bc271-66b8-4b72-bb5f-66a5695222df,GH1,sys_ec,1.3220,normal,1.00,2025-05-10 00:00:00+00,2025-08-09 06:58:58.765837+00
914,5c5bc271-66b8-4b72-bb5f-66a5695222df,GH1,sys_ec,1.2360,normal,1.00,2025-05-11 00:00:00+00,2025-08-09 06:58:58.765837+00
915,5c5bc271-66b8-4b72-bb5f-66a5695222df,GH1,sys_ec,1.1270,normal,1.00,2025-05-12 00:00:00+00,2025-08-09 06:58:58.765837+00
916,5c5bc271-66b8-4b72-bb5f-66a5695222df,GH1,sys_ec,1.0750,normal,1.00,2025-05-13 00:00:00+00,2025-08-09 06:58:58.765837+00
917,5c5bc271-66b8-4b72-bb5f-66a5695222df,GH1,sys_ec,1.0470,normal,1.00,2025-05-14 00:00:00+00,2025-08-09 06:58:58.765837+00
918,5c5bc271-66b8-4b72-bb5f-66a5695222df,GH1,sys_ec,1.1480,normal,1.00,2025-05-15 00:00:00+00,2025-08-09 06:58:58.765837+00
919,5c5bc271-66b8-4b72-bb5f-66a5695222df,GH1,sys_ec,1.1600,normal,1.00,2025-05-16 00:00:00+00,2025-08-09 06:58:58.765837+00
920,5c5bc271-66b8-4b72-bb5f-66a5695222df,GH1,sys_ec,1.1740,normal,1.00,2025-05-17 00:00:00+00,2025-08-09 06:58:58.765837+00
921,5c5bc271-66b8-4b72-bb5f-66a5695222df,GH1,sys_ec,1.1820,normal,1.00,2025-05-18 00:00:00+00,2025-08-09 06:58:58.765837+00
922,5c5bc271-66b8-4b72-bb5f-66a5695222df,GH1,sys_ec,1.2290,normal,1.00,2025-05-19 00:00:00+00,2025-08-09 06:58:58.765837+00
923,5c5bc271-66b8-4b72-bb5f-66a5695222df,GH1,sys_ec,1.2520,normal,1.00,2025-05-20 00:00:00+00,2025-08-09 06:58:58.765837+00
924,5c5bc271-66b8-4b72-bb5f-66a5695222df,GH1,sys_ec,1.2130,normal,1.00,2025-05-21 00:00:00+00,2025-08-09 06:58:58.765837+00
925,5c5bc271-66b8-4b72-bb5f-66a5695222df,GH1,sys_ec,1.1610,normal,1.00,2025-05-22 00:00:00+00,2025-08-09 06:58:58.765837+00
926,5c5bc271-66b8-4b72-bb5f-66a5695222df,GH1,sys_ec,1.2000,normal,1.00,2025-05-23 00:00:00+00,2025-08-09 06:58:58.765837+00
927,5c5bc271-66b8-4b72-bb5f-66a5695222df,GH1,sys_ec,1.0980,normal,1.00,2025-05-24 00:00:00+00,2025-08-09 06:58:58.765837+00
928,5c5bc271-66b8-4b72-bb5f-66a5695222df,GH1,sys_ec,1.0110,normal,1.00,2025-05-25 00:00:00+00,2025-08-09 06:58:58.765837+00
929,5c5bc271-66b8-4b72-bb5f-66a5695222df,GH1,sys_ec,1.0720,normal,1.00,2025-05-26 00:00:00+00,2025-08-09 06:58:58.765837+00
930,5c5bc271-66b8-4b72-bb5f-66a5695222df,GH1,sys_ec,1.0780,normal,1.00,2025-05-27 00:00:00+00,2025-08-09 06:58:58.765837+00
931,5c5bc271-66b8-4b72-bb5f-66a5695222df,GH1,sys_ec,1.1290,normal,1.00,2025-05-28 00:00:00+00,2025-08-09 06:58:58.765837+00
932,5c5bc271-66b8-4b72-bb5f-66a5695222df,GH1,sys_ec,1.1590,normal,1.00,2025-05-29 00:00:00+00,2025-08-09 06:58:58.765837+00
933,5c5bc271-66b8-4b72-bb5f-66a5695222df,GH1,sys_ec,1.1560,normal,1.00,2025-05-30 00:00:00+00,2025-08-09 06:58:58.765837+00
934,5c5bc271-66b8-4b72-bb5f-66a5695222df,GH1,sys_ec,1.0260,normal,1.00,2025-05-31 00:00:00+00,2025-08-09 06:58:58.765837+00
935,5c5bc271-66b8-4b72-bb5f-66a5695222df,GH1,sys_ec,1.1060,normal,1.00,2025-06-01 00:00:00+00,2025-08-09 06:58:58.765837+00
936,5c5bc271-66b8-4b72-bb5f-66a5695222df,GH1,sys_ec,1.2460,normal,1.00,2025-06-02 00:00:00+00,2025-08-09 06:58:58.765837+00
937,5c5bc271-66b8-4b72-bb5f-66a5695222df,GH1,sys_ec,1.2600,normal,1.00,2025-06-03 00:00:00+00,2025-08-09 06:58:58.765837+00
938,5c5bc271-66b8-4b72-bb5f-66a5695222df,GH1,sys_ec,1.2300,normal,1.00,2025-06-04 00:00:00+00,2025-08-09 06:58:58.765837+00
939,5c5bc271-66b8-4b72-bb5f-66a5695222df,GH1,sys_ec,1.1360,normal,1.00,2025-06-05 00:00:00+00,2025-08-09 06:58:58.765837+00
940,5c5bc271-66b8-4b72-bb5f-66a5695222df,GH1,sys_ec,1.0790,normal,1.00,2025-06-06 00:00:00+00,2025-08-09 06:58:58.765837+00
941,5c5bc271-66b8-4b72-bb5f-66a5695222df,GH1,sys_ec,1.1560,normal,1.00,2025-06-07 00:00:00+00,2025-08-09 06:58:58.765837+00
942,5c5bc271-66b8-4b72-bb5f-66a5695222df,GH1,sys_ec,1.0660,normal,1.00,2025-06-08 00:00:00+00,2025-08-09 06:58:58.765837+00
943,5c5bc271-66b8-4b72-bb5f-66a5695222df,GH1,sys_ec,1.1040,normal,1.00,2025-06-09 00:00:00+00,2025-08-09 06:58:58.765837+00
944,5c5bc271-66b8-4b72-bb5f-66a5695222df,GH1,sys_ec,1.1670,normal,1.00,2025-06-10 00:00:00+00,2025-08-09 06:58:58.765837+00
945,5c5bc271-66b8-4b72-bb5f-66a5695222df,GH1,sys_ec,1.2070,normal,1.00,2025-06-11 00:00:00+00,2025-08-09 06:58:58.765837+00
946,5c5bc271-66b8-4b72-bb5f-66a5695222df,GH1,sys_ec,1.1820,normal,1.00,2025-06-12 00:00:00+00,2025-08-09 06:58:58.765837+00
947,5c5bc271-66b8-4b72-bb5f-66a5695222df,GH1,sys_ec,1.1570,normal,1.00,2025-06-13 00:00:00+00,2025-08-09 06:58:58.765837+00
948,5c5bc271-66b8-4b72-bb5f-66a5695222df,GH1,sys_ec,1.1630,normal,1.00,2025-06-14 00:00:00+00,2025-08-09 06:58:58.765837+00
949,5c5bc271-66b8-4b72-bb5f-66a5695222df,GH1,sys_ec,1.2060,normal,1.00,2025-06-15 00:00:00+00,2025-08-09 06:58:58.765837+00
950,5c5bc271-66b8-4b72-bb5f-66a5695222df,GH1,sys_ec,1.1710,normal,1.00,2025-06-16 00:00:00+00,2025-08-09 06:58:58.765837+00
951,5c5bc271-66b8-4b72-bb5f-66a5695222df,GH1,sys_ec,1.2110,normal,1.00,2025-06-17 00:00:00+00,2025-08-09 06:58:58.765837+00
952,5c5bc271-66b8-4b72-bb5f-66a5695222df,GH1,sys_ec,1.2110,normal,1.00,2025-06-18 00:00:00+00,2025-08-09 06:58:58.765837+00
953,5c5bc271-66b8-4b72-bb5f-66a5695222df,GH1,sys_ec,1.1650,normal,1.00,2025-06-19 00:00:00+00,2025-08-09 06:58:58.765837+00
954,5c5bc271-66b8-4b72-bb5f-66a5695222df,GH1,sys_ec,1.1510,normal,1.00,2025-06-20 00:00:00+00,2025-08-09 06:58:58.765837+00
955,5c5bc271-66b8-4b72-bb5f-66a5695222df,GH1,sys_ec,1.1560,normal,1.00,2025-06-21 00:00:00+00,2025-08-09 06:58:58.765837+00
956,5c5bc271-66b8-4b72-bb5f-66a5695222df,GH1,sys_ec,1.1510,normal,1.00,2025-06-22 00:00:00+00,2025-08-09 06:58:58.765837+00
957,5c5bc271-66b8-4b72-bb5f-66a5695222df,GH1,sys_ph,7.4000,normal,1.00,2025-04-21 00:00:00+00,2025-08-09 06:58:58.765837+00
958,5c5bc271-66b8-4b72-bb5f-66a5695222df,GH1,sys_ph,7.6000,normal,1.00,2025-04-22 00:00:00+00,2025-08-09 06:58:58.765837+00
959,5c5bc271-66b8-4b72-bb5f-66a5695222df,GH1,sys_ph,7.3500,normal,1.00,2025-04-23 00:00:00+00,2025-08-09 06:58:58.765837+00
960,5c5bc271-66b8-4b72-bb5f-66a5695222df,GH1,sys_ph,7.2000,normal,1.00,2025-04-24 00:00:00+00,2025-08-09 06:58:58.765837+00
961,5c5bc271-66b8-4b72-bb5f-66a5695222df,GH1,sys_ph,7.2800,normal,1.00,2025-04-25 00:00:00+00,2025-08-09 06:58:58.765837+00
962,5c5bc271-66b8-4b72-bb5f-66a5695222df,GH1,sys_ph,6.9500,normal,1.00,2025-04-26 00:00:00+00,2025-08-09 06:58:58.765837+00
963,5c5bc271-66b8-4b72-bb5f-66a5695222df,GH1,sys_ph,7.2500,normal,1.00,2025-04-27 00:00:00+00,2025-08-09 06:58:58.765837+00
964,5c5bc271-66b8-4b72-bb5f-66a5695222df,GH1,sys_ph,7.2300,normal,1.00,2025-04-28 00:00:00+00,2025-08-09 06:58:58.765837+00
965,5c5bc271-66b8-4b72-bb5f-66a5695222df,GH1,sys_ph,7.1800,normal,1.00,2025-04-29 00:00:00+00,2025-08-09 06:58:58.765837+00
966,5c5bc271-66b8-4b72-bb5f-66a5695222df,GH1,sys_ph,7.2000,normal,1.00,2025-04-30 00:00:00+00,2025-08-09 06:58:58.765837+00
967,5c5bc271-66b8-4b72-bb5f-66a5695222df,GH1,sys_ph,7.3800,normal,1.00,2025-05-01 00:00:00+00,2025-08-09 06:58:58.765837+00
968,5c5bc271-66b8-4b72-bb5f-66a5695222df,GH1,sys_ph,7.2000,normal,1.00,2025-05-02 00:00:00+00,2025-08-09 06:58:58.765837+00
969,5c5bc271-66b8-4b72-bb5f-66a5695222df,GH1,sys_ph,7.1300,normal,1.00,2025-05-03 00:00:00+00,2025-08-09 06:58:58.765837+00
970,5c5bc271-66b8-4b72-bb5f-66a5695222df,GH1,sys_ph,7.3800,normal,1.00,2025-05-04 00:00:00+00,2025-08-09 06:58:58.765837+00
971,5c5bc271-66b8-4b72-bb5f-66a5695222df,GH1,sys_ph,7.6000,normal,1.00,2025-05-05 00:00:00+00,2025-08-09 06:58:58.765837+00
972,5c5bc271-66b8-4b72-bb5f-66a5695222df,GH1,sys_ph,7.6500,normal,1.00,2025-05-06 00:00:00+00,2025-08-09 06:58:58.765837+00
973,5c5bc271-66b8-4b72-bb5f-66a5695222df,GH1,sys_ph,7.5300,normal,1.00,2025-05-07 00:00:00+00,2025-08-09 06:58:58.765837+00
974,5c5bc271-66b8-4b72-bb5f-66a5695222df,GH1,sys_ph,7.3300,normal,1.00,2025-05-08 00:00:00+00,2025-08-09 06:58:58.765837+00
975,5c5bc271-66b8-4b72-bb5f-66a5695222df,GH1,sys_ph,7.4500,normal,1.00,2025-05-09 00:00:00+00,2025-08-09 06:58:58.765837+00
976,5c5bc271-66b8-4b72-bb5f-66a5695222df,GH1,sys_ph,7.3500,normal,1.00,2025-05-10 00:00:00+00,2025-08-09 06:58:58.765837+00
977,5c5bc271-66b8-4b72-bb5f-66a5695222df,GH1,sys_ph,5.8600,normal,1.00,2025-05-11 00:00:00+00,2025-08-09 06:58:58.765837+00
978,5c5bc271-66b8-4b72-bb5f-66a5695222df,GH1,sys_ph,7.6500,normal,1.00,2025-05-12 00:00:00+00,2025-08-09 06:58:58.765837+00
979,5c5bc271-66b8-4b72-bb5f-66a5695222df,GH1,sys_ph,7.5700,normal,1.00,2025-05-13 00:00:00+00,2025-08-09 06:58:58.765837+00
980,5c5bc271-66b8-4b72-bb5f-66a5695222df,GH1,sys_ph,7.3000,normal,1.00,2025-05-14 00:00:00+00,2025-08-09 06:58:58.765837+00
981,5c5bc271-66b8-4b72-bb5f-66a5695222df,GH1,sys_ph,7.2800,normal,1.00,2025-05-15 00:00:00+00,2025-08-09 06:58:58.765837+00
982,5c5bc271-66b8-4b72-bb5f-66a5695222df,GH1,sys_ph,7.3300,normal,1.00,2025-05-16 00:00:00+00,2025-08-09 06:58:58.765837+00
983,5c5bc271-66b8-4b72-bb5f-66a5695222df,GH1,sys_ph,7.3000,normal,1.00,2025-05-17 00:00:00+00,2025-08-09 06:58:58.765837+00
984,5c5bc271-66b8-4b72-bb5f-66a5695222df,GH1,sys_ph,7.3300,normal,1.00,2025-05-18 00:00:00+00,2025-08-09 06:58:58.765837+00
985,5c5bc271-66b8-4b72-bb5f-66a5695222df,GH1,sys_ph,7.4500,normal,1.00,2025-05-19 00:00:00+00,2025-08-09 06:58:58.765837+00
986,5c5bc271-66b8-4b72-bb5f-66a5695222df,GH1,sys_ph,7.5000,normal,1.00,2025-05-20 00:00:00+00,2025-08-09 06:58:58.765837+00
987,5c5bc271-66b8-4b72-bb5f-66a5695222df,GH1,sys_ph,7.5800,normal,1.00,2025-05-21 00:00:00+00,2025-08-09 06:58:58.765837+00
988,5c5bc271-66b8-4b72-bb5f-66a5695222df,GH1,sys_ph,7.6540,normal,1.00,2025-05-22 00:00:00+00,2025-08-09 06:58:58.765837+00
989,5c5bc271-66b8-4b72-bb5f-66a5695222df,GH1,sys_ph,7.5800,normal,1.00,2025-05-23 00:00:00+00,2025-08-09 06:58:58.765837+00
990,5c5bc271-66b8-4b72-bb5f-66a5695222df,GH1,sys_ph,7.7000,normal,1.00,2025-05-24 00:00:00+00,2025-08-09 06:58:58.765837+00
991,5c5bc271-66b8-4b72-bb5f-66a5695222df,GH1,sys_ph,7.7000,normal,1.00,2025-05-25 00:00:00+00,2025-08-09 06:58:58.765837+00
992,5c5bc271-66b8-4b72-bb5f-66a5695222df,GH1,sys_ph,7.5000,normal,1.00,2025-05-26 00:00:00+00,2025-08-09 06:58:58.765837+00
993,5c5bc271-66b8-4b72-bb5f-66a5695222df,GH1,sys_ph,7.5300,normal,1.00,2025-05-27 00:00:00+00,2025-08-09 06:58:58.765837+00
994,5c5bc271-66b8-4b72-bb5f-66a5695222df,GH1,sys_ph,7.3000,normal,1.00,2025-05-28 00:00:00+00,2025-08-09 06:58:58.765837+00
995,5c5bc271-66b8-4b72-bb5f-66a5695222df,GH1,sys_ph,7.2000,normal,1.00,2025-05-29 00:00:00+00,2025-08-09 06:58:58.765837+00
996,5c5bc271-66b8-4b72-bb5f-66a5695222df,GH1,sys_ph,7.2000,normal,1.00,2025-05-30 00:00:00+00,2025-08-09 06:58:58.765837+00
997,5c5bc271-66b8-4b72-bb5f-66a5695222df,GH1,sys_ph,7.3000,normal,1.00,2025-05-31 00:00:00+00,2025-08-09 06:58:58.765837+00
998,5c5bc271-66b8-4b72-bb5f-66a5695222df,GH1,sys_ph,7.2000,normal,1.00,2025-06-01 00:00:00+00,2025-08-09 06:58:58.765837+00
999,5c5bc271-66b8-4b72-bb5f-66a5695222df,GH1,sys_ph,7.0000,normal,1.00,2025-06-02 00:00:00+00,2025-08-09 06:58:58.765837+00
1000,5c5bc271-66b8-4b72-bb5f-66a5695222df,GH1,sys_ph,6.9300,normal,1.00,2025-06-03 00:00:00+00,2025-08-09 06:58:58.765837+00
1001,5c5bc271-66b8-4b72-bb5f-66a5695222df,GH1,sys_ph,7.0000,normal,1.00,2025-06-04 00:00:00+00,2025-08-09 06:58:58.765837+00
1002,5c5bc271-66b8-4b72-bb5f-66a5695222df,GH1,sys_ph,7.0500,normal,1.00,2025-06-05 00:00:00+00,2025-08-09 06:58:58.765837+00
1003,5c5bc271-66b8-4b72-bb5f-66a5695222df,GH1,sys_ph,7.3000,normal,1.00,2025-06-06 00:00:00+00,2025-08-09 06:58:58.765837+00
1004,5c5bc271-66b8-4b72-bb5f-66a5695222df,GH1,sys_ph,7.1800,normal,1.00,2025-06-07 00:00:00+00,2025-08-09 06:58:58.765837+00
1005,5c5bc271-66b8-4b72-bb5f-66a5695222df,GH1,sys_ph,7.2800,normal,1.00,2025-06-08 00:00:00+00,2025-08-09 06:58:58.765837+00
1006,5c5bc271-66b8-4b72-bb5f-66a5695222df,GH1,sys_ph,6.9300,normal,1.00,2025-06-09 00:00:00+00,2025-08-09 06:58:58.765837+00
1007,5c5bc271-66b8-4b72-bb5f-66a5695222df,GH1,sys_ph,6.8300,normal,1.00,2025-06-10 00:00:00+00,2025-08-09 06:58:58.765837+00
1008,5c5bc271-66b8-4b72-bb5f-66a5695222df,GH1,sys_ph,6.8300,normal,1.00,2025-06-11 00:00:00+00,2025-08-09 06:58:58.765837+00
1009,5c5bc271-66b8-4b72-bb5f-66a5695222df,GH1,sys_ph,6.6500,normal,1.00,2025-06-12 00:00:00+00,2025-08-09 06:58:58.765837+00
1010,5c5bc271-66b8-4b72-bb5f-66a5695222df,GH1,sys_ph,6.8800,normal,1.00,2025-06-13 00:00:00+00,2025-08-09 06:58:58.765837+00
1011,5c5bc271-66b8-4b72-bb5f-66a5695222df,GH1,sys_ph,6.8800,normal,1.00,2025-06-14 00:00:00+00,2025-08-09 06:58:58.765837+00
1012,5c5bc271-66b8-4b72-bb5f-66a5695222df,GH1,sys_ph,6.6500,normal,1.00,2025-06-15 00:00:00+00,2025-08-09 06:58:58.765837+00
1013,5c5bc271-66b8-4b72-bb5f-66a5695222df,GH1,sys_ph,6.5300,normal,1.00,2025-06-16 00:00:00+00,2025-08-09 06:58:58.765837+00
1014,5c5bc271-66b8-4b72-bb5f-66a5695222df,GH1,sys_ph,6.6500,normal,1.00,2025-06-17 00:00:00+00,2025-08-09 06:58:58.765837+00
1015,5c5bc271-66b8-4b72-bb5f-66a5695222df,GH1,sys_ph,6.6300,normal,1.00,2025-06-18 00:00:00+00,2025-08-09 06:58:58.765837+00
1016,5c5bc271-66b8-4b72-bb5f-66a5695222df,GH1,sys_ph,6.9300,normal,1.00,2025-06-19 00:00:00+00,2025-08-09 06:58:58.765837+00
1017,5c5bc271-66b8-4b72-bb5f-66a5695222df,GH1,sys_ph,6.8800,normal,1.00,2025-06-20 00:00:00+00,2025-08-09 06:58:58.765837+00
1018,5c5bc271-66b8-4b72-bb5f-66a5695222df,GH1,sys_ph,6.8500,normal,1.00,2025-06-21 00:00:00+00,2025-08-09 06:58:58.765837+00
1019,5c5bc271-66b8-4b72-bb5f-66a5695222df,GH1,sys_ph,6.7000,normal,1.00,2025-06-22 00:00:00+00,2025-08-09 06:58:58.765837+00
1020,5c5bc271-66b8-4b72-bb5f-66a5695222df,GH1,sys_ph,6.8000,normal,1.00,2025-06-23 00:00:00+00,2025-08-09 06:58:58.765837+00
1021,5c5bc271-66b8-4b72-bb5f-66a5695222df,GH1,sys_ph,6.8000,normal,1.00,2025-06-24 00:00:00+00,2025-08-09 06:58:58.765837+00
1022,5c5bc271-66b8-4b72-bb5f-66a5695222df,GH1,sys_ph,6.8000,normal,1.00,2025-06-25 00:00:00+00,2025-08-09 06:58:58.765837+00
1023,5c5bc271-66b8-4b72-bb5f-66a5695222df,GH1,sys_ph,6.7000,normal,1.00,2025-06-26 00:00:00+00,2025-08-09 06:58:58.765837+00
1024,5c5bc271-66b8-4b72-bb5f-66a5695222df,GH1,sys_ph,6.9000,normal,1.00,2025-06-27 00:00:00+00,2025-08-09 06:58:58.765837+00
1025,5c5bc271-66b8-4b72-bb5f-66a5695222df,GH1,sys_ph,7.0000,normal,1.00,2025-06-28 00:00:00+00,2025-08-09 06:58:58.765837+00
1026,5c5bc271-66b8-4b72-bb5f-66a5695222df,GH1,sys_ph,6.9000,normal,1.00,2025-06-29 00:00:00+00,2025-08-09 06:58:58.765837+00
1027,5c5bc271-66b8-4b72-bb5f-66a5695222df,GH1,sys_h20_temp,31.0800,normal,1.00,2025-04-21 00:00:00+00,2025-08-09 06:58:58.765837+00
1028,5c5bc271-66b8-4b72-bb5f-66a5695222df,GH1,sys_h20_temp,31.0800,normal,1.00,2025-04-22 00:00:00+00,2025-08-09 06:58:58.765837+00
1029,5c5bc271-66b8-4b72-bb5f-66a5695222df,GH1,sys_h20_temp,31.2500,normal,1.00,2025-04-23 00:00:00+00,2025-08-09 06:58:58.765837+00
1030,5c5bc271-66b8-4b72-bb5f-66a5695222df,GH1,sys_h20_temp,31.0500,normal,1.00,2025-04-24 00:00:00+00,2025-08-09 06:58:58.765837+00
1031,5c5bc271-66b8-4b72-bb5f-66a5695222df,GH1,sys_h20_temp,31.5300,normal,1.00,2025-04-25 00:00:00+00,2025-08-09 06:58:58.765837+00
1032,5c5bc271-66b8-4b72-bb5f-66a5695222df,GH1,sys_h20_temp,32.8300,normal,1.00,2025-04-26 00:00:00+00,2025-08-09 06:58:58.765837+00
1033,5c5bc271-66b8-4b72-bb5f-66a5695222df,GH1,sys_h20_temp,30.3500,normal,1.00,2025-04-27 00:00:00+00,2025-08-09 06:58:58.765837+00
1034,5c5bc271-66b8-4b72-bb5f-66a5695222df,GH1,sys_h20_temp,35.8300,normal,1.00,2025-04-28 00:00:00+00,2025-08-09 06:58:58.765837+00
1035,5c5bc271-66b8-4b72-bb5f-66a5695222df,GH1,sys_h20_temp,34.6500,normal,1.00,2025-04-29 00:00:00+00,2025-08-09 06:58:58.765837+00
1036,5c5bc271-66b8-4b72-bb5f-66a5695222df,GH1,sys_h20_temp,35.6300,normal,1.00,2025-04-30 00:00:00+00,2025-08-09 06:58:58.765837+00
1037,5c5bc271-66b8-4b72-bb5f-66a5695222df,GH1,sys_h20_temp,35.8500,normal,1.00,2025-05-01 00:00:00+00,2025-08-09 06:58:58.765837+00
1038,5c5bc271-66b8-4b72-bb5f-66a5695222df,GH1,sys_h20_temp,32.5800,normal,1.00,2025-05-02 00:00:00+00,2025-08-09 06:58:58.765837+00
1039,5c5bc271-66b8-4b72-bb5f-66a5695222df,GH1,sys_h20_temp,32.2800,normal,1.00,2025-05-03 00:00:00+00,2025-08-09 06:58:58.765837+00
1040,5c5bc271-66b8-4b72-bb5f-66a5695222df,GH1,sys_h20_temp,32.2800,normal,1.00,2025-05-04 00:00:00+00,2025-08-09 06:58:58.765837+00
1041,5c5bc271-66b8-4b72-bb5f-66a5695222df,GH1,sys_h20_temp,31.2500,normal,1.00,2025-05-05 00:00:00+00,2025-08-09 06:58:58.765837+00
1042,5c5bc271-66b8-4b72-bb5f-66a5695222df,GH1,sys_h20_temp,30.1000,normal,1.00,2025-05-06 00:00:00+00,2025-08-09 06:58:58.765837+00
1043,5c5bc271-66b8-4b72-bb5f-66a5695222df,GH1,sys_h20_temp,28.8500,normal,1.00,2025-05-07 00:00:00+00,2025-08-09 06:58:58.765837+00
1044,5c5bc271-66b8-4b72-bb5f-66a5695222df,GH1,sys_h20_temp,29.5800,normal,1.00,2025-05-08 00:00:00+00,2025-08-09 06:58:58.765837+00
1045,5c5bc271-66b8-4b72-bb5f-66a5695222df,GH1,sys_h20_temp,26.1800,normal,1.00,2025-05-09 00:00:00+00,2025-08-09 06:58:58.765837+00
1046,5c5bc271-66b8-4b72-bb5f-66a5695222df,GH1,sys_h20_temp,33.2800,normal,1.00,2025-05-10 00:00:00+00,2025-08-09 06:58:58.765837+00
1047,5c5bc271-66b8-4b72-bb5f-66a5695222df,GH1,sys_h20_temp,33.2800,normal,1.00,2025-05-11 00:00:00+00,2025-08-09 06:58:58.765837+00
1048,5c5bc271-66b8-4b72-bb5f-66a5695222df,GH1,sys_h20_temp,30.3000,normal,1.00,2025-05-12 00:00:00+00,2025-08-09 06:58:58.765837+00
1049,5c5bc271-66b8-4b72-bb5f-66a5695222df,GH1,sys_h20_temp,28.5000,normal,1.00,2025-05-13 00:00:00+00,2025-08-09 06:58:58.765837+00
1050,5c5bc271-66b8-4b72-bb5f-66a5695222df,GH1,sys_h20_temp,32.1000,normal,1.00,2025-05-14 00:00:00+00,2025-08-09 06:58:58.765837+00
1051,5c5bc271-66b8-4b72-bb5f-66a5695222df,GH1,sys_h20_temp,31.5500,normal,1.00,2025-05-15 00:00:00+00,2025-08-09 06:58:58.765837+00
1052,5c5bc271-66b8-4b72-bb5f-66a5695222df,GH1,sys_h20_temp,32.8500,normal,1.00,2025-05-16 00:00:00+00,2025-08-09 06:58:58.765837+00
1053,5c5bc271-66b8-4b72-bb5f-66a5695222df,GH1,sys_h20_temp,33.3500,normal,1.00,2025-05-17 00:00:00+00,2025-08-09 06:58:58.765837+00
1054,5c5bc271-66b8-4b72-bb5f-66a5695222df,GH1,sys_h20_temp,35.5800,normal,1.00,2025-05-18 00:00:00+00,2025-08-09 06:58:58.765837+00
1055,5c5bc271-66b8-4b72-bb5f-66a5695222df,GH1,sys_h20_temp,33.0000,normal,1.00,2025-05-19 00:00:00+00,2025-08-09 06:58:58.765837+00
1056,5c5bc271-66b8-4b72-bb5f-66a5695222df,GH1,sys_h20_temp,31.3500,normal,1.00,2025-05-20 00:00:00+00,2025-08-09 06:58:58.765837+00
1057,5c5bc271-66b8-4b72-bb5f-66a5695222df,GH1,sys_h20_temp,32.5000,normal,1.00,2025-05-21 00:00:00+00,2025-08-09 06:58:58.765837+00
1058,5c5bc271-66b8-4b72-bb5f-66a5695222df,GH1,sys_h20_temp,32.7500,normal,1.00,2025-05-22 00:00:00+00,2025-08-09 06:58:58.765837+00
1059,5c5bc271-66b8-4b72-bb5f-66a5695222df,GH1,sys_h20_temp,35.9000,normal,1.00,2025-05-23 00:00:00+00,2025-08-09 06:58:58.765837+00
1060,5c5bc271-66b8-4b72-bb5f-66a5695222df,GH1,sys_h20_temp,33.2300,normal,1.00,2025-05-24 00:00:00+00,2025-08-09 06:58:58.765837+00
1061,5c5bc271-66b8-4b72-bb5f-66a5695222df,GH1,sys_h20_temp,33.0500,normal,1.00,2025-05-25 00:00:00+00,2025-08-09 06:58:58.765837+00
1062,5c5bc271-66b8-4b72-bb5f-66a5695222df,GH1,sys_h20_temp,32.6500,normal,1.00,2025-05-26 00:00:00+00,2025-08-09 06:58:58.765837+00
1063,5c5bc271-66b8-4b72-bb5f-66a5695222df,GH1,sys_h20_temp,31.9300,normal,1.00,2025-05-27 00:00:00+00,2025-08-09 06:58:58.765837+00
1064,5c5bc271-66b8-4b72-bb5f-66a5695222df,GH1,sys_h20_temp,29.2800,normal,1.00,2025-05-28 00:00:00+00,2025-08-09 06:58:58.765837+00
1065,5c5bc271-66b8-4b72-bb5f-66a5695222df,GH1,sys_h20_temp,29.0000,normal,1.00,2025-05-29 00:00:00+00,2025-08-09 06:58:58.765837+00
1066,5c5bc271-66b8-4b72-bb5f-66a5695222df,GH1,sys_h20_temp,29.0000,normal,1.00,2025-05-30 00:00:00+00,2025-08-09 06:58:58.765837+00
1067,5c5bc271-66b8-4b72-bb5f-66a5695222df,GH1,sys_h20_temp,29.0000,normal,1.00,2025-05-31 00:00:00+00,2025-08-09 06:58:58.765837+00
1068,5c5bc271-66b8-4b72-bb5f-66a5695222df,GH1,sys_h20_temp,28.0000,normal,1.00,2025-06-01 00:00:00+00,2025-08-09 06:58:58.765837+00
1069,5c5bc271-66b8-4b72-bb5f-66a5695222df,GH1,sys_h20_temp,29.4300,normal,1.00,2025-06-02 00:00:00+00,2025-08-09 06:58:58.765837+00
1070,5c5bc271-66b8-4b72-bb5f-66a5695222df,GH1,sys_h20_temp,31.7300,normal,1.00,2025-06-03 00:00:00+00,2025-08-09 06:58:58.765837+00
1071,5c5bc271-66b8-4b72-bb5f-66a5695222df,GH1,sys_h20_temp,29.7800,normal,1.00,2025-06-04 00:00:00+00,2025-08-09 06:58:58.765837+00
1072,5c5bc271-66b8-4b72-bb5f-66a5695222df,GH1,sys_h20_temp,29.3500,normal,1.00,2025-06-05 00:00:00+00,2025-08-09 06:58:58.765837+00
1073,5c5bc271-66b8-4b72-bb5f-66a5695222df,GH1,sys_h20_temp,27.9000,normal,1.00,2025-06-06 00:00:00+00,2025-08-09 06:58:58.765837+00
1074,5c5bc271-66b8-4b72-bb5f-66a5695222df,GH1,sys_h20_temp,28.9000,normal,1.00,2025-06-07 00:00:00+00,2025-08-09 06:58:58.765837+00
1075,5c5bc271-66b8-4b72-bb5f-66a5695222df,GH1,sys_h20_temp,28.4000,normal,1.00,2025-06-08 00:00:00+00,2025-08-09 06:58:58.765837+00
1076,5c5bc271-66b8-4b72-bb5f-66a5695222df,GH1,sys_h20_temp,28.7800,normal,1.00,2025-06-09 00:00:00+00,2025-08-09 06:58:58.765837+00
1077,5c5bc271-66b8-4b72-bb5f-66a5695222df,GH1,sys_h20_temp,29.5500,normal,1.00,2025-06-10 00:00:00+00,2025-08-09 06:58:58.765837+00
1078,5c5bc271-66b8-4b72-bb5f-66a5695222df,GH1,sys_h20_temp,28.9500,normal,1.00,2025-06-11 00:00:00+00,2025-08-09 06:58:58.765837+00
1079,5c5bc271-66b8-4b72-bb5f-66a5695222df,GH1,sys_h20_temp,29.4800,normal,1.00,2025-06-12 00:00:00+00,2025-08-09 06:58:58.765837+00
1080,5c5bc271-66b8-4b72-bb5f-66a5695222df,GH1,sys_h20_temp,30.8000,normal,1.00,2025-06-13 00:00:00+00,2025-08-09 06:58:58.765837+00
1081,5c5bc271-66b8-4b72-bb5f-66a5695222df,GH1,sys_h20_temp,33.4300,normal,1.00,2025-06-14 00:00:00+00,2025-08-09 06:58:58.765837+00
1082,5c5bc271-66b8-4b72-bb5f-66a5695222df,GH1,sys_h20_temp,31.3800,normal,1.00,2025-06-15 00:00:00+00,2025-08-09 06:58:58.765837+00
1083,5c5bc271-66b8-4b72-bb5f-66a5695222df,GH1,sys_h20_temp,30.5500,normal,1.00,2025-06-16 00:00:00+00,2025-08-09 06:58:58.765837+00
1084,5c5bc271-66b8-4b72-bb5f-66a5695222df,GH1,sys_h20_temp,30.3000,normal,1.00,2025-06-17 00:00:00+00,2025-08-09 06:58:58.765837+00
1085,5c5bc271-66b8-4b72-bb5f-66a5695222df,GH1,sys_h20_temp,27.3800,normal,1.00,2025-06-18 00:00:00+00,2025-08-09 06:58:58.765837+00
1086,5c5bc271-66b8-4b72-bb5f-66a5695222df,GH1,sys_h20_temp,30.8000,normal,1.00,2025-06-19 00:00:00+00,2025-08-09 06:58:58.765837+00
1087,5c5bc271-66b8-4b72-bb5f-66a5695222df,GH1,sys_h20_temp,30.4300,normal,1.00,2025-06-20 00:00:00+00,2025-08-09 06:58:58.765837+00
1088,5c5bc271-66b8-4b72-bb5f-66a5695222df,GH1,sys_h20_temp,31.9500,normal,1.00,2025-06-21 00:00:00+00,2025-08-09 06:58:58.765837+00
1089,5c5bc271-66b8-4b72-bb5f-66a5695222df,GH1,sys_h20_temp,26.9300,normal,1.00,2025-06-22 00:00:00+00,2025-08-09 06:58:58.765837+00
1090,5c5bc271-66b8-4b72-bb5f-66a5695222df,GH1,sys_h20_temp,28.5000,normal,1.00,2025-06-23 00:00:00+00,2025-08-09 06:58:58.765837+00
1091,5c5bc271-66b8-4b72-bb5f-66a5695222df,GH1,sys_h20_temp,30.0000,normal,1.00,2025-06-24 00:00:00+00,2025-08-09 06:58:58.765837+00
1092,5c5bc271-66b8-4b72-bb5f-66a5695222df,GH1,sys_h20_temp,27.1000,normal,1.00,2025-06-25 00:00:00+00,2025-08-09 06:58:58.765837+00
1093,5c5bc271-66b8-4b72-bb5f-66a5695222df,GH1,sys_h20_temp,29.5000,normal,1.00,2025-06-26 00:00:00+00,2025-08-09 06:58:58.765837+00
1094,5c5bc271-66b8-4b72-bb5f-66a5695222df,GH1,sys_h20_temp,29.9000,normal,1.00,2025-06-27 00:00:00+00,2025-08-09 06:58:58.765837+00
1095,5c5bc271-66b8-4b72-bb5f-66a5695222df,GH1,sys_h20_temp,27.8000,normal,1.00,2025-06-28 00:00:00+00,2025-08-09 06:58:58.765837+00
1096,5c5bc271-66b8-4b72-bb5f-66a5695222df,GH1,sys_h20_temp,27.8000,normal,1.00,2025-06-29 00:00:00+00,2025-08-09 06:58:58.765837+00
1097,5c5bc271-66b8-4b72-bb5f-66a5695222df,GH1,sys_gh_temp,35.7300,normal,1.00,2025-04-21 00:00:00+00,2025-08-09 06:58:58.765837+00
1098,5c5bc271-66b8-4b72-bb5f-66a5695222df,GH1,sys_gh_temp,36.4800,normal,1.00,2025-04-22 00:00:00+00,2025-08-09 06:58:58.765837+00
1099,5c5bc271-66b8-4b72-bb5f-66a5695222df,GH1,sys_gh_temp,36.2300,normal,1.00,2025-04-23 00:00:00+00,2025-08-09 06:58:58.765837+00
1100,5c5bc271-66b8-4b72-bb5f-66a5695222df,GH1,sys_gh_temp,36.7500,normal,1.00,2025-04-24 00:00:00+00,2025-08-09 06:58:58.765837+00
1101,5c5bc271-66b8-4b72-bb5f-66a5695222df,GH1,sys_gh_temp,36.1800,normal,1.00,2025-04-25 00:00:00+00,2025-08-09 06:58:58.765837+00
1102,5c5bc271-66b8-4b72-bb5f-66a5695222df,GH1,sys_gh_temp,36.7300,normal,1.00,2025-04-26 00:00:00+00,2025-08-09 06:58:58.765837+00
1103,5c5bc271-66b8-4b72-bb5f-66a5695222df,GH1,sys_gh_temp,36.1800,normal,1.00,2025-04-27 00:00:00+00,2025-08-09 06:58:58.765837+00
1104,5c5bc271-66b8-4b72-bb5f-66a5695222df,GH1,sys_gh_temp,35.8300,normal,1.00,2025-04-28 00:00:00+00,2025-08-09 06:58:58.765837+00
1105,5c5bc271-66b8-4b72-bb5f-66a5695222df,GH1,sys_gh_temp,34.6500,normal,1.00,2025-04-29 00:00:00+00,2025-08-09 06:58:58.765837+00
1106,5c5bc271-66b8-4b72-bb5f-66a5695222df,GH1,sys_gh_temp,35.6300,normal,1.00,2025-04-30 00:00:00+00,2025-08-09 06:58:58.765837+00
1107,5c5bc271-66b8-4b72-bb5f-66a5695222df,GH1,sys_gh_temp,33.8300,normal,1.00,2025-05-01 00:00:00+00,2025-08-09 06:58:58.765837+00
1108,5c5bc271-66b8-4b72-bb5f-66a5695222df,GH1,sys_gh_temp,33.6500,normal,1.00,2025-05-02 00:00:00+00,2025-08-09 06:58:58.765837+00
1109,5c5bc271-66b8-4b72-bb5f-66a5695222df,GH1,sys_gh_temp,36.4300,normal,1.00,2025-05-03 00:00:00+00,2025-08-09 06:58:58.765837+00
1110,5c5bc271-66b8-4b72-bb5f-66a5695222df,GH1,sys_gh_temp,35.3300,normal,1.00,2025-05-04 00:00:00+00,2025-08-09 06:58:58.765837+00
1111,5c5bc271-66b8-4b72-bb5f-66a5695222df,GH1,sys_gh_temp,33.7500,normal,1.00,2025-05-05 00:00:00+00,2025-08-09 06:58:58.765837+00
1112,5c5bc271-66b8-4b72-bb5f-66a5695222df,GH1,sys_gh_temp,33.7300,normal,1.00,2025-05-06 00:00:00+00,2025-08-09 06:58:58.765837+00
1113,5c5bc271-66b8-4b72-bb5f-66a5695222df,GH1,sys_gh_temp,31.7300,normal,1.00,2025-05-07 00:00:00+00,2025-08-09 06:58:58.765837+00
1114,5c5bc271-66b8-4b72-bb5f-66a5695222df,GH1,sys_gh_temp,33.1800,normal,1.00,2025-05-08 00:00:00+00,2025-08-09 06:58:58.765837+00
1115,5c5bc271-66b8-4b72-bb5f-66a5695222df,GH1,sys_gh_temp,35.0000,normal,1.00,2025-05-09 00:00:00+00,2025-08-09 06:58:58.765837+00
1116,5c5bc271-66b8-4b72-bb5f-66a5695222df,GH1,sys_gh_temp,36.5300,normal,1.00,2025-05-10 00:00:00+00,2025-08-09 06:58:58.765837+00
1117,5c5bc271-66b8-4b72-bb5f-66a5695222df,GH1,sys_gh_temp,33.0300,normal,1.00,2025-05-12 00:00:00+00,2025-08-09 06:58:58.765837+00
1118,5c5bc271-66b8-4b72-bb5f-66a5695222df,GH1,sys_gh_temp,31.5000,normal,1.00,2025-05-13 00:00:00+00,2025-08-09 06:58:58.765837+00
1119,5c5bc271-66b8-4b72-bb5f-66a5695222df,GH1,sys_gh_temp,36.3000,normal,1.00,2025-05-14 00:00:00+00,2025-08-09 06:58:58.765837+00
1120,5c5bc271-66b8-4b72-bb5f-66a5695222df,GH1,sys_gh_temp,35.4300,normal,1.00,2025-05-15 00:00:00+00,2025-08-09 06:58:58.765837+00
1121,5c5bc271-66b8-4b72-bb5f-66a5695222df,GH1,sys_gh_temp,35.1500,normal,1.00,2025-05-16 00:00:00+00,2025-08-09 06:58:58.765837+00
1122,5c5bc271-66b8-4b72-bb5f-66a5695222df,GH1,sys_gh_temp,37.0800,normal,1.00,2025-05-17 00:00:00+00,2025-08-09 06:58:58.765837+00
1123,5c5bc271-66b8-4b72-bb5f-66a5695222df,GH1,sys_gh_temp,36.6000,normal,1.00,2025-05-18 00:00:00+00,2025-08-09 06:58:58.765837+00
1124,5c5bc271-66b8-4b72-bb5f-66a5695222df,GH1,sys_gh_temp,36.3500,normal,1.00,2025-05-19 00:00:00+00,2025-08-09 06:58:58.765837+00
1125,5c5bc271-66b8-4b72-bb5f-66a5695222df,GH1,sys_gh_temp,34.8300,normal,1.00,2025-05-20 00:00:00+00,2025-08-09 06:58:58.765837+00
1126,5c5bc271-66b8-4b72-bb5f-66a5695222df,GH1,sys_gh_temp,34.1000,normal,1.00,2025-05-21 00:00:00+00,2025-08-09 06:58:58.765837+00
1127,5c5bc271-66b8-4b72-bb5f-66a5695222df,GH1,sys_gh_temp,36.0500,normal,1.00,2025-05-22 00:00:00+00,2025-08-09 06:58:58.765837+00
1128,5c5bc271-66b8-4b72-bb5f-66a5695222df,GH1,sys_gh_temp,35.8500,normal,1.00,2025-05-23 00:00:00+00,2025-08-09 06:58:58.765837+00
1129,5c5bc271-66b8-4b72-bb5f-66a5695222df,GH1,sys_gh_temp,35.6000,normal,1.00,2025-05-24 00:00:00+00,2025-08-09 06:58:58.765837+00
1130,5c5bc271-66b8-4b72-bb5f-66a5695222df,GH1,sys_gh_temp,36.8300,normal,1.00,2025-05-25 00:00:00+00,2025-08-09 06:58:58.765837+00
1131,5c5bc271-66b8-4b72-bb5f-66a5695222df,GH1,sys_gh_temp,33.7300,normal,1.00,2025-05-26 00:00:00+00,2025-08-09 06:58:58.765837+00
1132,5c5bc271-66b8-4b72-bb5f-66a5695222df,GH1,sys_gh_temp,33.4500,normal,1.00,2025-05-27 00:00:00+00,2025-08-09 06:58:58.765837+00
1133,5c5bc271-66b8-4b72-bb5f-66a5695222df,GH1,sys_gh_temp,31.1000,normal,1.00,2025-05-28 00:00:00+00,2025-08-09 06:58:58.765837+00
1134,5c5bc271-66b8-4b72-bb5f-66a5695222df,GH1,sys_gh_temp,30.9300,normal,1.00,2025-05-29 00:00:00+00,2025-08-09 06:58:58.765837+00
1135,5c5bc271-66b8-4b72-bb5f-66a5695222df,GH1,sys_gh_temp,32.0000,normal,1.00,2025-05-30 00:00:00+00,2025-08-09 06:58:58.765837+00
1136,5c5bc271-66b8-4b72-bb5f-66a5695222df,GH1,sys_gh_temp,31.0000,normal,1.00,2025-05-31 00:00:00+00,2025-08-09 06:58:58.765837+00
1137,5c5bc271-66b8-4b72-bb5f-66a5695222df,GH1,sys_gh_temp,32.0000,normal,1.00,2025-06-01 00:00:00+00,2025-08-09 06:58:58.765837+00
1138,5c5bc271-66b8-4b72-bb5f-66a5695222df,GH1,sys_gh_temp,32.6000,normal,1.00,2025-06-02 00:00:00+00,2025-08-09 06:58:58.765837+00
1139,5c5bc271-66b8-4b72-bb5f-66a5695222df,GH1,sys_gh_temp,32.3000,normal,1.00,2025-06-03 00:00:00+00,2025-08-09 06:58:58.765837+00
1140,5c5bc271-66b8-4b72-bb5f-66a5695222df,GH1,sys_gh_temp,32.2000,normal,1.00,2025-06-04 00:00:00+00,2025-08-09 06:58:58.765837+00
1141,5c5bc271-66b8-4b72-bb5f-66a5695222df,GH1,sys_gh_temp,31.5300,normal,1.00,2025-06-05 00:00:00+00,2025-08-09 06:58:58.765837+00
1142,5c5bc271-66b8-4b72-bb5f-66a5695222df,GH1,sys_gh_temp,29.1800,normal,1.00,2025-06-06 00:00:00+00,2025-08-09 06:58:58.765837+00
1143,5c5bc271-66b8-4b72-bb5f-66a5695222df,GH1,sys_gh_temp,28.8300,normal,1.00,2025-06-07 00:00:00+00,2025-08-09 06:58:58.765837+00
1144,5c5bc271-66b8-4b72-bb5f-66a5695222df,GH1,sys_gh_temp,27.0000,normal,1.00,2025-06-08 00:00:00+00,2025-08-09 06:58:58.765837+00
1145,5c5bc271-66b8-4b72-bb5f-66a5695222df,GH1,sys_gh_temp,30.1800,normal,1.00,2025-06-09 00:00:00+00,2025-08-09 06:58:58.765837+00
1146,5c5bc271-66b8-4b72-bb5f-66a5695222df,GH1,sys_gh_temp,29.4500,normal,1.00,2025-06-10 00:00:00+00,2025-08-09 06:58:58.765837+00
1147,5c5bc271-66b8-4b72-bb5f-66a5695222df,GH1,sys_gh_temp,28.9800,normal,1.00,2025-06-11 00:00:00+00,2025-08-09 06:58:58.765837+00
1148,5c5bc271-66b8-4b72-bb5f-66a5695222df,GH1,sys_gh_temp,30.5000,normal,1.00,2025-06-12 00:00:00+00,2025-08-09 06:58:58.765837+00
1149,5c5bc271-66b8-4b72-bb5f-66a5695222df,GH1,sys_gh_temp,33.0800,normal,1.00,2025-06-13 00:00:00+00,2025-08-09 06:58:58.765837+00
1150,5c5bc271-66b8-4b72-bb5f-66a5695222df,GH1,sys_gh_temp,37.8000,normal,1.00,2025-06-14 00:00:00+00,2025-08-09 06:58:58.765837+00
1151,5c5bc271-66b8-4b72-bb5f-66a5695222df,GH1,sys_gh_temp,37.9000,normal,1.00,2025-06-15 00:00:00+00,2025-08-09 06:58:58.765837+00
1152,5c5bc271-66b8-4b72-bb5f-66a5695222df,GH1,sys_gh_temp,32.5000,normal,1.00,2025-06-16 00:00:00+00,2025-08-09 06:58:58.765837+00
1153,5c5bc271-66b8-4b72-bb5f-66a5695222df,GH1,sys_gh_temp,31.9800,normal,1.00,2025-06-17 00:00:00+00,2025-08-09 06:58:58.765837+00
1154,5c5bc271-66b8-4b72-bb5f-66a5695222df,GH1,sys_gh_temp,29.2500,normal,1.00,2025-06-18 00:00:00+00,2025-08-09 06:58:58.765837+00
1155,5c5bc271-66b8-4b72-bb5f-66a5695222df,GH1,sys_gh_temp,31.0500,normal,1.00,2025-06-19 00:00:00+00,2025-08-09 06:58:58.765837+00
1156,5c5bc271-66b8-4b72-bb5f-66a5695222df,GH1,sys_gh_temp,31.8000,normal,1.00,2025-06-20 00:00:00+00,2025-08-09 06:58:58.765837+00
1157,5c5bc271-66b8-4b72-bb5f-66a5695222df,GH1,sys_gh_temp,34.3800,normal,1.00,2025-06-21 00:00:00+00,2025-08-09 06:58:58.765837+00
1158,5c5bc271-66b8-4b72-bb5f-66a5695222df,GH1,sys_gh_temp,30.4000,normal,1.00,2025-06-22 00:00:00+00,2025-08-09 06:58:58.765837+00
1159,5c5bc271-66b8-4b72-bb5f-66a5695222df,GH1,sys_gh_temp,26.9500,normal,1.00,2025-06-23 00:00:00+00,2025-08-09 06:58:58.765837+00
1160,5c5bc271-66b8-4b72-bb5f-66a5695222df,GH1,sys_gh_temp,28.9500,normal,1.00,2025-06-24 00:00:00+00,2025-08-09 06:58:58.765837+00
1161,5c5bc271-66b8-4b72-bb5f-66a5695222df,GH1,sys_gh_temp,29.9800,normal,1.00,2025-06-25 00:00:00+00,2025-08-09 06:58:58.765837+00
1162,5c5bc271-66b8-4b72-bb5f-66a5695222df,GH1,sys_gh_temp,27.0700,normal,1.00,2025-06-26 00:00:00+00,2025-08-09 06:58:58.765837+00
1163,5c5bc271-66b8-4b72-bb5f-66a5695222df,GH1,sys_gh_temp,29.5000,normal,1.00,2025-06-27 00:00:00+00,2025-08-09 06:58:58.765837+00
1164,5c5bc271-66b8-4b72-bb5f-66a5695222df,GH1,sys_gh_temp,29.9000,normal,1.00,2025-06-28 00:00:00+00,2025-08-09 06:58:58.765837+00
1165,5c5bc271-66b8-4b72-bb5f-66a5695222df,GH1,sys_gh_temp,27.8000,normal,1.00,2025-06-29 00:00:00+00,2025-08-09 06:58:58.765837+00
1166,5c5bc271-66b8-4b72-bb5f-66a5695222df,GH1,sys_gh_rh,54.2500,normal,1.00,2025-04-21 00:00:00+00,2025-08-09 06:58:58.765837+00
1167,5c5bc271-66b8-4b72-bb5f-66a5695222df,GH1,sys_gh_rh,51.7500,normal,1.00,2025-04-22 00:00:00+00,2025-08-09 06:58:58.765837+00
1168,5c5bc271-66b8-4b72-bb5f-66a5695222df,GH1,sys_gh_rh,58.0000,normal,1.00,2025-04-23 00:00:00+00,2025-08-09 06:58:58.765837+00
1169,5c5bc271-66b8-4b72-bb5f-66a5695222df,GH1,sys_gh_rh,51.5000,normal,1.00,2025-04-24 00:00:00+00,2025-08-09 06:58:58.765837+00
1170,5c5bc271-66b8-4b72-bb5f-66a5695222df,GH1,sys_gh_rh,51.5000,normal,1.00,2025-04-25 00:00:00+00,2025-08-09 06:58:58.765837+00
1171,5c5bc271-66b8-4b72-bb5f-66a5695222df,GH1,sys_gh_rh,49.5000,normal,1.00,2025-04-26 00:00:00+00,2025-08-09 06:58:58.765837+00
1172,5c5bc271-66b8-4b72-bb5f-66a5695222df,GH1,sys_gh_rh,49.2500,normal,1.00,2025-04-27 00:00:00+00,2025-08-09 06:58:58.765837+00
1173,5c5bc271-66b8-4b72-bb5f-66a5695222df,GH1,sys_gh_rh,54.2500,normal,1.00,2025-04-28 00:00:00+00,2025-08-09 06:58:58.765837+00
1174,5c5bc271-66b8-4b72-bb5f-66a5695222df,GH1,sys_gh_rh,57.2000,normal,1.00,2025-04-29 00:00:00+00,2025-08-09 06:58:58.765837+00
1175,5c5bc271-66b8-4b72-bb5f-66a5695222df,GH1,sys_gh_rh,55.5000,normal,1.00,2025-04-30 00:00:00+00,2025-08-09 06:58:58.765837+00
1176,5c5bc271-66b8-4b72-bb5f-66a5695222df,GH1,sys_gh_rh,51.0000,normal,1.00,2025-05-01 00:00:00+00,2025-08-09 06:58:58.765837+00
1177,5c5bc271-66b8-4b72-bb5f-66a5695222df,GH1,sys_gh_rh,65.0000,normal,1.00,2025-05-02 00:00:00+00,2025-08-09 06:58:58.765837+00
1178,5c5bc271-66b8-4b72-bb5f-66a5695222df,GH1,sys_gh_rh,56.2500,normal,1.00,2025-05-03 00:00:00+00,2025-08-09 06:58:58.765837+00
1179,5c5bc271-66b8-4b72-bb5f-66a5695222df,GH1,sys_gh_rh,58.5000,normal,1.00,2025-05-04 00:00:00+00,2025-08-09 06:58:58.765837+00
1180,5c5bc271-66b8-4b72-bb5f-66a5695222df,GH1,sys_gh_rh,62.2500,normal,1.00,2025-05-05 00:00:00+00,2025-08-09 06:58:58.765837+00
1181,5c5bc271-66b8-4b72-bb5f-66a5695222df,GH1,sys_gh_rh,65.0000,normal,1.00,2025-05-06 00:00:00+00,2025-08-09 06:58:58.765837+00
1182,5c5bc271-66b8-4b72-bb5f-66a5695222df,GH1,sys_gh_rh,58.7500,normal,1.00,2025-05-07 00:00:00+00,2025-08-09 06:58:58.765837+00
1183,5c5bc271-66b8-4b72-bb5f-66a5695222df,GH1,sys_gh_rh,66.5000,normal,1.00,2025-05-08 00:00:00+00,2025-08-09 06:58:58.765837+00
1184,5c5bc271-66b8-4b72-bb5f-66a5695222df,GH1,sys_gh_rh,63.0000,normal,1.00,2025-05-09 00:00:00+00,2025-08-09 06:58:58.765837+00
1185,5c5bc271-66b8-4b72-bb5f-66a5695222df,GH1,sys_gh_rh,56.0000,normal,1.00,2025-05-10 00:00:00+00,2025-08-09 06:58:58.765837+00
1186,5c5bc271-66b8-4b72-bb5f-66a5695222df,GH1,sys_gh_rh,69.5000,normal,1.00,2025-05-12 00:00:00+00,2025-08-09 06:58:58.765837+00
1187,5c5bc271-66b8-4b72-bb5f-66a5695222df,GH1,sys_gh_rh,67.5000,normal,1.00,2025-05-13 00:00:00+00,2025-08-09 06:58:58.765837+00
1188,5c5bc271-66b8-4b72-bb5f-66a5695222df,GH1,sys_gh_rh,57.0000,normal,1.00,2025-05-14 00:00:00+00,2025-08-09 06:58:58.765837+00
1189,5c5bc271-66b8-4b72-bb5f-66a5695222df,GH1,sys_gh_rh,55.7500,normal,1.00,2025-05-15 00:00:00+00,2025-08-09 06:58:58.765837+00
1190,5c5bc271-66b8-4b72-bb5f-66a5695222df,GH1,sys_gh_rh,55.7500,normal,1.00,2025-05-16 00:00:00+00,2025-08-09 06:58:58.765837+00
1191,5c5bc271-66b8-4b72-bb5f-66a5695222df,GH1,sys_gh_rh,54.2500,normal,1.00,2025-05-17 00:00:00+00,2025-08-09 06:58:58.765837+00
1192,5c5bc271-66b8-4b72-bb5f-66a5695222df,GH1,sys_gh_rh,54.2500,normal,1.00,2025-05-18 00:00:00+00,2025-08-09 06:58:58.765837+00
1193,5c5bc271-66b8-4b72-bb5f-66a5695222df,GH1,sys_gh_rh,54.0000,normal,1.00,2025-05-19 00:00:00+00,2025-08-09 06:58:58.765837+00
1194,5c5bc271-66b8-4b72-bb5f-66a5695222df,GH1,sys_gh_rh,5.7500,normal,1.00,2025-05-20 00:00:00+00,2025-08-09 06:58:58.765837+00
1195,5c5bc271-66b8-4b72-bb5f-66a5695222df,GH1,sys_gh_rh,58.7500,normal,1.00,2025-05-21 00:00:00+00,2025-08-09 06:58:58.765837+00
1196,5c5bc271-66b8-4b72-bb5f-66a5695222df,GH1,sys_gh_rh,55.2500,normal,1.00,2025-05-22 00:00:00+00,2025-08-09 06:58:58.765837+00
1197,5c5bc271-66b8-4b72-bb5f-66a5695222df,GH1,sys_gh_rh,5.3000,normal,1.00,2025-05-23 00:00:00+00,2025-08-09 06:58:58.765837+00
1198,5c5bc271-66b8-4b72-bb5f-66a5695222df,GH1,sys_gh_rh,56.5000,normal,1.00,2025-05-24 00:00:00+00,2025-08-09 06:58:58.765837+00
1199,5c5bc271-66b8-4b72-bb5f-66a5695222df,GH1,sys_gh_rh,54.0000,normal,1.00,2025-05-25 00:00:00+00,2025-08-09 06:58:58.765837+00
1200,5c5bc271-66b8-4b72-bb5f-66a5695222df,GH1,sys_gh_rh,62.2500,normal,1.00,2025-05-26 00:00:00+00,2025-08-09 06:58:58.765837+00
1201,5c5bc271-66b8-4b72-bb5f-66a5695222df,GH1,sys_gh_rh,62.5000,normal,1.00,2025-05-27 00:00:00+00,2025-08-09 06:58:58.765837+00
1202,5c5bc271-66b8-4b72-bb5f-66a5695222df,GH1,sys_gh_rh,73.0000,normal,1.00,2025-05-28 00:00:00+00,2025-08-09 06:58:58.765837+00
1203,5c5bc271-66b8-4b72-bb5f-66a5695222df,GH1,sys_gh_rh,74.7500,normal,1.00,2025-05-29 00:00:00+00,2025-08-09 06:58:58.765837+00
1204,5c5bc271-66b8-4b72-bb5f-66a5695222df,GH1,sys_gh_rh,75.0000,normal,1.00,2025-05-30 00:00:00+00,2025-08-09 06:58:58.765837+00
1205,5c5bc271-66b8-4b72-bb5f-66a5695222df,GH1,sys_gh_rh,75.0000,normal,1.00,2025-05-31 00:00:00+00,2025-08-09 06:58:58.765837+00
1206,5c5bc271-66b8-4b72-bb5f-66a5695222df,GH1,sys_gh_rh,72.0000,normal,1.00,2025-06-01 00:00:00+00,2025-08-09 06:58:58.765837+00
1207,5c5bc271-66b8-4b72-bb5f-66a5695222df,GH1,sys_gh_rh,67.2500,normal,1.00,2025-06-02 00:00:00+00,2025-08-09 06:58:58.765837+00
1208,5c5bc271-66b8-4b72-bb5f-66a5695222df,GH1,sys_gh_rh,70.2500,normal,1.00,2025-06-03 00:00:00+00,2025-08-09 06:58:58.765837+00
1209,5c5bc271-66b8-4b72-bb5f-66a5695222df,GH1,sys_gh_rh,70.5000,normal,1.00,2025-06-04 00:00:00+00,2025-08-09 06:58:58.765837+00
1210,5c5bc271-66b8-4b72-bb5f-66a5695222df,GH1,sys_gh_rh,74.0000,normal,1.00,2025-06-05 00:00:00+00,2025-08-09 06:58:58.765837+00
1211,5c5bc271-66b8-4b72-bb5f-66a5695222df,GH1,sys_gh_rh,79.2500,normal,1.00,2025-06-06 00:00:00+00,2025-08-09 06:58:58.765837+00
1212,5c5bc271-66b8-4b72-bb5f-66a5695222df,GH1,sys_gh_rh,80.0000,normal,1.00,2025-06-07 00:00:00+00,2025-08-09 06:58:58.765837+00
1213,5c5bc271-66b8-4b72-bb5f-66a5695222df,GH1,sys_gh_rh,86.2500,normal,1.00,2025-06-08 00:00:00+00,2025-08-09 06:58:58.765837+00
1214,5c5bc271-66b8-4b72-bb5f-66a5695222df,GH1,sys_gh_rh,76.0000,normal,1.00,2025-06-09 00:00:00+00,2025-08-09 06:58:58.765837+00
1215,5c5bc271-66b8-4b72-bb5f-66a5695222df,GH1,sys_gh_rh,79.7500,normal,1.00,2025-06-10 00:00:00+00,2025-08-09 06:58:58.765837+00
1216,5c5bc271-66b8-4b72-bb5f-66a5695222df,GH1,sys_gh_rh,80.0000,normal,1.00,2025-06-11 00:00:00+00,2025-08-09 06:58:58.765837+00
1217,5c5bc271-66b8-4b72-bb5f-66a5695222df,GH1,sys_gh_rh,76.7500,normal,1.00,2025-06-12 00:00:00+00,2025-08-09 06:58:58.765837+00
1218,5c5bc271-66b8-4b72-bb5f-66a5695222df,GH1,sys_gh_rh,67.2500,normal,1.00,2025-06-13 00:00:00+00,2025-08-09 06:58:58.765837+00
1219,5c5bc271-66b8-4b72-bb5f-66a5695222df,GH1,sys_gh_rh,55.0000,normal,1.00,2025-06-14 00:00:00+00,2025-08-09 06:58:58.765837+00
1220,5c5bc271-66b8-4b72-bb5f-66a5695222df,GH1,sys_gh_rh,54.5000,normal,1.00,2025-06-15 00:00:00+00,2025-08-09 06:58:58.765837+00
1221,5c5bc271-66b8-4b72-bb5f-66a5695222df,GH1,sys_gh_rh,68.0000,normal,1.00,2025-06-16 00:00:00+00,2025-08-09 06:58:58.765837+00
1222,5c5bc271-66b8-4b72-bb5f-66a5695222df,GH1,sys_gh_rh,68.0000,normal,1.00,2025-06-17 00:00:00+00,2025-08-09 06:58:58.765837+00
1223,5c5bc271-66b8-4b72-bb5f-66a5695222df,GH1,sys_gh_rh,78.0000,normal,1.00,2025-06-18 00:00:00+00,2025-08-09 06:58:58.765837+00
1224,5c5bc271-66b8-4b72-bb5f-66a5695222df,GH1,sys_gh_rh,76.0000,normal,1.00,2025-06-19 00:00:00+00,2025-08-09 06:58:58.765837+00
1225,5c5bc271-66b8-4b72-bb5f-66a5695222df,GH1,sys_gh_rh,71.0000,normal,1.00,2025-06-20 00:00:00+00,2025-08-09 06:58:58.765837+00
1226,5c5bc271-66b8-4b72-bb5f-66a5695222df,GH1,sys_gh_rh,62.0000,normal,1.00,2025-06-21 00:00:00+00,2025-08-09 06:58:58.765837+00
1227,5c5bc271-66b8-4b72-bb5f-66a5695222df,GH1,sys_gh_rh,75.0000,normal,1.00,2025-06-22 00:00:00+00,2025-08-09 06:58:58.765837+00
1228,5c5bc271-66b8-4b72-bb5f-66a5695222df,GH1,sys_gh_rh,86.0000,normal,1.00,2025-06-23 00:00:00+00,2025-08-09 06:58:58.765837+00
1229,5c5bc271-66b8-4b72-bb5f-66a5695222df,GH1,sys_gh_rh,73.5000,normal,1.00,2025-06-24 00:00:00+00,2025-08-09 06:58:58.765837+00
1230,5c5bc271-66b8-4b72-bb5f-66a5695222df,GH1,sys_gh_rh,68.5000,normal,1.00,2025-06-25 00:00:00+00,2025-08-09 06:58:58.765837+00
1231,5c5bc271-66b8-4b72-bb5f-66a5695222df,GH1,sys_gh_rh,81.6700,normal,1.00,2025-06-26 00:00:00+00,2025-08-09 06:58:58.765837+00
1232,5c5bc271-66b8-4b72-bb5f-66a5695222df,GH1,sys_gh_rh,69.2500,normal,1.00,2025-06-27 00:00:00+00,2025-08-09 06:58:58.765837+00
1233,5c5bc271-66b8-4b72-bb5f-66a5695222df,GH1,sys_gh_rh,66.7500,normal,1.00,2025-06-28 00:00:00+00,2025-08-09 06:58:58.765837+00
1234,5c5bc271-66b8-4b72-bb5f-66a5695222df,GH1,sys_gh_rh,80.0000,normal,1.00,2025-06-29 00:00:00+00,2025-08-09 06:58:58.765837+00
1235,5c5bc271-66b8-4b72-bb5f-66a5695222df,GH1,fwater_ec,0.1503,normal,1.00,2025-04-21 00:00:00+00,2025-08-09 06:58:58.765837+00
1236,5c5bc271-66b8-4b72-bb5f-66a5695222df,GH1,fwater_ec,0.1473,normal,1.00,2025-04-22 00:00:00+00,2025-08-09 06:58:58.765837+00
1237,5c5bc271-66b8-4b72-bb5f-66a5695222df,GH1,fwater_ec,0.1488,normal,1.00,2025-04-23 00:00:00+00,2025-08-09 06:58:58.765837+00
1238,5c5bc271-66b8-4b72-bb5f-66a5695222df,GH1,fwater_ec,0.1580,normal,1.00,2025-04-24 00:00:00+00,2025-08-09 06:58:58.765837+00
1239,5c5bc271-66b8-4b72-bb5f-66a5695222df,GH1,fwater_ec,0.1550,normal,1.00,2025-04-25 00:00:00+00,2025-08-09 06:58:58.765837+00
1240,5c5bc271-66b8-4b72-bb5f-66a5695222df,GH1,fwater_ec,0.1520,normal,1.00,2025-04-26 00:00:00+00,2025-08-09 06:58:58.765837+00
1241,5c5bc271-66b8-4b72-bb5f-66a5695222df,GH1,fwater_ec,0.1525,normal,1.00,2025-04-27 00:00:00+00,2025-08-09 06:58:58.765837+00
1242,5c5bc271-66b8-4b72-bb5f-66a5695222df,GH1,fwater_ec,0.1520,normal,1.00,2025-04-28 00:00:00+00,2025-08-09 06:58:58.765837+00
1243,5c5bc271-66b8-4b72-bb5f-66a5695222df,GH1,fwater_ec,0.1525,normal,1.00,2025-04-29 00:00:00+00,2025-08-09 06:58:58.765837+00
1244,5c5bc271-66b8-4b72-bb5f-66a5695222df,GH1,fwater_ec,0.1505,normal,1.00,2025-04-30 00:00:00+00,2025-08-09 06:58:58.765837+00
1245,5c5bc271-66b8-4b72-bb5f-66a5695222df,GH1,fwater_ec,0.1475,normal,1.00,2025-05-01 00:00:00+00,2025-08-09 06:58:58.765837+00
1246,5c5bc271-66b8-4b72-bb5f-66a5695222df,GH1,fwater_ec,0.1535,normal,1.00,2025-05-02 00:00:00+00,2025-08-09 06:58:58.765837+00
1247,5c5bc271-66b8-4b72-bb5f-66a5695222df,GH1,fwater_ec,0.1568,normal,1.00,2025-05-03 00:00:00+00,2025-08-09 06:58:58.765837+00
1248,5c5bc271-66b8-4b72-bb5f-66a5695222df,GH1,fwater_ec,0.1498,normal,1.00,2025-05-04 00:00:00+00,2025-08-09 06:58:58.765837+00
1249,5c5bc271-66b8-4b72-bb5f-66a5695222df,GH1,fwater_ec,0.1538,normal,1.00,2025-05-05 00:00:00+00,2025-08-09 06:58:58.765837+00
1250,5c5bc271-66b8-4b72-bb5f-66a5695222df,GH1,fwater_ec,0.1535,normal,1.00,2025-05-06 00:00:00+00,2025-08-09 06:58:58.765837+00
1251,5c5bc271-66b8-4b72-bb5f-66a5695222df,GH1,fwater_ec,0.1563,normal,1.00,2025-05-07 00:00:00+00,2025-08-09 06:58:58.765837+00
1252,5c5bc271-66b8-4b72-bb5f-66a5695222df,GH1,fwater_ec,0.1478,normal,1.00,2025-05-08 00:00:00+00,2025-08-09 06:58:58.765837+00
1253,5c5bc271-66b8-4b72-bb5f-66a5695222df,GH1,fwater_ec,0.1585,normal,1.00,2025-05-09 00:00:00+00,2025-08-09 06:58:58.765837+00
1254,5c5bc271-66b8-4b72-bb5f-66a5695222df,GH1,fwater_ec,0.1563,normal,1.00,2025-05-10 00:00:00+00,2025-08-09 06:58:58.765837+00
1255,5c5bc271-66b8-4b72-bb5f-66a5695222df,GH1,fwater_ec,0.1520,normal,1.00,2025-05-12 00:00:00+00,2025-08-09 06:58:58.765837+00
1256,5c5bc271-66b8-4b72-bb5f-66a5695222df,GH1,fwater_ec,0.1520,normal,1.00,2025-05-13 00:00:00+00,2025-08-09 06:58:58.765837+00
1257,5c5bc271-66b8-4b72-bb5f-66a5695222df,GH1,fwater_ec,0.1480,normal,1.00,2025-05-14 00:00:00+00,2025-08-09 06:58:58.765837+00
1258,5c5bc271-66b8-4b72-bb5f-66a5695222df,GH1,fwater_ec,0.1520,normal,1.00,2025-05-15 00:00:00+00,2025-08-09 06:58:58.765837+00
1259,5c5bc271-66b8-4b72-bb5f-66a5695222df,GH1,fwater_ec,0.1500,normal,1.00,2025-05-16 00:00:00+00,2025-08-09 06:58:58.765837+00
1260,5c5bc271-66b8-4b72-bb5f-66a5695222df,GH1,fwater_ec,0.1540,normal,1.00,2025-05-17 00:00:00+00,2025-08-09 06:58:58.765837+00
1261,5c5bc271-66b8-4b72-bb5f-66a5695222df,GH1,fwater_ec,0.1450,normal,1.00,2025-05-18 00:00:00+00,2025-08-09 06:58:58.765837+00
1262,5c5bc271-66b8-4b72-bb5f-66a5695222df,GH1,fwater_ec,0.1500,normal,1.00,2025-05-19 00:00:00+00,2025-08-09 06:58:58.765837+00
1263,5c5bc271-66b8-4b72-bb5f-66a5695222df,GH1,fwater_ec,0.1575,normal,1.00,2025-05-20 00:00:00+00,2025-08-09 06:58:58.765837+00
1264,5c5bc271-66b8-4b72-bb5f-66a5695222df,GH1,fwater_ec,0.1520,normal,1.00,2025-05-21 00:00:00+00,2025-08-09 06:58:58.765837+00
1265,5c5bc271-66b8-4b72-bb5f-66a5695222df,GH1,fwater_ec,0.1530,normal,1.00,2025-05-22 00:00:00+00,2025-08-09 06:58:58.765837+00
1266,5c5bc271-66b8-4b72-bb5f-66a5695222df,GH1,fwater_ec,0.1550,normal,1.00,2025-05-23 00:00:00+00,2025-08-09 06:58:58.765837+00
1267,5c5bc271-66b8-4b72-bb5f-66a5695222df,GH1,fwater_ec,0.1550,normal,1.00,2025-05-24 00:00:00+00,2025-08-09 06:58:58.765837+00
1268,5c5bc271-66b8-4b72-bb5f-66a5695222df,GH1,fwater_ec,0.1560,normal,1.00,2025-05-25 00:00:00+00,2025-08-09 06:58:58.765837+00
1269,5c5bc271-66b8-4b72-bb5f-66a5695222df,GH1,fwater_ec,0.0006,normal,1.00,2025-05-26 00:00:00+00,2025-08-09 06:58:58.765837+00
1270,5c5bc271-66b8-4b72-bb5f-66a5695222df,GH1,fwater_ec,0.1505,normal,1.00,2025-05-27 00:00:00+00,2025-08-09 06:58:58.765837+00
1271,5c5bc271-66b8-4b72-bb5f-66a5695222df,GH1,fwater_ec,0.1543,normal,1.00,2025-05-28 00:00:00+00,2025-08-09 06:58:58.765837+00
1272,5c5bc271-66b8-4b72-bb5f-66a5695222df,GH1,fwater_ec,0.1540,normal,1.00,2025-05-29 00:00:00+00,2025-08-09 06:58:58.765837+00
1273,5c5bc271-66b8-4b72-bb5f-66a5695222df,GH1,fwater_ec,0.1510,normal,1.00,2025-05-30 00:00:00+00,2025-08-09 06:58:58.765837+00
1274,5c5bc271-66b8-4b72-bb5f-66a5695222df,GH1,fwater_ec,0.1490,normal,1.00,2025-05-31 00:00:00+00,2025-08-09 06:58:58.765837+00
1275,5c5bc271-66b8-4b72-bb5f-66a5695222df,GH1,fwater_ec,0.1520,normal,1.00,2025-06-01 00:00:00+00,2025-08-09 06:58:58.765837+00
1276,5c5bc271-66b8-4b72-bb5f-66a5695222df,GH1,fwater_ec,0.1564,normal,1.00,2025-06-02 00:00:00+00,2025-08-09 06:58:58.765837+00
1277,5c5bc271-66b8-4b72-bb5f-66a5695222df,GH1,fwater_ec,0.1603,normal,1.00,2025-06-03 00:00:00+00,2025-08-09 06:58:58.765837+00
1278,5c5bc271-66b8-4b72-bb5f-66a5695222df,GH1,fwater_ec,0.1585,normal,1.00,2025-06-04 00:00:00+00,2025-08-09 06:58:58.765837+00
1279,5c5bc271-66b8-4b72-bb5f-66a5695222df,GH1,fwater_ec,0.1598,normal,1.00,2025-06-05 00:00:00+00,2025-08-09 06:58:58.765837+00
1280,5c5bc271-66b8-4b72-bb5f-66a5695222df,GH1,fwater_ec,0.1530,normal,1.00,2025-06-06 00:00:00+00,2025-08-09 06:58:58.765837+00
1281,5c5bc271-66b8-4b72-bb5f-66a5695222df,GH1,fwater_ec,0.1540,normal,1.00,2025-06-07 00:00:00+00,2025-08-09 06:58:58.765837+00
1282,5c5bc271-66b8-4b72-bb5f-66a5695222df,GH1,fwater_ec,0.1555,normal,1.00,2025-06-08 00:00:00+00,2025-08-09 06:58:58.765837+00
1283,5c5bc271-66b8-4b72-bb5f-66a5695222df,GH1,fwater_ec,0.1563,normal,1.00,2025-06-09 00:00:00+00,2025-08-09 06:58:58.765837+00
1284,5c5bc271-66b8-4b72-bb5f-66a5695222df,GH1,fwater_ec,0.1568,normal,1.00,2025-06-10 00:00:00+00,2025-08-09 06:58:58.765837+00
1285,5c5bc271-66b8-4b72-bb5f-66a5695222df,GH1,fwater_ec,1.5050,normal,1.00,2025-06-11 00:00:00+00,2025-08-09 06:58:58.765837+00
1286,5c5bc271-66b8-4b72-bb5f-66a5695222df,GH1,fwater_ec,0.1535,normal,1.00,2025-06-12 00:00:00+00,2025-08-09 06:58:58.765837+00
1287,5c5bc271-66b8-4b72-bb5f-66a5695222df,GH1,fwater_ec,0.1580,normal,1.00,2025-06-13 00:00:00+00,2025-08-09 06:58:58.765837+00
1288,5c5bc271-66b8-4b72-bb5f-66a5695222df,GH1,fwater_ec,0.1530,normal,1.00,2025-06-14 00:00:00+00,2025-08-09 06:58:58.765837+00
1289,5c5bc271-66b8-4b72-bb5f-66a5695222df,GH1,fwater_ec,0.1683,normal,1.00,2025-06-15 00:00:00+00,2025-08-09 06:58:58.765837+00
1290,5c5bc271-66b8-4b72-bb5f-66a5695222df,GH1,fwater_ec,0.1630,normal,1.00,2025-06-16 00:00:00+00,2025-08-09 06:58:58.765837+00
1291,5c5bc271-66b8-4b72-bb5f-66a5695222df,GH1,fwater_ec,0.1640,normal,1.00,2025-06-17 00:00:00+00,2025-08-09 06:58:58.765837+00
1292,5c5bc271-66b8-4b72-bb5f-66a5695222df,GH1,fwater_ec,0.1620,normal,1.00,2025-06-18 00:00:00+00,2025-08-09 06:58:58.765837+00
1293,5c5bc271-66b8-4b72-bb5f-66a5695222df,GH1,fwater_ec,0.1610,normal,1.00,2025-06-19 00:00:00+00,2025-08-09 06:58:58.765837+00
1294,5c5bc271-66b8-4b72-bb5f-66a5695222df,GH1,fwater_ec,0.1580,normal,1.00,2025-06-20 00:00:00+00,2025-08-09 06:58:58.765837+00
1295,5c5bc271-66b8-4b72-bb5f-66a5695222df,GH1,fwater_ec,0.1620,normal,1.00,2025-06-21 00:00:00+00,2025-08-09 06:58:58.765837+00
1296,5c5bc271-66b8-4b72-bb5f-66a5695222df,GH1,fwater_ec,0.1580,normal,1.00,2025-06-22 00:00:00+00,2025-08-09 06:58:58.765837+00
1297,5c5bc271-66b8-4b72-bb5f-66a5695222df,GH1,fwater_ec,0.1588,normal,1.00,2025-06-23 00:00:00+00,2025-08-09 06:58:58.765837+00
1298,5c5bc271-66b8-4b72-bb5f-66a5695222df,GH1,fwater_ec,0.1635,normal,1.00,2025-06-24 00:00:00+00,2025-08-09 06:58:58.765837+00
1299,5c5bc271-66b8-4b72-bb5f-66a5695222df,GH1,fwater_ec,0.1605,normal,1.00,2025-06-25 00:00:00+00,2025-08-09 06:58:58.765837+00
1300,5c5bc271-66b8-4b72-bb5f-66a5695222df,GH1,fwater_ec,0.1633,normal,1.00,2025-06-26 00:00:00+00,2025-08-09 06:58:58.765837+00
1301,5c5bc271-66b8-4b72-bb5f-66a5695222df,GH1,fwater_ec,0.1633,normal,1.00,2025-06-27 00:00:00+00,2025-08-09 06:58:58.765837+00
1302,5c5bc271-66b8-4b72-bb5f-66a5695222df,GH1,fwater_ec,0.1550,normal,1.00,2025-06-28 00:00:00+00,2025-08-09 06:58:58.765837+00
1303,5c5bc271-66b8-4b72-bb5f-66a5695222df,GH1,fwater_ec,0.1598,normal,1.00,2025-06-29 00:00:00+00,2025-08-09 06:58:58.765837+00
1304,5c5bc271-66b8-4b72-bb5f-66a5695222df,GH1,fwater_ph,7.3000,normal,1.00,2025-04-21 00:00:00+00,2025-08-09 06:58:58.765837+00
1305,5c5bc271-66b8-4b72-bb5f-66a5695222df,GH1,fwater_ph,7.4500,normal,1.00,2025-04-22 00:00:00+00,2025-08-09 06:58:58.765837+00
1306,5c5bc271-66b8-4b72-bb5f-66a5695222df,GH1,fwater_ph,7.7300,normal,1.00,2025-04-23 00:00:00+00,2025-08-09 06:58:58.765837+00
1307,5c5bc271-66b8-4b72-bb5f-66a5695222df,GH1,fwater_ph,7.0000,normal,1.00,2025-04-24 00:00:00+00,2025-08-09 06:58:58.765837+00
1308,5c5bc271-66b8-4b72-bb5f-66a5695222df,GH1,fwater_ph,7.1500,normal,1.00,2025-04-25 00:00:00+00,2025-08-09 06:58:58.765837+00
1309,5c5bc271-66b8-4b72-bb5f-66a5695222df,GH1,fwater_ph,7.3800,normal,1.00,2025-04-26 00:00:00+00,2025-08-09 06:58:58.765837+00
1310,5c5bc271-66b8-4b72-bb5f-66a5695222df,GH1,fwater_ph,7.4300,normal,1.00,2025-04-27 00:00:00+00,2025-08-09 06:58:58.765837+00
1311,5c5bc271-66b8-4b72-bb5f-66a5695222df,GH1,fwater_ph,7.5000,normal,1.00,2025-04-28 00:00:00+00,2025-08-09 06:58:58.765837+00
1312,5c5bc271-66b8-4b72-bb5f-66a5695222df,GH1,fwater_ph,7.5000,normal,1.00,2025-04-29 00:00:00+00,2025-08-09 06:58:58.765837+00
1313,5c5bc271-66b8-4b72-bb5f-66a5695222df,GH1,fwater_ph,7.5000,normal,1.00,2025-04-30 00:00:00+00,2025-08-09 06:58:58.765837+00
1314,5c5bc271-66b8-4b72-bb5f-66a5695222df,GH1,fwater_ph,7.7300,normal,1.00,2025-05-01 00:00:00+00,2025-08-09 06:58:58.765837+00
1315,5c5bc271-66b8-4b72-bb5f-66a5695222df,GH1,fwater_ph,153.5000,normal,1.00,2025-05-02 00:00:00+00,2025-08-09 06:58:58.765837+00
1316,5c5bc271-66b8-4b72-bb5f-66a5695222df,GH1,fwater_ph,156.7500,normal,1.00,2025-05-03 00:00:00+00,2025-08-09 06:58:58.765837+00
1317,5c5bc271-66b8-4b72-bb5f-66a5695222df,GH1,fwater_ph,149.7500,normal,1.00,2025-05-04 00:00:00+00,2025-08-09 06:58:58.765837+00
1318,5c5bc271-66b8-4b72-bb5f-66a5695222df,GH1,fwater_ph,7.8000,normal,1.00,2025-05-05 00:00:00+00,2025-08-09 06:58:58.765837+00
1319,5c5bc271-66b8-4b72-bb5f-66a5695222df,GH1,fwater_ph,7.9000,normal,1.00,2025-05-06 00:00:00+00,2025-08-09 06:58:58.765837+00
1320,5c5bc271-66b8-4b72-bb5f-66a5695222df,GH1,fwater_ph,7.7300,normal,1.00,2025-05-07 00:00:00+00,2025-08-09 06:58:58.765837+00
1321,5c5bc271-66b8-4b72-bb5f-66a5695222df,GH1,fwater_ph,7.4300,normal,1.00,2025-05-08 00:00:00+00,2025-08-09 06:58:58.765837+00
1322,5c5bc271-66b8-4b72-bb5f-66a5695222df,GH1,fwater_ph,7.4500,normal,1.00,2025-05-09 00:00:00+00,2025-08-09 06:58:58.765837+00
1323,5c5bc271-66b8-4b72-bb5f-66a5695222df,GH1,fwater_ph,7.3500,normal,1.00,2025-05-10 00:00:00+00,2025-08-09 06:58:58.765837+00
1324,5c5bc271-66b8-4b72-bb5f-66a5695222df,GH1,fwater_ph,7.8000,normal,1.00,2025-05-12 00:00:00+00,2025-08-09 06:58:58.765837+00
1325,5c5bc271-66b8-4b72-bb5f-66a5695222df,GH1,fwater_ph,7.7000,normal,1.00,2025-05-13 00:00:00+00,2025-08-09 06:58:58.765837+00
1326,5c5bc271-66b8-4b72-bb5f-66a5695222df,GH1,fwater_ph,7.4800,normal,1.00,2025-05-14 00:00:00+00,2025-08-09 06:58:58.765837+00
1327,5c5bc271-66b8-4b72-bb5f-66a5695222df,GH1,fwater_ph,7.4000,normal,1.00,2025-05-15 00:00:00+00,2025-08-09 06:58:58.765837+00
1328,5c5bc271-66b8-4b72-bb5f-66a5695222df,GH1,fwater_ph,7.5300,normal,1.00,2025-05-16 00:00:00+00,2025-08-09 06:58:58.765837+00
1329,5c5bc271-66b8-4b72-bb5f-66a5695222df,GH1,fwater_ph,7.5500,normal,1.00,2025-05-17 00:00:00+00,2025-08-09 06:58:58.765837+00
1330,5c5bc271-66b8-4b72-bb5f-66a5695222df,GH1,fwater_ph,7.3000,normal,1.00,2025-05-18 00:00:00+00,2025-08-09 06:58:58.765837+00
1331,5c5bc271-66b8-4b72-bb5f-66a5695222df,GH1,fwater_ph,7.5500,normal,1.00,2025-05-19 00:00:00+00,2025-08-09 06:58:58.765837+00
1332,5c5bc271-66b8-4b72-bb5f-66a5695222df,GH1,fwater_ph,7.6500,normal,1.00,2025-05-20 00:00:00+00,2025-08-09 06:58:58.765837+00
1333,5c5bc271-66b8-4b72-bb5f-66a5695222df,GH1,fwater_ph,7.6800,normal,1.00,2025-05-21 00:00:00+00,2025-08-09 06:58:58.765837+00
1334,5c5bc271-66b8-4b72-bb5f-66a5695222df,GH1,fwater_ph,7.8300,normal,1.00,2025-05-22 00:00:00+00,2025-08-09 06:58:58.765837+00
1335,5c5bc271-66b8-4b72-bb5f-66a5695222df,GH1,fwater_ph,7.8500,normal,1.00,2025-05-23 00:00:00+00,2025-08-09 06:58:58.765837+00
1336,5c5bc271-66b8-4b72-bb5f-66a5695222df,GH1,fwater_ph,7.9300,normal,1.00,2025-05-24 00:00:00+00,2025-08-09 06:58:58.765837+00
1337,5c5bc271-66b8-4b72-bb5f-66a5695222df,GH1,fwater_ph,7.7800,normal,1.00,2025-05-25 00:00:00+00,2025-08-09 06:58:58.765837+00
1338,5c5bc271-66b8-4b72-bb5f-66a5695222df,GH1,fwater_ph,7.7500,normal,1.00,2025-05-26 00:00:00+00,2025-08-09 06:58:58.765837+00
1339,5c5bc271-66b8-4b72-bb5f-66a5695222df,GH1,fwater_ph,7.8000,normal,1.00,2025-05-27 00:00:00+00,2025-08-09 06:58:58.765837+00
1340,5c5bc271-66b8-4b72-bb5f-66a5695222df,GH1,fwater_ph,7.6000,normal,1.00,2025-05-28 00:00:00+00,2025-08-09 06:58:58.765837+00
1341,5c5bc271-66b8-4b72-bb5f-66a5695222df,GH1,fwater_ph,7.6000,normal,1.00,2025-05-29 00:00:00+00,2025-08-09 06:58:58.765837+00
1342,5c5bc271-66b8-4b72-bb5f-66a5695222df,GH1,fwater_ph,7.5000,normal,1.00,2025-05-30 00:00:00+00,2025-08-09 06:58:58.765837+00
1343,5c5bc271-66b8-4b72-bb5f-66a5695222df,GH1,fwater_ph,7.5000,normal,1.00,2025-05-31 00:00:00+00,2025-08-09 06:58:58.765837+00
1344,5c5bc271-66b8-4b72-bb5f-66a5695222df,GH1,fwater_ph,7.3000,normal,1.00,2025-06-01 00:00:00+00,2025-08-09 06:58:58.765837+00
1345,5c5bc271-66b8-4b72-bb5f-66a5695222df,GH1,fwater_ph,7.4800,normal,1.00,2025-06-02 00:00:00+00,2025-08-09 06:58:58.765837+00
1346,5c5bc271-66b8-4b72-bb5f-66a5695222df,GH1,fwater_ph,7.4000,normal,1.00,2025-06-03 00:00:00+00,2025-08-09 06:58:58.765837+00
1347,5c5bc271-66b8-4b72-bb5f-66a5695222df,GH1,fwater_ph,7.3500,normal,1.00,2025-06-04 00:00:00+00,2025-08-09 06:58:58.765837+00
1348,5c5bc271-66b8-4b72-bb5f-66a5695222df,GH1,fwater_ph,7.4500,normal,1.00,2025-06-05 00:00:00+00,2025-08-09 06:58:58.765837+00
1349,5c5bc271-66b8-4b72-bb5f-66a5695222df,GH1,fwater_ph,7.6000,normal,1.00,2025-06-06 00:00:00+00,2025-08-09 06:58:58.765837+00
1350,5c5bc271-66b8-4b72-bb5f-66a5695222df,GH1,fwater_ph,7.7750,normal,1.00,2025-06-07 00:00:00+00,2025-08-09 06:58:58.765837+00
1351,5c5bc271-66b8-4b72-bb5f-66a5695222df,GH1,fwater_ph,7.7300,normal,1.00,2025-06-08 00:00:00+00,2025-08-09 06:58:58.765837+00
1352,5c5bc271-66b8-4b72-bb5f-66a5695222df,GH1,fwater_ph,7.5000,normal,1.00,2025-06-09 00:00:00+00,2025-08-09 06:58:58.765837+00
1353,5c5bc271-66b8-4b72-bb5f-66a5695222df,GH1,fwater_ph,7.4500,normal,1.00,2025-06-10 00:00:00+00,2025-08-09 06:58:58.765837+00
1354,5c5bc271-66b8-4b72-bb5f-66a5695222df,GH1,fwater_ph,7.4000,normal,1.00,2025-06-11 00:00:00+00,2025-08-09 06:58:58.765837+00
1355,5c5bc271-66b8-4b72-bb5f-66a5695222df,GH1,fwater_ph,7.3800,normal,1.00,2025-06-12 00:00:00+00,2025-08-09 06:58:58.765837+00
1356,5c5bc271-66b8-4b72-bb5f-66a5695222df,GH1,fwater_ph,7.3500,normal,1.00,2025-06-13 00:00:00+00,2025-08-09 06:58:58.765837+00
1357,5c5bc271-66b8-4b72-bb5f-66a5695222df,GH1,fwater_ph,7.4300,normal,1.00,2025-06-14 00:00:00+00,2025-08-09 06:58:58.765837+00
1358,5c5bc271-66b8-4b72-bb5f-66a5695222df,GH1,fwater_ph,7.1300,normal,1.00,2025-06-15 00:00:00+00,2025-08-09 06:58:58.765837+00
1359,5c5bc271-66b8-4b72-bb5f-66a5695222df,GH1,fwater_ph,7.1500,normal,1.00,2025-06-16 00:00:00+00,2025-08-09 06:58:58.765837+00
1360,5c5bc271-66b8-4b72-bb5f-66a5695222df,GH1,fwater_ph,7.1500,normal,1.00,2025-06-17 00:00:00+00,2025-08-09 06:58:58.765837+00
1361,5c5bc271-66b8-4b72-bb5f-66a5695222df,GH1,fwater_ph,7.1800,normal,1.00,2025-06-18 00:00:00+00,2025-08-09 06:58:58.765837+00
1362,5c5bc271-66b8-4b72-bb5f-66a5695222df,GH1,fwater_ph,7.2800,normal,1.00,2025-06-19 00:00:00+00,2025-08-09 06:58:58.765837+00
1363,5c5bc271-66b8-4b72-bb5f-66a5695222df,GH1,fwater_ph,7.2300,normal,1.00,2025-06-20 00:00:00+00,2025-08-09 06:58:58.765837+00
1364,5c5bc271-66b8-4b72-bb5f-66a5695222df,GH1,fwater_ph,7.2800,normal,1.00,2025-06-21 00:00:00+00,2025-08-09 06:58:58.765837+00
1365,5c5bc271-66b8-4b72-bb5f-66a5695222df,GH1,fwater_ph,7.2000,normal,1.00,2025-06-22 00:00:00+00,2025-08-09 06:58:58.765837+00
1366,5c5bc271-66b8-4b72-bb5f-66a5695222df,GH1,fwater_ph,7.3000,normal,1.00,2025-06-23 00:00:00+00,2025-08-09 06:58:58.765837+00
1367,5c5bc271-66b8-4b72-bb5f-66a5695222df,GH1,fwater_ph,7.2000,normal,1.00,2025-06-24 00:00:00+00,2025-08-09 06:58:58.765837+00
1368,5c5bc271-66b8-4b72-bb5f-66a5695222df,GH1,fwater_ph,7.3000,normal,1.00,2025-06-25 00:00:00+00,2025-08-09 06:58:58.765837+00
1369,5c5bc271-66b8-4b72-bb5f-66a5695222df,GH1,fwater_ph,7.1000,normal,1.00,2025-06-26 00:00:00+00,2025-08-09 06:58:58.765837+00
1370,5c5bc271-66b8-4b72-bb5f-66a5695222df,GH1,fwater_ph,7.4000,normal,1.00,2025-06-27 00:00:00+00,2025-08-09 06:58:58.765837+00
1371,5c5bc271-66b8-4b72-bb5f-66a5695222df,GH1,fwater_ph,7.4000,normal,1.00,2025-06-28 00:00:00+00,2025-08-09 06:58:58.765837+00
1372,5c5bc271-66b8-4b72-bb5f-66a5695222df,GH1,fwater_ph,7.4000,normal,1.00,2025-06-29 00:00:00+00,2025-08-09 06:58:58.765837+00
1373,5c5bc271-66b8-4b72-bb5f-66a5695222df,GH1,fwater_temp,30.8800,normal,1.00,2025-04-21 00:00:00+00,2025-08-09 06:58:58.765837+00
1374,5c5bc271-66b8-4b72-bb5f-66a5695222df,GH1,fwater_temp,31.4800,normal,1.00,2025-04-22 00:00:00+00,2025-08-09 06:58:58.765837+00
1375,5c5bc271-66b8-4b72-bb5f-66a5695222df,GH1,fwater_temp,31.3800,normal,1.00,2025-04-23 00:00:00+00,2025-08-09 06:58:58.765837+00
1376,5c5bc271-66b8-4b72-bb5f-66a5695222df,GH1,fwater_temp,31.6300,normal,1.00,2025-04-24 00:00:00+00,2025-08-09 06:58:58.765837+00
1377,5c5bc271-66b8-4b72-bb5f-66a5695222df,GH1,fwater_temp,31.3800,normal,1.00,2025-04-25 00:00:00+00,2025-08-09 06:58:58.765837+00
1378,5c5bc271-66b8-4b72-bb5f-66a5695222df,GH1,fwater_temp,35.2000,normal,1.00,2025-04-26 00:00:00+00,2025-08-09 06:58:58.765837+00
1379,5c5bc271-66b8-4b72-bb5f-66a5695222df,GH1,fwater_temp,32.2500,normal,1.00,2025-04-27 00:00:00+00,2025-08-09 06:58:58.765837+00
1380,5c5bc271-66b8-4b72-bb5f-66a5695222df,GH1,fwater_temp,7.5000,normal,1.00,2025-04-28 00:00:00+00,2025-08-09 06:58:58.765837+00
1381,5c5bc271-66b8-4b72-bb5f-66a5695222df,GH1,fwater_temp,7.5000,normal,1.00,2025-04-29 00:00:00+00,2025-08-09 06:58:58.765837+00
1382,5c5bc271-66b8-4b72-bb5f-66a5695222df,GH1,fwater_temp,7.5000,normal,1.00,2025-04-30 00:00:00+00,2025-08-09 06:58:58.765837+00
1383,5c5bc271-66b8-4b72-bb5f-66a5695222df,GH1,fwater_temp,7.7300,normal,1.00,2025-05-01 00:00:00+00,2025-08-09 06:58:58.765837+00
1384,5c5bc271-66b8-4b72-bb5f-66a5695222df,GH1,fwater_temp,7.7500,normal,1.00,2025-05-02 00:00:00+00,2025-08-09 06:58:58.765837+00
1385,5c5bc271-66b8-4b72-bb5f-66a5695222df,GH1,fwater_temp,7.6000,normal,1.00,2025-05-03 00:00:00+00,2025-08-09 06:58:58.765837+00
1386,5c5bc271-66b8-4b72-bb5f-66a5695222df,GH1,fwater_temp,7.7000,normal,1.00,2025-05-04 00:00:00+00,2025-08-09 06:58:58.765837+00
1387,5c5bc271-66b8-4b72-bb5f-66a5695222df,GH1,fwater_temp,31.7500,normal,1.00,2025-05-05 00:00:00+00,2025-08-09 06:58:58.765837+00
1388,5c5bc271-66b8-4b72-bb5f-66a5695222df,GH1,fwater_temp,31.3300,normal,1.00,2025-05-06 00:00:00+00,2025-08-09 06:58:58.765837+00
1389,5c5bc271-66b8-4b72-bb5f-66a5695222df,GH1,fwater_temp,30.4800,normal,1.00,2025-05-07 00:00:00+00,2025-08-09 06:58:58.765837+00
1390,5c5bc271-66b8-4b72-bb5f-66a5695222df,GH1,fwater_temp,30.9500,normal,1.00,2025-05-08 00:00:00+00,2025-08-09 06:58:58.765837+00
1391,5c5bc271-66b8-4b72-bb5f-66a5695222df,GH1,fwater_temp,32.6800,normal,1.00,2025-05-09 00:00:00+00,2025-08-09 06:58:58.765837+00
1392,5c5bc271-66b8-4b72-bb5f-66a5695222df,GH1,fwater_temp,35.0800,normal,1.00,2025-05-10 00:00:00+00,2025-08-09 06:58:58.765837+00
1393,5c5bc271-66b8-4b72-bb5f-66a5695222df,GH1,fwater_temp,32.0000,normal,1.00,2025-05-11 00:00:00+00,2025-08-09 06:58:58.765837+00
1394,5c5bc271-66b8-4b72-bb5f-66a5695222df,GH1,fwater_temp,32.4800,normal,1.00,2025-05-12 00:00:00+00,2025-08-09 06:58:58.765837+00
1395,5c5bc271-66b8-4b72-bb5f-66a5695222df,GH1,fwater_temp,31.4000,normal,1.00,2025-05-13 00:00:00+00,2025-08-09 06:58:58.765837+00
1396,5c5bc271-66b8-4b72-bb5f-66a5695222df,GH1,fwater_temp,34.3000,normal,1.00,2025-05-14 00:00:00+00,2025-08-09 06:58:58.765837+00
1397,5c5bc271-66b8-4b72-bb5f-66a5695222df,GH1,fwater_temp,33.9000,normal,1.00,2025-05-15 00:00:00+00,2025-08-09 06:58:58.765837+00
1398,5c5bc271-66b8-4b72-bb5f-66a5695222df,GH1,fwater_temp,32.8300,normal,1.00,2025-05-16 00:00:00+00,2025-08-09 06:58:58.765837+00
1399,5c5bc271-66b8-4b72-bb5f-66a5695222df,GH1,fwater_temp,36.0800,normal,1.00,2025-05-17 00:00:00+00,2025-08-09 06:58:58.765837+00
1400,5c5bc271-66b8-4b72-bb5f-66a5695222df,GH1,fwater_temp,36.0000,normal,1.00,2025-05-18 00:00:00+00,2025-08-09 06:58:58.765837+00
1401,5c5bc271-66b8-4b72-bb5f-66a5695222df,GH1,fwater_temp,34.8500,normal,1.00,2025-05-19 00:00:00+00,2025-08-09 06:58:58.765837+00
1402,5c5bc271-66b8-4b72-bb5f-66a5695222df,GH1,fwater_temp,33.3300,normal,1.00,2025-05-20 00:00:00+00,2025-08-09 06:58:58.765837+00
1403,5c5bc271-66b8-4b72-bb5f-66a5695222df,GH1,fwater_temp,33.6000,normal,1.00,2025-05-21 00:00:00+00,2025-08-09 06:58:58.765837+00
1404,5c5bc271-66b8-4b72-bb5f-66a5695222df,GH1,fwater_temp,34.2300,normal,1.00,2025-05-22 00:00:00+00,2025-08-09 06:58:58.765837+00
1405,5c5bc271-66b8-4b72-bb5f-66a5695222df,GH1,fwater_temp,34.3000,normal,1.00,2025-05-23 00:00:00+00,2025-08-09 06:58:58.765837+00
1406,5c5bc271-66b8-4b72-bb5f-66a5695222df,GH1,fwater_temp,34.5300,normal,1.00,2025-05-24 00:00:00+00,2025-08-09 06:58:58.765837+00
1407,5c5bc271-66b8-4b72-bb5f-66a5695222df,GH1,fwater_temp,34.8500,normal,1.00,2025-05-25 00:00:00+00,2025-08-09 06:58:58.765837+00
1408,5c5bc271-66b8-4b72-bb5f-66a5695222df,GH1,fwater_temp,33.8500,normal,1.00,2025-05-26 00:00:00+00,2025-08-09 06:58:58.765837+00
1409,5c5bc271-66b8-4b72-bb5f-66a5695222df,GH1,fwater_temp,33.0800,normal,1.00,2025-05-27 00:00:00+00,2025-08-09 06:58:58.765837+00
1410,5c5bc271-66b8-4b72-bb5f-66a5695222df,GH1,fwater_temp,32.2500,normal,1.00,2025-05-28 00:00:00+00,2025-08-09 06:58:58.765837+00
1411,5c5bc271-66b8-4b72-bb5f-66a5695222df,GH1,fwater_temp,31.2300,normal,1.00,2025-05-29 00:00:00+00,2025-08-09 06:58:58.765837+00
1412,5c5bc271-66b8-4b72-bb5f-66a5695222df,GH1,fwater_temp,29.0000,normal,1.00,2025-05-30 00:00:00+00,2025-08-09 06:58:58.765837+00
1413,5c5bc271-66b8-4b72-bb5f-66a5695222df,GH1,fwater_temp,30.3000,normal,1.00,2025-05-31 00:00:00+00,2025-08-09 06:58:58.765837+00
1414,5c5bc271-66b8-4b72-bb5f-66a5695222df,GH1,fwater_temp,34.0000,normal,1.00,2025-06-01 00:00:00+00,2025-08-09 06:58:58.765837+00
1415,5c5bc271-66b8-4b72-bb5f-66a5695222df,GH1,fwater_temp,30.7000,normal,1.00,2025-06-02 00:00:00+00,2025-08-09 06:58:58.765837+00
1416,5c5bc271-66b8-4b72-bb5f-66a5695222df,GH1,fwater_temp,32.3500,normal,1.00,2025-06-03 00:00:00+00,2025-08-09 06:58:58.765837+00
1417,5c5bc271-66b8-4b72-bb5f-66a5695222df,GH1,fwater_temp,32.2300,normal,1.00,2025-06-04 00:00:00+00,2025-08-09 06:58:58.765837+00
1418,5c5bc271-66b8-4b72-bb5f-66a5695222df,GH1,fwater_temp,30.9000,normal,1.00,2025-06-05 00:00:00+00,2025-08-09 06:58:58.765837+00
1419,5c5bc271-66b8-4b72-bb5f-66a5695222df,GH1,fwater_temp,28.9000,normal,1.00,2025-06-06 00:00:00+00,2025-08-09 06:58:58.765837+00
1420,5c5bc271-66b8-4b72-bb5f-66a5695222df,GH1,fwater_temp,29.2500,normal,1.00,2025-06-07 00:00:00+00,2025-08-09 06:58:58.765837+00
1421,5c5bc271-66b8-4b72-bb5f-66a5695222df,GH1,fwater_temp,30.1300,normal,1.00,2025-06-08 00:00:00+00,2025-08-09 06:58:58.765837+00
1422,5c5bc271-66b8-4b72-bb5f-66a5695222df,GH1,fwater_temp,29.4300,normal,1.00,2025-06-09 00:00:00+00,2025-08-09 06:58:58.765837+00
1423,5c5bc271-66b8-4b72-bb5f-66a5695222df,GH1,fwater_temp,29.9800,normal,1.00,2025-06-10 00:00:00+00,2025-08-09 06:58:58.765837+00
1424,5c5bc271-66b8-4b72-bb5f-66a5695222df,GH1,fwater_temp,28.8000,normal,1.00,2025-06-11 00:00:00+00,2025-08-09 06:58:58.765837+00
1425,5c5bc271-66b8-4b72-bb5f-66a5695222df,GH1,fwater_temp,29.5500,normal,1.00,2025-06-12 00:00:00+00,2025-08-09 06:58:58.765837+00
1426,5c5bc271-66b8-4b72-bb5f-66a5695222df,GH1,fwater_temp,31.8500,normal,1.00,2025-06-13 00:00:00+00,2025-08-09 06:58:58.765837+00
1427,5c5bc271-66b8-4b72-bb5f-66a5695222df,GH1,fwater_temp,33.3800,normal,1.00,2025-06-14 00:00:00+00,2025-08-09 06:58:58.765837+00
1428,5c5bc271-66b8-4b72-bb5f-66a5695222df,GH1,fwater_temp,33.6500,normal,1.00,2025-06-15 00:00:00+00,2025-08-09 06:58:58.765837+00
1429,5c5bc271-66b8-4b72-bb5f-66a5695222df,GH1,fwater_temp,32.0000,normal,1.00,2025-06-16 00:00:00+00,2025-08-09 06:58:58.765837+00
1430,5c5bc271-66b8-4b72-bb5f-66a5695222df,GH1,fwater_temp,32.3000,normal,1.00,2025-06-17 00:00:00+00,2025-08-09 06:58:58.765837+00
1431,5c5bc271-66b8-4b72-bb5f-66a5695222df,GH1,fwater_temp,29.1500,normal,1.00,2025-06-18 00:00:00+00,2025-08-09 06:58:58.765837+00
1432,5c5bc271-66b8-4b72-bb5f-66a5695222df,GH1,fwater_temp,29.4000,normal,1.00,2025-06-19 00:00:00+00,2025-08-09 06:58:58.765837+00
1433,5c5bc271-66b8-4b72-bb5f-66a5695222df,GH1,fwater_temp,30.8800,normal,1.00,2025-06-20 00:00:00+00,2025-08-09 06:58:58.765837+00
1434,5c5bc271-66b8-4b72-bb5f-66a5695222df,GH1,fwater_temp,28.0000,normal,1.00,2025-06-21 00:00:00+00,2025-08-09 06:58:58.765837+00
1435,5c5bc271-66b8-4b72-bb5f-66a5695222df,GH1,fwater_temp,28.0000,normal,1.00,2025-06-22 00:00:00+00,2025-08-09 06:58:58.765837+00
1436,5c5bc271-66b8-4b72-bb5f-66a5695222df,GH1,fwater_temp,26.7000,normal,1.00,2025-06-23 00:00:00+00,2025-08-09 06:58:58.765837+00
1437,5c5bc271-66b8-4b72-bb5f-66a5695222df,GH1,fwater_temp,28.5000,normal,1.00,2025-06-24 00:00:00+00,2025-08-09 06:58:58.765837+00
1438,5c5bc271-66b8-4b72-bb5f-66a5695222df,GH1,fwater_temp,30.0000,normal,1.00,2025-06-25 00:00:00+00,2025-08-09 06:58:58.765837+00
1439,5c5bc271-66b8-4b72-bb5f-66a5695222df,GH1,fwater_temp,27.1000,normal,1.00,2025-06-26 00:00:00+00,2025-08-09 06:58:58.765837+00
1440,5c5bc271-66b8-4b72-bb5f-66a5695222df,GH1,fwater_temp,29.5000,normal,1.00,2025-06-27 00:00:00+00,2025-08-09 06:58:58.765837+00
1441,5c5bc271-66b8-4b72-bb5f-66a5695222df,GH1,fwater_temp,29.9000,normal,1.00,2025-06-28 00:00:00+00,2025-08-09 06:58:58.765837+00
1442,5c5bc271-66b8-4b72-bb5f-66a5695222df,GH1,fwater_temp,27.8000,normal,1.00,2025-06-29 00:00:00+00,2025-08-09 06:58:58.765837+00
1443,5c5bc271-66b8-4b72-bb5f-66a5695222df,GH3,sys_ec,0.1510,normal,1.00,2024-12-30 00:00:00+00,2025-08-09 06:58:58.765837+00
1444,5c5bc271-66b8-4b72-bb5f-66a5695222df,GH3,sys_ec,0.1540,normal,1.00,2024-12-31 00:00:00+00,2025-08-09 06:58:58.765837+00
1445,5c5bc271-66b8-4b72-bb5f-66a5695222df,GH3,sys_ec,0.1520,normal,1.00,2025-01-01 00:00:00+00,2025-08-09 06:58:58.765837+00
1446,5c5bc271-66b8-4b72-bb5f-66a5695222df,GH3,sys_ec,0.1590,normal,1.00,2025-01-02 00:00:00+00,2025-08-09 06:58:58.765837+00
1447,5c5bc271-66b8-4b72-bb5f-66a5695222df,GH3,sys_ec,0.1520,normal,1.00,2025-01-03 00:00:00+00,2025-08-09 06:58:58.765837+00
1448,5c5bc271-66b8-4b72-bb5f-66a5695222df,GH3,sys_ec,0.1490,normal,1.00,2025-01-04 00:00:00+00,2025-08-09 06:58:58.765837+00
1449,5c5bc271-66b8-4b72-bb5f-66a5695222df,GH3,sys_ec,1.6340,normal,1.00,2025-01-06 00:00:00+00,2025-08-09 06:58:58.765837+00
1450,5c5bc271-66b8-4b72-bb5f-66a5695222df,GH3,sys_ec,1.5840,normal,1.00,2025-01-07 00:00:00+00,2025-08-09 06:58:58.765837+00
1451,5c5bc271-66b8-4b72-bb5f-66a5695222df,GH3,sys_ec,1.6020,normal,1.00,2025-01-08 00:00:00+00,2025-08-09 06:58:58.765837+00
1452,5c5bc271-66b8-4b72-bb5f-66a5695222df,GH3,sys_ec,1.6720,normal,1.00,2025-01-09 00:00:00+00,2025-08-09 06:58:58.765837+00
1453,5c5bc271-66b8-4b72-bb5f-66a5695222df,GH3,sys_ec,1.6380,normal,1.00,2025-01-10 00:00:00+00,2025-08-09 06:58:58.765837+00
1454,5c5bc271-66b8-4b72-bb5f-66a5695222df,GH3,sys_ec,0.1650,normal,1.00,2025-01-11 00:00:00+00,2025-08-09 06:58:58.765837+00
1455,5c5bc271-66b8-4b72-bb5f-66a5695222df,GH3,sys_ec,0.1540,normal,1.00,2025-01-12 00:00:00+00,2025-08-09 06:58:58.765837+00
1456,5c5bc271-66b8-4b72-bb5f-66a5695222df,GH3,sys_ec,0.1530,normal,1.00,2025-01-13 00:00:00+00,2025-08-09 06:58:58.765837+00
1457,5c5bc271-66b8-4b72-bb5f-66a5695222df,GH3,sys_ec,0.1490,normal,1.00,2025-01-14 00:00:00+00,2025-08-09 06:58:58.765837+00
1458,5c5bc271-66b8-4b72-bb5f-66a5695222df,GH3,sys_ec,0.1520,normal,1.00,2025-01-15 00:00:00+00,2025-08-09 06:58:58.765837+00
1459,5c5bc271-66b8-4b72-bb5f-66a5695222df,GH3,sys_ec,0.1520,normal,1.00,2025-01-16 00:00:00+00,2025-08-09 06:58:58.765837+00
1460,5c5bc271-66b8-4b72-bb5f-66a5695222df,GH3,sys_ec,0.1530,normal,1.00,2025-01-17 00:00:00+00,2025-08-09 06:58:58.765837+00
1461,5c5bc271-66b8-4b72-bb5f-66a5695222df,GH3,sys_ec,0.1520,normal,1.00,2025-01-18 00:00:00+00,2025-08-09 06:58:58.765837+00
1462,5c5bc271-66b8-4b72-bb5f-66a5695222df,GH3,sys_ec,0.1600,normal,1.00,2025-01-19 00:00:00+00,2025-08-09 06:58:58.765837+00
1463,5c5bc271-66b8-4b72-bb5f-66a5695222df,GH3,sys_ec,0.1490,normal,1.00,2025-01-20 00:00:00+00,2025-08-09 06:58:58.765837+00
1464,5c5bc271-66b8-4b72-bb5f-66a5695222df,GH3,sys_ec,0.1410,normal,1.00,2025-01-21 00:00:00+00,2025-08-09 06:58:58.765837+00
1465,5c5bc271-66b8-4b72-bb5f-66a5695222df,GH3,sys_ec,0.1420,normal,1.00,2025-01-22 00:00:00+00,2025-08-09 06:58:58.765837+00
1466,5c5bc271-66b8-4b72-bb5f-66a5695222df,GH3,sys_ec,0.1400,normal,1.00,2025-01-23 00:00:00+00,2025-08-09 06:58:58.765837+00
1467,5c5bc271-66b8-4b72-bb5f-66a5695222df,GH3,sys_ec,0.1390,normal,1.00,2025-01-24 00:00:00+00,2025-08-09 06:58:58.765837+00
1468,5c5bc271-66b8-4b72-bb5f-66a5695222df,GH3,sys_ec,1.4000,normal,1.00,2025-01-27 00:00:00+00,2025-08-09 06:58:58.765837+00
1469,5c5bc271-66b8-4b72-bb5f-66a5695222df,GH3,sys_ec,1.4600,normal,1.00,2025-01-28 00:00:00+00,2025-08-09 06:58:58.765837+00
1470,5c5bc271-66b8-4b72-bb5f-66a5695222df,GH3,sys_ec,1.4100,normal,1.00,2025-01-29 00:00:00+00,2025-08-09 06:58:58.765837+00
1471,5c5bc271-66b8-4b72-bb5f-66a5695222df,GH3,sys_ec,1.3100,normal,1.00,2025-01-30 00:00:00+00,2025-08-09 06:58:58.765837+00
1472,5c5bc271-66b8-4b72-bb5f-66a5695222df,GH3,sys_ec,1.2600,normal,1.00,2025-01-31 00:00:00+00,2025-08-09 06:58:58.765837+00
1473,5c5bc271-66b8-4b72-bb5f-66a5695222df,GH3,sys_ec,1.2000,normal,1.00,2025-02-01 00:00:00+00,2025-08-09 06:58:58.765837+00
1474,5c5bc271-66b8-4b72-bb5f-66a5695222df,GH3,sys_ec,1.0000,normal,1.00,2025-02-02 00:00:00+00,2025-08-09 06:58:58.765837+00
1475,5c5bc271-66b8-4b72-bb5f-66a5695222df,GH3,sys_ec,1.2200,normal,1.00,2025-02-03 00:00:00+00,2025-08-09 06:58:58.765837+00
1476,5c5bc271-66b8-4b72-bb5f-66a5695222df,GH3,sys_ec,1.1900,normal,1.00,2025-02-04 00:00:00+00,2025-08-09 06:58:58.765837+00
1477,5c5bc271-66b8-4b72-bb5f-66a5695222df,GH3,sys_ec,1.1700,normal,1.00,2025-02-05 00:00:00+00,2025-08-09 06:58:58.765837+00
1478,5c5bc271-66b8-4b72-bb5f-66a5695222df,GH3,sys_ec,1.1800,normal,1.00,2025-02-06 00:00:00+00,2025-08-09 06:58:58.765837+00
1479,5c5bc271-66b8-4b72-bb5f-66a5695222df,GH3,sys_ec,1.2400,normal,1.00,2025-02-07 00:00:00+00,2025-08-09 06:58:58.765837+00
1480,5c5bc271-66b8-4b72-bb5f-66a5695222df,GH3,sys_ec,1.3900,normal,1.00,2025-02-08 00:00:00+00,2025-08-09 06:58:58.765837+00
1481,5c5bc271-66b8-4b72-bb5f-66a5695222df,GH3,sys_ec,1.3300,normal,1.00,2025-02-10 00:00:00+00,2025-08-09 06:58:58.765837+00
1482,5c5bc271-66b8-4b72-bb5f-66a5695222df,GH3,sys_ec,1.2500,normal,1.00,2025-02-11 00:00:00+00,2025-08-09 06:58:58.765837+00
1483,5c5bc271-66b8-4b72-bb5f-66a5695222df,GH3,sys_ec,1.2900,normal,1.00,2025-02-12 00:00:00+00,2025-08-09 06:58:58.765837+00
1484,5c5bc271-66b8-4b72-bb5f-66a5695222df,GH3,sys_ec,1.3700,normal,1.00,2025-02-13 00:00:00+00,2025-08-09 06:58:58.765837+00
1485,5c5bc271-66b8-4b72-bb5f-66a5695222df,GH3,sys_ec,1.3100,normal,1.00,2025-02-14 00:00:00+00,2025-08-09 06:58:58.765837+00
1486,5c5bc271-66b8-4b72-bb5f-66a5695222df,GH3,sys_ec,1.2700,normal,1.00,2025-02-15 00:00:00+00,2025-08-09 06:58:58.765837+00
1487,5c5bc271-66b8-4b72-bb5f-66a5695222df,GH3,sys_ec,1.3700,normal,1.00,2025-02-17 00:00:00+00,2025-08-09 06:58:58.765837+00
1488,5c5bc271-66b8-4b72-bb5f-66a5695222df,GH3,sys_ec,1.4700,normal,1.00,2025-02-18 00:00:00+00,2025-08-09 06:58:58.765837+00
1489,5c5bc271-66b8-4b72-bb5f-66a5695222df,GH3,sys_ec,1.4900,normal,1.00,2025-02-19 00:00:00+00,2025-08-09 06:58:58.765837+00
1490,5c5bc271-66b8-4b72-bb5f-66a5695222df,GH3,sys_ec,1.4100,normal,1.00,2025-02-20 00:00:00+00,2025-08-09 06:58:58.765837+00
1491,5c5bc271-66b8-4b72-bb5f-66a5695222df,GH3,sys_ec,1.3700,normal,1.00,2025-02-21 00:00:00+00,2025-08-09 06:58:58.765837+00
1492,5c5bc271-66b8-4b72-bb5f-66a5695222df,GH3,sys_ec,1.4000,normal,1.00,2025-02-22 00:00:00+00,2025-08-09 06:58:58.765837+00
1493,5c5bc271-66b8-4b72-bb5f-66a5695222df,GH3,sys_ec,1.3900,normal,1.00,2025-02-24 00:00:00+00,2025-08-09 06:58:58.765837+00
1494,5c5bc271-66b8-4b72-bb5f-66a5695222df,GH3,sys_ec,1.3900,normal,1.00,2025-02-25 00:00:00+00,2025-08-09 06:58:58.765837+00
1495,5c5bc271-66b8-4b72-bb5f-66a5695222df,GH3,sys_ec,1.4000,normal,1.00,2025-02-26 00:00:00+00,2025-08-09 06:58:58.765837+00
1496,5c5bc271-66b8-4b72-bb5f-66a5695222df,GH3,sys_ec,1.4200,normal,1.00,2025-02-27 00:00:00+00,2025-08-09 06:58:58.765837+00
1497,5c5bc271-66b8-4b72-bb5f-66a5695222df,GH3,sys_ec,1.4200,normal,1.00,2025-02-28 00:00:00+00,2025-08-09 06:58:58.765837+00
1498,5c5bc271-66b8-4b72-bb5f-66a5695222df,GH3,sys_ec,1.3500,normal,1.00,2025-03-01 00:00:00+00,2025-08-09 06:58:58.765837+00
1499,5c5bc271-66b8-4b72-bb5f-66a5695222df,GH3,sys_ec,1.3900,normal,1.00,2025-03-02 00:00:00+00,2025-08-09 06:58:58.765837+00
1500,5c5bc271-66b8-4b72-bb5f-66a5695222df,GH3,sys_ec,1.2700,normal,1.00,2025-03-03 00:00:00+00,2025-08-09 06:58:58.765837+00
1501,5c5bc271-66b8-4b72-bb5f-66a5695222df,GH3,sys_ec,1.2500,normal,1.00,2025-03-04 00:00:00+00,2025-08-09 06:58:58.765837+00
1502,5c5bc271-66b8-4b72-bb5f-66a5695222df,GH3,sys_ec,1.2900,normal,1.00,2025-03-05 00:00:00+00,2025-08-09 06:58:58.765837+00
1503,5c5bc271-66b8-4b72-bb5f-66a5695222df,GH3,sys_ec,1.2200,normal,1.00,2025-03-06 00:00:00+00,2025-08-09 06:58:58.765837+00
1504,5c5bc271-66b8-4b72-bb5f-66a5695222df,GH3,sys_ec,1.3300,normal,1.00,2025-03-07 00:00:00+00,2025-08-09 06:58:58.765837+00
1505,5c5bc271-66b8-4b72-bb5f-66a5695222df,GH3,sys_ec,1.2500,normal,1.00,2025-03-08 00:00:00+00,2025-08-09 06:58:58.765837+00
1506,5c5bc271-66b8-4b72-bb5f-66a5695222df,GH3,sys_ec,1.2000,normal,1.00,2025-03-09 00:00:00+00,2025-08-09 06:58:58.765837+00
1507,5c5bc271-66b8-4b72-bb5f-66a5695222df,GH3,sys_ec,1.4000,normal,1.00,2025-03-10 00:00:00+00,2025-08-09 06:58:58.765837+00
1508,5c5bc271-66b8-4b72-bb5f-66a5695222df,GH3,sys_ec,1.4000,normal,1.00,2025-03-11 00:00:00+00,2025-08-09 06:58:58.765837+00
1509,5c5bc271-66b8-4b72-bb5f-66a5695222df,GH3,sys_ec,1.4000,normal,1.00,2025-03-12 00:00:00+00,2025-08-09 06:58:58.765837+00
1510,5c5bc271-66b8-4b72-bb5f-66a5695222df,GH3,sys_ec,1.4300,normal,1.00,2025-03-13 00:00:00+00,2025-08-09 06:58:58.765837+00
1511,5c5bc271-66b8-4b72-bb5f-66a5695222df,GH3,sys_ec,1.4200,normal,1.00,2025-03-14 00:00:00+00,2025-08-09 06:58:58.765837+00
1512,5c5bc271-66b8-4b72-bb5f-66a5695222df,GH3,sys_ec,1.2700,normal,1.00,2025-03-15 00:00:00+00,2025-08-09 06:58:58.765837+00
1513,5c5bc271-66b8-4b72-bb5f-66a5695222df,GH3,sys_ec,1.2800,normal,1.00,2025-03-16 00:00:00+00,2025-08-09 06:58:58.765837+00
1514,5c5bc271-66b8-4b72-bb5f-66a5695222df,GH3,sys_ec,1.1900,normal,1.00,2025-03-17 00:00:00+00,2025-08-09 06:58:58.765837+00
1515,5c5bc271-66b8-4b72-bb5f-66a5695222df,GH3,sys_ec,1.2100,normal,1.00,2025-03-18 00:00:00+00,2025-08-09 06:58:58.765837+00
1516,5c5bc271-66b8-4b72-bb5f-66a5695222df,GH3,sys_ec,1.2300,normal,1.00,2025-03-19 00:00:00+00,2025-08-09 06:58:58.765837+00
1517,5c5bc271-66b8-4b72-bb5f-66a5695222df,GH3,sys_ec,1.2000,normal,1.00,2025-03-20 00:00:00+00,2025-08-09 06:58:58.765837+00
1518,5c5bc271-66b8-4b72-bb5f-66a5695222df,GH3,sys_ec,1.2400,normal,1.00,2025-03-21 00:00:00+00,2025-08-09 06:58:58.765837+00
1519,5c5bc271-66b8-4b72-bb5f-66a5695222df,GH3,sys_ec,0.1500,normal,1.00,2025-03-22 00:00:00+00,2025-08-09 06:58:58.765837+00
1520,5c5bc271-66b8-4b72-bb5f-66a5695222df,GH3,sys_ec,1.2900,normal,1.00,2025-03-23 00:00:00+00,2025-08-09 06:58:58.765837+00
1521,5c5bc271-66b8-4b72-bb5f-66a5695222df,GH3,sys_ec,1.3660,normal,1.00,2025-03-24 00:00:00+00,2025-08-09 06:58:58.765837+00
1522,5c5bc271-66b8-4b72-bb5f-66a5695222df,GH3,sys_ec,1.3720,normal,1.00,2025-03-25 00:00:00+00,2025-08-09 06:58:58.765837+00
1523,5c5bc271-66b8-4b72-bb5f-66a5695222df,GH3,sys_ec,1.3500,normal,1.00,2025-03-26 00:00:00+00,2025-08-09 06:58:58.765837+00
1524,5c5bc271-66b8-4b72-bb5f-66a5695222df,GH3,sys_ec,1.4358,normal,1.00,2025-03-27 00:00:00+00,2025-08-09 06:58:58.765837+00
1525,5c5bc271-66b8-4b72-bb5f-66a5695222df,GH3,sys_ec,1.4417,normal,1.00,2025-03-28 00:00:00+00,2025-08-09 06:58:58.765837+00
1526,5c5bc271-66b8-4b72-bb5f-66a5695222df,GH3,sys_ec,1.1972,normal,1.00,2025-03-29 00:00:00+00,2025-08-09 06:58:58.765837+00
1527,5c5bc271-66b8-4b72-bb5f-66a5695222df,GH3,sys_ec,1.3145,normal,1.00,2025-03-30 00:00:00+00,2025-08-09 06:58:58.765837+00
1528,5c5bc271-66b8-4b72-bb5f-66a5695222df,GH3,sys_ec,1.2100,normal,1.00,2025-03-31 00:00:00+00,2025-08-09 06:58:58.765837+00
1529,5c5bc271-66b8-4b72-bb5f-66a5695222df,GH3,sys_ec,1.2300,normal,1.00,2025-04-01 00:00:00+00,2025-08-09 06:58:58.765837+00
1530,5c5bc271-66b8-4b72-bb5f-66a5695222df,GH3,sys_ec,1.2000,normal,1.00,2025-04-02 00:00:00+00,2025-08-09 06:58:58.765837+00
1531,5c5bc271-66b8-4b72-bb5f-66a5695222df,GH3,sys_ec,1.2600,normal,1.00,2025-04-04 00:00:00+00,2025-08-09 06:58:58.765837+00
1532,5c5bc271-66b8-4b72-bb5f-66a5695222df,GH3,sys_ec,1.2200,normal,1.00,2025-04-05 00:00:00+00,2025-08-09 06:58:58.765837+00
1533,5c5bc271-66b8-4b72-bb5f-66a5695222df,GH3,sys_ec,1.2200,normal,1.00,2025-04-06 00:00:00+00,2025-08-09 06:58:58.765837+00
1534,5c5bc271-66b8-4b72-bb5f-66a5695222df,GH3,sys_ec,1.2700,normal,1.00,2025-04-07 00:00:00+00,2025-08-09 06:58:58.765837+00
1535,5c5bc271-66b8-4b72-bb5f-66a5695222df,GH3,sys_ec,1.2700,normal,1.00,2025-04-08 00:00:00+00,2025-08-09 06:58:58.765837+00
1536,5c5bc271-66b8-4b72-bb5f-66a5695222df,GH3,sys_ec,1.2700,normal,1.00,2025-04-09 00:00:00+00,2025-08-09 06:58:58.765837+00
1537,5c5bc271-66b8-4b72-bb5f-66a5695222df,GH3,sys_ec,1.3200,normal,1.00,2025-04-10 00:00:00+00,2025-08-09 06:58:58.765837+00
1538,5c5bc271-66b8-4b72-bb5f-66a5695222df,GH3,sys_ec,1.2700,normal,1.00,2025-04-11 00:00:00+00,2025-08-09 06:58:58.765837+00
1539,5c5bc271-66b8-4b72-bb5f-66a5695222df,GH3,sys_ec,1.2780,normal,1.00,2025-04-12 00:00:00+00,2025-08-09 06:58:58.765837+00
1540,5c5bc271-66b8-4b72-bb5f-66a5695222df,GH3,sys_ec,1.3020,normal,1.00,2025-04-13 00:00:00+00,2025-08-09 06:58:58.765837+00
1541,5c5bc271-66b8-4b72-bb5f-66a5695222df,GH3,sys_ph,6.5000,normal,1.00,2024-12-30 00:00:00+00,2025-08-09 06:58:58.765837+00
1542,5c5bc271-66b8-4b72-bb5f-66a5695222df,GH3,sys_ph,6.6000,normal,1.00,2024-12-31 00:00:00+00,2025-08-09 06:58:58.765837+00
1543,5c5bc271-66b8-4b72-bb5f-66a5695222df,GH3,sys_ph,6.9000,normal,1.00,2025-01-01 00:00:00+00,2025-08-09 06:58:58.765837+00
1544,5c5bc271-66b8-4b72-bb5f-66a5695222df,GH3,sys_ph,6.7000,normal,1.00,2025-01-02 00:00:00+00,2025-08-09 06:58:58.765837+00
1545,5c5bc271-66b8-4b72-bb5f-66a5695222df,GH3,sys_ph,6.6000,normal,1.00,2025-01-03 00:00:00+00,2025-08-09 06:58:58.765837+00
1546,5c5bc271-66b8-4b72-bb5f-66a5695222df,GH3,sys_ph,6.6000,normal,1.00,2025-01-04 00:00:00+00,2025-08-09 06:58:58.765837+00
1547,5c5bc271-66b8-4b72-bb5f-66a5695222df,GH3,sys_ph,6.5000,normal,1.00,2025-01-06 00:00:00+00,2025-08-09 06:58:58.765837+00
1548,5c5bc271-66b8-4b72-bb5f-66a5695222df,GH3,sys_ph,6.6000,normal,1.00,2025-01-07 00:00:00+00,2025-08-09 06:58:58.765837+00
1549,5c5bc271-66b8-4b72-bb5f-66a5695222df,GH3,sys_ph,6.9000,normal,1.00,2025-01-08 00:00:00+00,2025-08-09 06:58:58.765837+00
1550,5c5bc271-66b8-4b72-bb5f-66a5695222df,GH3,sys_ph,6.7000,normal,1.00,2025-01-09 00:00:00+00,2025-08-09 06:58:58.765837+00
1551,5c5bc271-66b8-4b72-bb5f-66a5695222df,GH3,sys_ph,6.6000,normal,1.00,2025-01-10 00:00:00+00,2025-08-09 06:58:58.765837+00
1552,5c5bc271-66b8-4b72-bb5f-66a5695222df,GH3,sys_ph,6.6000,normal,1.00,2025-01-11 00:00:00+00,2025-08-09 06:58:58.765837+00
1553,5c5bc271-66b8-4b72-bb5f-66a5695222df,GH3,sys_ph,5.8000,normal,1.00,2025-01-13 00:00:00+00,2025-08-09 06:58:58.765837+00
1554,5c5bc271-66b8-4b72-bb5f-66a5695222df,GH3,sys_ph,6.2000,normal,1.00,2025-01-14 00:00:00+00,2025-08-09 06:58:58.765837+00
1555,5c5bc271-66b8-4b72-bb5f-66a5695222df,GH3,sys_ph,6.1000,normal,1.00,2025-01-15 00:00:00+00,2025-08-09 06:58:58.765837+00
1556,5c5bc271-66b8-4b72-bb5f-66a5695222df,GH3,sys_ph,6.2000,normal,1.00,2025-01-16 00:00:00+00,2025-08-09 06:58:58.765837+00
1557,5c5bc271-66b8-4b72-bb5f-66a5695222df,GH3,sys_ph,6.1000,normal,1.00,2025-01-17 00:00:00+00,2025-08-09 06:58:58.765837+00
1558,5c5bc271-66b8-4b72-bb5f-66a5695222df,GH3,sys_ph,6.2000,normal,1.00,2025-01-18 00:00:00+00,2025-08-09 06:58:58.765837+00
1559,5c5bc271-66b8-4b72-bb5f-66a5695222df,GH3,sys_ph,6.4000,normal,1.00,2025-01-19 00:00:00+00,2025-08-09 06:58:58.765837+00
1560,5c5bc271-66b8-4b72-bb5f-66a5695222df,GH3,sys_ph,6.7000,normal,1.00,2025-01-20 00:00:00+00,2025-08-09 06:58:58.765837+00
1561,5c5bc271-66b8-4b72-bb5f-66a5695222df,GH3,sys_ph,5.8000,normal,1.00,2025-01-21 00:00:00+00,2025-08-09 06:58:58.765837+00
1562,5c5bc271-66b8-4b72-bb5f-66a5695222df,GH3,sys_ph,5.7000,normal,1.00,2025-01-22 00:00:00+00,2025-08-09 06:58:58.765837+00
1563,5c5bc271-66b8-4b72-bb5f-66a5695222df,GH3,sys_ph,5.9000,normal,1.00,2025-01-23 00:00:00+00,2025-08-09 06:58:58.765837+00
1564,5c5bc271-66b8-4b72-bb5f-66a5695222df,GH3,sys_ph,6.1000,normal,1.00,2025-01-24 00:00:00+00,2025-08-09 06:58:58.765837+00
1565,5c5bc271-66b8-4b72-bb5f-66a5695222df,GH3,sys_ph,6.5000,normal,1.00,2025-01-27 00:00:00+00,2025-08-09 06:58:58.765837+00
1566,5c5bc271-66b8-4b72-bb5f-66a5695222df,GH3,sys_ph,6.0000,normal,1.00,2025-01-28 00:00:00+00,2025-08-09 06:58:58.765837+00
1567,5c5bc271-66b8-4b72-bb5f-66a5695222df,GH3,sys_ph,5.8000,normal,1.00,2025-01-29 00:00:00+00,2025-08-09 06:58:58.765837+00
1568,5c5bc271-66b8-4b72-bb5f-66a5695222df,GH3,sys_ph,5.6000,normal,1.00,2025-01-30 00:00:00+00,2025-08-09 06:58:58.765837+00
1569,5c5bc271-66b8-4b72-bb5f-66a5695222df,GH3,sys_ph,5.4000,normal,1.00,2025-01-31 00:00:00+00,2025-08-09 06:58:58.765837+00
1570,5c5bc271-66b8-4b72-bb5f-66a5695222df,GH3,sys_ph,5.4000,normal,1.00,2025-02-01 00:00:00+00,2025-08-09 06:58:58.765837+00
1571,5c5bc271-66b8-4b72-bb5f-66a5695222df,GH3,sys_ph,5.0000,normal,1.00,2025-02-02 00:00:00+00,2025-08-09 06:58:58.765837+00
1572,5c5bc271-66b8-4b72-bb5f-66a5695222df,GH3,sys_ph,5.9000,normal,1.00,2025-02-03 00:00:00+00,2025-08-09 06:58:58.765837+00
1573,5c5bc271-66b8-4b72-bb5f-66a5695222df,GH3,sys_ph,5.3000,normal,1.00,2025-02-04 00:00:00+00,2025-08-09 06:58:58.765837+00
1574,5c5bc271-66b8-4b72-bb5f-66a5695222df,GH3,sys_ph,5.4000,normal,1.00,2025-02-05 00:00:00+00,2025-08-09 06:58:58.765837+00
1575,5c5bc271-66b8-4b72-bb5f-66a5695222df,GH3,sys_ph,5.9000,normal,1.00,2025-02-06 00:00:00+00,2025-08-09 06:58:58.765837+00
1576,5c5bc271-66b8-4b72-bb5f-66a5695222df,GH3,sys_ph,5.8000,normal,1.00,2025-02-07 00:00:00+00,2025-08-09 06:58:58.765837+00
1577,5c5bc271-66b8-4b72-bb5f-66a5695222df,GH3,sys_ph,5.0000,normal,1.00,2025-02-08 00:00:00+00,2025-08-09 06:58:58.765837+00
1578,5c5bc271-66b8-4b72-bb5f-66a5695222df,GH3,sys_ph,5.5600,normal,1.00,2025-02-10 00:00:00+00,2025-08-09 06:58:58.765837+00
1579,5c5bc271-66b8-4b72-bb5f-66a5695222df,GH3,sys_ph,5.5200,normal,1.00,2025-02-11 00:00:00+00,2025-08-09 06:58:58.765837+00
1580,5c5bc271-66b8-4b72-bb5f-66a5695222df,GH3,sys_ph,5.7900,normal,1.00,2025-02-12 00:00:00+00,2025-08-09 06:58:58.765837+00
1581,5c5bc271-66b8-4b72-bb5f-66a5695222df,GH3,sys_ph,5.9200,normal,1.00,2025-02-13 00:00:00+00,2025-08-09 06:58:58.765837+00
1582,5c5bc271-66b8-4b72-bb5f-66a5695222df,GH3,sys_ph,5.7300,normal,1.00,2025-02-14 00:00:00+00,2025-08-09 06:58:58.765837+00
1583,5c5bc271-66b8-4b72-bb5f-66a5695222df,GH3,sys_ph,6.0000,normal,1.00,2025-02-15 00:00:00+00,2025-08-09 06:58:58.765837+00
1584,5c5bc271-66b8-4b72-bb5f-66a5695222df,GH3,sys_ph,6.7000,normal,1.00,2025-02-17 00:00:00+00,2025-08-09 06:58:58.765837+00
1585,5c5bc271-66b8-4b72-bb5f-66a5695222df,GH3,sys_ph,6.4000,normal,1.00,2025-02-18 00:00:00+00,2025-08-09 06:58:58.765837+00
1586,5c5bc271-66b8-4b72-bb5f-66a5695222df,GH3,sys_ph,6.5800,normal,1.00,2025-02-19 00:00:00+00,2025-08-09 06:58:58.765837+00
1587,5c5bc271-66b8-4b72-bb5f-66a5695222df,GH3,sys_ph,6.6210,normal,1.00,2025-02-20 00:00:00+00,2025-08-09 06:58:58.765837+00
1588,5c5bc271-66b8-4b72-bb5f-66a5695222df,GH3,sys_ph,7.1300,normal,1.00,2025-02-21 00:00:00+00,2025-08-09 06:58:58.765837+00
1589,5c5bc271-66b8-4b72-bb5f-66a5695222df,GH3,sys_ph,6.8200,normal,1.00,2025-02-24 00:00:00+00,2025-08-09 06:58:58.765837+00
1590,5c5bc271-66b8-4b72-bb5f-66a5695222df,GH3,sys_ph,6.9400,normal,1.00,2025-02-25 00:00:00+00,2025-08-09 06:58:58.765837+00
1591,5c5bc271-66b8-4b72-bb5f-66a5695222df,GH3,sys_ph,6.4600,normal,1.00,2025-02-26 00:00:00+00,2025-08-09 06:58:58.765837+00
1592,5c5bc271-66b8-4b72-bb5f-66a5695222df,GH3,sys_ph,6.5600,normal,1.00,2025-02-27 00:00:00+00,2025-08-09 06:58:58.765837+00
1593,5c5bc271-66b8-4b72-bb5f-66a5695222df,GH3,sys_ph,6.6800,normal,1.00,2025-02-28 00:00:00+00,2025-08-09 06:58:58.765837+00
1594,5c5bc271-66b8-4b72-bb5f-66a5695222df,GH3,sys_ph,6.7500,normal,1.00,2025-03-01 00:00:00+00,2025-08-09 06:58:58.765837+00
1595,5c5bc271-66b8-4b72-bb5f-66a5695222df,GH3,sys_ph,6.7500,normal,1.00,2025-03-02 00:00:00+00,2025-08-09 06:58:58.765837+00
1596,5c5bc271-66b8-4b72-bb5f-66a5695222df,GH3,sys_ph,5.9000,normal,1.00,2025-03-03 00:00:00+00,2025-08-09 06:58:58.765837+00
1597,5c5bc271-66b8-4b72-bb5f-66a5695222df,GH3,sys_ph,5.6700,normal,1.00,2025-03-04 00:00:00+00,2025-08-09 06:58:58.765837+00
1598,5c5bc271-66b8-4b72-bb5f-66a5695222df,GH3,sys_ph,5.7000,normal,1.00,2025-03-05 00:00:00+00,2025-08-09 06:58:58.765837+00
1599,5c5bc271-66b8-4b72-bb5f-66a5695222df,GH3,sys_ph,5.4600,normal,1.00,2025-03-06 00:00:00+00,2025-08-09 06:58:58.765837+00
1600,5c5bc271-66b8-4b72-bb5f-66a5695222df,GH3,sys_ph,6.1300,normal,1.00,2025-03-07 00:00:00+00,2025-08-09 06:58:58.765837+00
1601,5c5bc271-66b8-4b72-bb5f-66a5695222df,GH3,sys_ph,5.2800,normal,1.00,2025-03-08 00:00:00+00,2025-08-09 06:58:58.765837+00
1602,5c5bc271-66b8-4b72-bb5f-66a5695222df,GH3,sys_ph,5.2600,normal,1.00,2025-03-09 00:00:00+00,2025-08-09 06:58:58.765837+00
1603,5c5bc271-66b8-4b72-bb5f-66a5695222df,GH3,sys_ph,6.7600,normal,1.00,2025-03-10 00:00:00+00,2025-08-09 06:58:58.765837+00
1604,5c5bc271-66b8-4b72-bb5f-66a5695222df,GH3,sys_ph,6.8400,normal,1.00,2025-03-11 00:00:00+00,2025-08-09 06:58:58.765837+00
1605,5c5bc271-66b8-4b72-bb5f-66a5695222df,GH3,sys_ph,6.8400,normal,1.00,2025-03-12 00:00:00+00,2025-08-09 06:58:58.765837+00
1606,5c5bc271-66b8-4b72-bb5f-66a5695222df,GH3,sys_ph,6.7200,normal,1.00,2025-03-13 00:00:00+00,2025-08-09 06:58:58.765837+00
1607,5c5bc271-66b8-4b72-bb5f-66a5695222df,GH3,sys_ph,6.8200,normal,1.00,2025-03-14 00:00:00+00,2025-08-09 06:58:58.765837+00
1608,5c5bc271-66b8-4b72-bb5f-66a5695222df,GH3,sys_ph,5.8400,normal,1.00,2025-03-15 00:00:00+00,2025-08-09 06:58:58.765837+00
1609,5c5bc271-66b8-4b72-bb5f-66a5695222df,GH3,sys_ph,5.8700,normal,1.00,2025-03-16 00:00:00+00,2025-08-09 06:58:58.765837+00
1610,5c5bc271-66b8-4b72-bb5f-66a5695222df,GH3,sys_ph,5.3400,normal,1.00,2025-03-17 00:00:00+00,2025-08-09 06:58:58.765837+00
1611,5c5bc271-66b8-4b72-bb5f-66a5695222df,GH3,sys_ph,5.5000,normal,1.00,2025-03-18 00:00:00+00,2025-08-09 06:58:58.765837+00
1612,5c5bc271-66b8-4b72-bb5f-66a5695222df,GH3,sys_ph,5.5100,normal,1.00,2025-03-19 00:00:00+00,2025-08-09 06:58:58.765837+00
1613,5c5bc271-66b8-4b72-bb5f-66a5695222df,GH3,sys_ph,4.9800,normal,1.00,2025-03-20 00:00:00+00,2025-08-09 06:58:58.765837+00
1614,5c5bc271-66b8-4b72-bb5f-66a5695222df,GH3,sys_ph,5.0900,normal,1.00,2025-03-21 00:00:00+00,2025-08-09 06:58:58.765837+00
1615,5c5bc271-66b8-4b72-bb5f-66a5695222df,GH3,sys_ph,5.3400,normal,1.00,2025-03-22 00:00:00+00,2025-08-09 06:58:58.765837+00
1616,5c5bc271-66b8-4b72-bb5f-66a5695222df,GH3,sys_ph,5.3700,normal,1.00,2025-03-23 00:00:00+00,2025-08-09 06:58:58.765837+00
1617,5c5bc271-66b8-4b72-bb5f-66a5695222df,GH3,sys_ph,6.6500,normal,1.00,2025-03-24 00:00:00+00,2025-08-09 06:58:58.765837+00
1618,5c5bc271-66b8-4b72-bb5f-66a5695222df,GH3,sys_ph,6.8500,normal,1.00,2025-03-25 00:00:00+00,2025-08-09 06:58:58.765837+00
1619,5c5bc271-66b8-4b72-bb5f-66a5695222df,GH3,sys_ph,7.0500,normal,1.00,2025-03-26 00:00:00+00,2025-08-09 06:58:58.765837+00
1620,5c5bc271-66b8-4b72-bb5f-66a5695222df,GH3,sys_ph,7.0000,normal,1.00,2025-03-27 00:00:00+00,2025-08-09 06:58:58.765837+00
1621,5c5bc271-66b8-4b72-bb5f-66a5695222df,GH3,sys_ph,6.9600,normal,1.00,2025-03-28 00:00:00+00,2025-08-09 06:58:58.765837+00
1622,5c5bc271-66b8-4b72-bb5f-66a5695222df,GH3,sys_ph,6.3800,normal,1.00,2025-03-29 00:00:00+00,2025-08-09 06:58:58.765837+00
1623,5c5bc271-66b8-4b72-bb5f-66a5695222df,GH3,sys_ph,6.3250,normal,1.00,2025-03-30 00:00:00+00,2025-08-09 06:58:58.765837+00
1624,5c5bc271-66b8-4b72-bb5f-66a5695222df,GH3,sys_ph,6.3400,normal,1.00,2025-03-31 00:00:00+00,2025-08-09 06:58:58.765837+00
1625,5c5bc271-66b8-4b72-bb5f-66a5695222df,GH3,sys_ph,6.4000,normal,1.00,2025-04-01 00:00:00+00,2025-08-09 06:58:58.765837+00
1626,5c5bc271-66b8-4b72-bb5f-66a5695222df,GH3,sys_ph,6.5000,normal,1.00,2025-04-02 00:00:00+00,2025-08-09 06:58:58.765837+00
1627,5c5bc271-66b8-4b72-bb5f-66a5695222df,GH3,sys_ph,6.3900,normal,1.00,2025-04-03 00:00:00+00,2025-08-09 06:58:58.765837+00
1628,5c5bc271-66b8-4b72-bb5f-66a5695222df,GH3,sys_ph,6.3200,normal,1.00,2025-04-04 00:00:00+00,2025-08-09 06:58:58.765837+00
1629,5c5bc271-66b8-4b72-bb5f-66a5695222df,GH3,sys_ph,6.5800,normal,1.00,2025-04-05 00:00:00+00,2025-08-09 06:58:58.765837+00
1630,5c5bc271-66b8-4b72-bb5f-66a5695222df,GH3,sys_ph,6.7100,normal,1.00,2025-04-06 00:00:00+00,2025-08-09 06:58:58.765837+00
1631,5c5bc271-66b8-4b72-bb5f-66a5695222df,GH3,sys_ph,6.7600,normal,1.00,2025-04-07 00:00:00+00,2025-08-09 06:58:58.765837+00
1632,5c5bc271-66b8-4b72-bb5f-66a5695222df,GH3,sys_ph,6.7500,normal,1.00,2025-04-08 00:00:00+00,2025-08-09 06:58:58.765837+00
1633,5c5bc271-66b8-4b72-bb5f-66a5695222df,GH3,sys_ph,6.6100,normal,1.00,2025-04-09 00:00:00+00,2025-08-09 06:58:58.765837+00
1634,5c5bc271-66b8-4b72-bb5f-66a5695222df,GH3,sys_ph,5.8300,normal,1.00,2025-04-10 00:00:00+00,2025-08-09 06:58:58.765837+00
1635,5c5bc271-66b8-4b72-bb5f-66a5695222df,GH3,sys_ph,6.1100,normal,1.00,2025-04-11 00:00:00+00,2025-08-09 06:58:58.765837+00
1636,5c5bc271-66b8-4b72-bb5f-66a5695222df,GH3,sys_ph,6.1500,normal,1.00,2025-04-12 00:00:00+00,2025-08-09 06:58:58.765837+00
1637,5c5bc271-66b8-4b72-bb5f-66a5695222df,GH3,sys_ph,5.9000,normal,1.00,2025-04-13 00:00:00+00,2025-08-09 06:58:58.765837+00
1638,5c5bc271-66b8-4b72-bb5f-66a5695222df,GH3,sys_h20_temp,25.6000,normal,1.00,2024-12-30 00:00:00+00,2025-08-09 06:58:58.765837+00
1639,5c5bc271-66b8-4b72-bb5f-66a5695222df,GH3,sys_h20_temp,28.5000,normal,1.00,2024-12-31 00:00:00+00,2025-08-09 06:58:58.765837+00
1640,5c5bc271-66b8-4b72-bb5f-66a5695222df,GH3,sys_h20_temp,25.8000,normal,1.00,2025-01-01 00:00:00+00,2025-08-09 06:58:58.765837+00
1641,5c5bc271-66b8-4b72-bb5f-66a5695222df,GH3,sys_h20_temp,27.4000,normal,1.00,2025-01-02 00:00:00+00,2025-08-09 06:58:58.765837+00
1642,5c5bc271-66b8-4b72-bb5f-66a5695222df,GH3,sys_h20_temp,27.0000,normal,1.00,2025-01-03 00:00:00+00,2025-08-09 06:58:58.765837+00
1643,5c5bc271-66b8-4b72-bb5f-66a5695222df,GH3,sys_h20_temp,27.0000,normal,1.00,2025-01-04 00:00:00+00,2025-08-09 06:58:58.765837+00
1644,5c5bc271-66b8-4b72-bb5f-66a5695222df,GH3,sys_h20_temp,28.1000,normal,1.00,2025-01-06 00:00:00+00,2025-08-09 06:58:58.765837+00
1645,5c5bc271-66b8-4b72-bb5f-66a5695222df,GH3,sys_h20_temp,25.9000,normal,1.00,2025-01-07 00:00:00+00,2025-08-09 06:58:58.765837+00
1646,5c5bc271-66b8-4b72-bb5f-66a5695222df,GH3,sys_h20_temp,27.4000,normal,1.00,2025-01-08 00:00:00+00,2025-08-09 06:58:58.765837+00
1647,5c5bc271-66b8-4b72-bb5f-66a5695222df,GH3,sys_h20_temp,27.5000,normal,1.00,2025-01-09 00:00:00+00,2025-08-09 06:58:58.765837+00
1648,5c5bc271-66b8-4b72-bb5f-66a5695222df,GH3,sys_h20_temp,26.7000,normal,1.00,2025-01-10 00:00:00+00,2025-08-09 06:58:58.765837+00
1649,5c5bc271-66b8-4b72-bb5f-66a5695222df,GH3,sys_h20_temp,27.1000,normal,1.00,2025-01-11 00:00:00+00,2025-08-09 06:58:58.765837+00
1650,5c5bc271-66b8-4b72-bb5f-66a5695222df,GH3,sys_h20_temp,26.2000,normal,1.00,2025-01-12 00:00:00+00,2025-08-09 06:58:58.765837+00
1651,5c5bc271-66b8-4b72-bb5f-66a5695222df,GH3,sys_h20_temp,26.8000,normal,1.00,2025-01-13 00:00:00+00,2025-08-09 06:58:58.765837+00
1652,5c5bc271-66b8-4b72-bb5f-66a5695222df,GH3,sys_h20_temp,27.1000,normal,1.00,2025-01-14 00:00:00+00,2025-08-09 06:58:58.765837+00
1653,5c5bc271-66b8-4b72-bb5f-66a5695222df,GH3,sys_h20_temp,26.7000,normal,1.00,2025-01-15 00:00:00+00,2025-08-09 06:58:58.765837+00
1654,5c5bc271-66b8-4b72-bb5f-66a5695222df,GH3,sys_h20_temp,27.7000,normal,1.00,2025-01-16 00:00:00+00,2025-08-09 06:58:58.765837+00
1655,5c5bc271-66b8-4b72-bb5f-66a5695222df,GH3,sys_h20_temp,28.1000,normal,1.00,2025-01-17 00:00:00+00,2025-08-09 06:58:58.765837+00
1656,5c5bc271-66b8-4b72-bb5f-66a5695222df,GH3,sys_h20_temp,29.0000,normal,1.00,2025-01-18 00:00:00+00,2025-08-09 06:58:58.765837+00
1657,5c5bc271-66b8-4b72-bb5f-66a5695222df,GH3,sys_h20_temp,27.6000,normal,1.00,2025-01-19 00:00:00+00,2025-08-09 06:58:58.765837+00
1658,5c5bc271-66b8-4b72-bb5f-66a5695222df,GH3,sys_h20_temp,27.7000,normal,1.00,2025-01-20 00:00:00+00,2025-08-09 06:58:58.765837+00
1659,5c5bc271-66b8-4b72-bb5f-66a5695222df,GH3,sys_h20_temp,28.8000,normal,1.00,2025-01-21 00:00:00+00,2025-08-09 06:58:58.765837+00
1660,5c5bc271-66b8-4b72-bb5f-66a5695222df,GH3,sys_h20_temp,28.5000,normal,1.00,2025-01-22 00:00:00+00,2025-08-09 06:58:58.765837+00
1661,5c5bc271-66b8-4b72-bb5f-66a5695222df,GH3,sys_h20_temp,28.1000,normal,1.00,2025-01-23 00:00:00+00,2025-08-09 06:58:58.765837+00
1662,5c5bc271-66b8-4b72-bb5f-66a5695222df,GH3,sys_h20_temp,28.8000,normal,1.00,2025-01-24 00:00:00+00,2025-08-09 06:58:58.765837+00
1663,5c5bc271-66b8-4b72-bb5f-66a5695222df,GH3,sys_h20_temp,30.7000,normal,1.00,2025-01-25 00:00:00+00,2025-08-09 06:58:58.765837+00
1664,5c5bc271-66b8-4b72-bb5f-66a5695222df,GH3,sys_h20_temp,27.3000,normal,1.00,2025-01-27 00:00:00+00,2025-08-09 06:58:58.765837+00
1665,5c5bc271-66b8-4b72-bb5f-66a5695222df,GH3,sys_h20_temp,26.0000,normal,1.00,2025-01-28 00:00:00+00,2025-08-09 06:58:58.765837+00
1666,5c5bc271-66b8-4b72-bb5f-66a5695222df,GH3,sys_h20_temp,27.3000,normal,1.00,2025-01-29 00:00:00+00,2025-08-09 06:58:58.765837+00
1667,5c5bc271-66b8-4b72-bb5f-66a5695222df,GH3,sys_h20_temp,26.9000,normal,1.00,2025-01-30 00:00:00+00,2025-08-09 06:58:58.765837+00
1668,5c5bc271-66b8-4b72-bb5f-66a5695222df,GH3,sys_h20_temp,26.7000,normal,1.00,2025-01-31 00:00:00+00,2025-08-09 06:58:58.765837+00
1669,5c5bc271-66b8-4b72-bb5f-66a5695222df,GH3,sys_h20_temp,28.8000,normal,1.00,2025-02-01 00:00:00+00,2025-08-09 06:58:58.765837+00
1670,5c5bc271-66b8-4b72-bb5f-66a5695222df,GH3,sys_h20_temp,27.1000,normal,1.00,2025-02-02 00:00:00+00,2025-08-09 06:58:58.765837+00
1671,5c5bc271-66b8-4b72-bb5f-66a5695222df,GH3,sys_h20_temp,28.6000,normal,1.00,2025-02-03 00:00:00+00,2025-08-09 06:58:58.765837+00
1672,5c5bc271-66b8-4b72-bb5f-66a5695222df,GH3,sys_h20_temp,26.5000,normal,1.00,2025-02-04 00:00:00+00,2025-08-09 06:58:58.765837+00
1673,5c5bc271-66b8-4b72-bb5f-66a5695222df,GH3,sys_h20_temp,28.2000,normal,1.00,2025-02-05 00:00:00+00,2025-08-09 06:58:58.765837+00
1674,5c5bc271-66b8-4b72-bb5f-66a5695222df,GH3,sys_h20_temp,26.6000,normal,1.00,2025-02-06 00:00:00+00,2025-08-09 06:58:58.765837+00
1675,5c5bc271-66b8-4b72-bb5f-66a5695222df,GH3,sys_h20_temp,26.6000,normal,1.00,2025-02-07 00:00:00+00,2025-08-09 06:58:58.765837+00
1676,5c5bc271-66b8-4b72-bb5f-66a5695222df,GH3,sys_h20_temp,29.5000,normal,1.00,2025-02-08 00:00:00+00,2025-08-09 06:58:58.765837+00
1677,5c5bc271-66b8-4b72-bb5f-66a5695222df,GH3,sys_h20_temp,27.3000,normal,1.00,2025-02-10 00:00:00+00,2025-08-09 06:58:58.765837+00
1678,5c5bc271-66b8-4b72-bb5f-66a5695222df,GH3,sys_h20_temp,28.0000,normal,1.00,2025-02-11 00:00:00+00,2025-08-09 06:58:58.765837+00
1679,5c5bc271-66b8-4b72-bb5f-66a5695222df,GH3,sys_h20_temp,29.8000,normal,1.00,2025-02-12 00:00:00+00,2025-08-09 06:58:58.765837+00
1680,5c5bc271-66b8-4b72-bb5f-66a5695222df,GH3,sys_h20_temp,29.8000,normal,1.00,2025-02-13 00:00:00+00,2025-08-09 06:58:58.765837+00
1681,5c5bc271-66b8-4b72-bb5f-66a5695222df,GH3,sys_h20_temp,29.2000,normal,1.00,2025-02-14 00:00:00+00,2025-08-09 06:58:58.765837+00
1682,5c5bc271-66b8-4b72-bb5f-66a5695222df,GH3,sys_h20_temp,28.9200,normal,1.00,2025-02-15 00:00:00+00,2025-08-09 06:58:58.765837+00
1683,5c5bc271-66b8-4b72-bb5f-66a5695222df,GH3,sys_h20_temp,28.3000,normal,1.00,2025-02-17 00:00:00+00,2025-08-09 06:58:58.765837+00
1684,5c5bc271-66b8-4b72-bb5f-66a5695222df,GH3,sys_h20_temp,28.3000,normal,1.00,2025-02-18 00:00:00+00,2025-08-09 06:58:58.765837+00
1685,5c5bc271-66b8-4b72-bb5f-66a5695222df,GH3,sys_h20_temp,27.9000,normal,1.00,2025-02-19 00:00:00+00,2025-08-09 06:58:58.765837+00
1686,5c5bc271-66b8-4b72-bb5f-66a5695222df,GH3,sys_h20_temp,26.4000,normal,1.00,2025-02-20 00:00:00+00,2025-08-09 06:58:58.765837+00
1687,5c5bc271-66b8-4b72-bb5f-66a5695222df,GH3,sys_h20_temp,26.7600,normal,1.00,2025-02-21 00:00:00+00,2025-08-09 06:58:58.765837+00
1688,5c5bc271-66b8-4b72-bb5f-66a5695222df,GH3,sys_h20_temp,28.3600,normal,1.00,2025-02-22 00:00:00+00,2025-08-09 06:58:58.765837+00
1689,5c5bc271-66b8-4b72-bb5f-66a5695222df,GH3,sys_h20_temp,28.6200,normal,1.00,2025-02-24 00:00:00+00,2025-08-09 06:58:58.765837+00
1690,5c5bc271-66b8-4b72-bb5f-66a5695222df,GH3,sys_h20_temp,27.9000,normal,1.00,2025-02-25 00:00:00+00,2025-08-09 06:58:58.765837+00
1691,5c5bc271-66b8-4b72-bb5f-66a5695222df,GH3,sys_h20_temp,26.8000,normal,1.00,2025-02-26 00:00:00+00,2025-08-09 06:58:58.765837+00
1692,5c5bc271-66b8-4b72-bb5f-66a5695222df,GH3,sys_h20_temp,27.7000,normal,1.00,2025-02-27 00:00:00+00,2025-08-09 06:58:58.765837+00
1693,5c5bc271-66b8-4b72-bb5f-66a5695222df,GH3,sys_h20_temp,29.6210,normal,1.00,2025-02-28 00:00:00+00,2025-08-09 06:58:58.765837+00
1694,5c5bc271-66b8-4b72-bb5f-66a5695222df,GH3,sys_h20_temp,28.2000,normal,1.00,2025-03-01 00:00:00+00,2025-08-09 06:58:58.765837+00
1695,5c5bc271-66b8-4b72-bb5f-66a5695222df,GH3,sys_h20_temp,31.1000,normal,1.00,2025-03-02 00:00:00+00,2025-08-09 06:58:58.765837+00
1696,5c5bc271-66b8-4b72-bb5f-66a5695222df,GH3,sys_h20_temp,29.5000,normal,1.00,2025-03-03 00:00:00+00,2025-08-09 06:58:58.765837+00
1697,5c5bc271-66b8-4b72-bb5f-66a5695222df,GH3,sys_h20_temp,30.0000,normal,1.00,2025-03-04 00:00:00+00,2025-08-09 06:58:58.765837+00
1698,5c5bc271-66b8-4b72-bb5f-66a5695222df,GH3,sys_h20_temp,29.8000,normal,1.00,2025-03-05 00:00:00+00,2025-08-09 06:58:58.765837+00
1699,5c5bc271-66b8-4b72-bb5f-66a5695222df,GH3,sys_h20_temp,29.1000,normal,1.00,2025-03-06 00:00:00+00,2025-08-09 06:58:58.765837+00
1700,5c5bc271-66b8-4b72-bb5f-66a5695222df,GH3,sys_h20_temp,29.9600,normal,1.00,2025-03-07 00:00:00+00,2025-08-09 06:58:58.765837+00
1701,5c5bc271-66b8-4b72-bb5f-66a5695222df,GH3,sys_h20_temp,27.9600,normal,1.00,2025-03-08 00:00:00+00,2025-08-09 06:58:58.765837+00
1702,5c5bc271-66b8-4b72-bb5f-66a5695222df,GH3,sys_h20_temp,28.7000,normal,1.00,2025-03-09 00:00:00+00,2025-08-09 06:58:58.765837+00
1703,5c5bc271-66b8-4b72-bb5f-66a5695222df,GH3,sys_h20_temp,28.3000,normal,1.00,2025-03-10 00:00:00+00,2025-08-09 06:58:58.765837+00
1704,5c5bc271-66b8-4b72-bb5f-66a5695222df,GH3,sys_h20_temp,30.4000,normal,1.00,2025-03-11 00:00:00+00,2025-08-09 06:58:58.765837+00
1705,5c5bc271-66b8-4b72-bb5f-66a5695222df,GH3,sys_h20_temp,32.3000,normal,1.00,2025-03-12 00:00:00+00,2025-08-09 06:58:58.765837+00
1706,5c5bc271-66b8-4b72-bb5f-66a5695222df,GH3,sys_h20_temp,32.5000,normal,1.00,2025-03-13 00:00:00+00,2025-08-09 06:58:58.765837+00
1707,5c5bc271-66b8-4b72-bb5f-66a5695222df,GH3,sys_h20_temp,29.3000,normal,1.00,2025-03-14 00:00:00+00,2025-08-09 06:58:58.765837+00
1708,5c5bc271-66b8-4b72-bb5f-66a5695222df,GH3,sys_h20_temp,28.8000,normal,1.00,2025-03-15 00:00:00+00,2025-08-09 06:58:58.765837+00
1709,5c5bc271-66b8-4b72-bb5f-66a5695222df,GH3,sys_h20_temp,30.8000,normal,1.00,2025-03-16 00:00:00+00,2025-08-09 06:58:58.765837+00
1710,5c5bc271-66b8-4b72-bb5f-66a5695222df,GH3,sys_h20_temp,27.5000,normal,1.00,2025-03-17 00:00:00+00,2025-08-09 06:58:58.765837+00
1711,5c5bc271-66b8-4b72-bb5f-66a5695222df,GH3,sys_h20_temp,27.9000,normal,1.00,2025-03-18 00:00:00+00,2025-08-09 06:58:58.765837+00
1712,5c5bc271-66b8-4b72-bb5f-66a5695222df,GH3,sys_h20_temp,27.9700,normal,1.00,2025-03-19 00:00:00+00,2025-08-09 06:58:58.765837+00
1713,5c5bc271-66b8-4b72-bb5f-66a5695222df,GH3,sys_h20_temp,26.5000,normal,1.00,2025-03-20 00:00:00+00,2025-08-09 06:58:58.765837+00
1714,5c5bc271-66b8-4b72-bb5f-66a5695222df,GH3,sys_h20_temp,26.5000,normal,1.00,2025-03-21 00:00:00+00,2025-08-09 06:58:58.765837+00
1715,5c5bc271-66b8-4b72-bb5f-66a5695222df,GH3,sys_h20_temp,27.4400,normal,1.00,2025-03-22 00:00:00+00,2025-08-09 06:58:58.765837+00
1716,5c5bc271-66b8-4b72-bb5f-66a5695222df,GH3,sys_h20_temp,25.7800,normal,1.00,2025-03-23 00:00:00+00,2025-08-09 06:58:58.765837+00
1717,5c5bc271-66b8-4b72-bb5f-66a5695222df,GH3,sys_h20_temp,28.4000,normal,1.00,2025-03-24 00:00:00+00,2025-08-09 06:58:58.765837+00
1718,5c5bc271-66b8-4b72-bb5f-66a5695222df,GH3,sys_h20_temp,29.7000,normal,1.00,2025-03-25 00:00:00+00,2025-08-09 06:58:58.765837+00
1719,5c5bc271-66b8-4b72-bb5f-66a5695222df,GH3,sys_h20_temp,28.9600,normal,1.00,2025-03-26 00:00:00+00,2025-08-09 06:58:58.765837+00
1720,5c5bc271-66b8-4b72-bb5f-66a5695222df,GH3,sys_h20_temp,28.9000,normal,1.00,2025-03-27 00:00:00+00,2025-08-09 06:58:58.765837+00
1721,5c5bc271-66b8-4b72-bb5f-66a5695222df,GH3,sys_h20_temp,29.9000,normal,1.00,2025-03-28 00:00:00+00,2025-08-09 06:58:58.765837+00
1722,5c5bc271-66b8-4b72-bb5f-66a5695222df,GH3,sys_h20_temp,26.4000,normal,1.00,2025-03-29 00:00:00+00,2025-08-09 06:58:58.765837+00
1723,5c5bc271-66b8-4b72-bb5f-66a5695222df,GH3,sys_h20_temp,27.9000,normal,1.00,2025-03-30 00:00:00+00,2025-08-09 06:58:58.765837+00
1724,5c5bc271-66b8-4b72-bb5f-66a5695222df,GH3,sys_h20_temp,28.3000,normal,1.00,2025-03-31 00:00:00+00,2025-08-09 06:58:58.765837+00
1725,5c5bc271-66b8-4b72-bb5f-66a5695222df,GH3,sys_h20_temp,28.5000,normal,1.00,2025-04-01 00:00:00+00,2025-08-09 06:58:58.765837+00
1726,5c5bc271-66b8-4b72-bb5f-66a5695222df,GH3,sys_h20_temp,28.7000,normal,1.00,2025-04-02 00:00:00+00,2025-08-09 06:58:58.765837+00
1727,5c5bc271-66b8-4b72-bb5f-66a5695222df,GH3,sys_h20_temp,29.2000,normal,1.00,2025-04-03 00:00:00+00,2025-08-09 06:58:58.765837+00
1728,5c5bc271-66b8-4b72-bb5f-66a5695222df,GH3,sys_h20_temp,30.1000,normal,1.00,2025-04-04 00:00:00+00,2025-08-09 06:58:58.765837+00
1729,5c5bc271-66b8-4b72-bb5f-66a5695222df,GH3,sys_h20_temp,28.7000,normal,1.00,2025-04-05 00:00:00+00,2025-08-09 06:58:58.765837+00
1730,5c5bc271-66b8-4b72-bb5f-66a5695222df,GH3,sys_h20_temp,29.6500,normal,1.00,2025-04-06 00:00:00+00,2025-08-09 06:58:58.765837+00
1731,5c5bc271-66b8-4b72-bb5f-66a5695222df,GH3,sys_h20_temp,30.0000,normal,1.00,2025-04-07 00:00:00+00,2025-08-09 06:58:58.765837+00
1732,5c5bc271-66b8-4b72-bb5f-66a5695222df,GH3,sys_h20_temp,30.8000,normal,1.00,2025-04-08 00:00:00+00,2025-08-09 06:58:58.765837+00
1733,5c5bc271-66b8-4b72-bb5f-66a5695222df,GH3,sys_h20_temp,32.0000,normal,1.00,2025-04-09 00:00:00+00,2025-08-09 06:58:58.765837+00
1734,5c5bc271-66b8-4b72-bb5f-66a5695222df,GH3,sys_h20_temp,32.4000,normal,1.00,2025-04-10 00:00:00+00,2025-08-09 06:58:58.765837+00
1735,5c5bc271-66b8-4b72-bb5f-66a5695222df,GH3,sys_h20_temp,29.8000,normal,1.00,2025-04-11 00:00:00+00,2025-08-09 06:58:58.765837+00
1736,5c5bc271-66b8-4b72-bb5f-66a5695222df,GH3,sys_h20_temp,30.8200,normal,1.00,2025-04-12 00:00:00+00,2025-08-09 06:58:58.765837+00
1737,5c5bc271-66b8-4b72-bb5f-66a5695222df,GH3,sys_h20_temp,31.7800,normal,1.00,2025-04-13 00:00:00+00,2025-08-09 06:58:58.765837+00
1738,5c5bc271-66b8-4b72-bb5f-66a5695222df,GH3,sys_gh_temp,27.5000,normal,1.00,2024-12-30 00:00:00+00,2025-08-09 06:58:58.765837+00
1739,5c5bc271-66b8-4b72-bb5f-66a5695222df,GH3,sys_gh_temp,30.6000,normal,1.00,2024-12-31 00:00:00+00,2025-08-09 06:58:58.765837+00
1740,5c5bc271-66b8-4b72-bb5f-66a5695222df,GH3,sys_gh_temp,27.9000,normal,1.00,2025-01-01 00:00:00+00,2025-08-09 06:58:58.765837+00
1741,5c5bc271-66b8-4b72-bb5f-66a5695222df,GH3,sys_gh_temp,29.2000,normal,1.00,2025-01-02 00:00:00+00,2025-08-09 06:58:58.765837+00
1742,5c5bc271-66b8-4b72-bb5f-66a5695222df,GH3,sys_gh_temp,28.5000,normal,1.00,2025-01-03 00:00:00+00,2025-08-09 06:58:58.765837+00
1743,5c5bc271-66b8-4b72-bb5f-66a5695222df,GH3,sys_gh_temp,30.7000,normal,1.00,2025-01-04 00:00:00+00,2025-08-09 06:58:58.765837+00
1744,5c5bc271-66b8-4b72-bb5f-66a5695222df,GH3,sys_gh_temp,26.7000,normal,1.00,2025-01-06 00:00:00+00,2025-08-09 06:58:58.765837+00
1745,5c5bc271-66b8-4b72-bb5f-66a5695222df,GH3,sys_gh_temp,24.8000,normal,1.00,2025-01-07 00:00:00+00,2025-08-09 06:58:58.765837+00
1746,5c5bc271-66b8-4b72-bb5f-66a5695222df,GH3,sys_gh_temp,27.9000,normal,1.00,2025-01-08 00:00:00+00,2025-08-09 06:58:58.765837+00
1747,5c5bc271-66b8-4b72-bb5f-66a5695222df,GH3,sys_gh_temp,27.6000,normal,1.00,2025-01-09 00:00:00+00,2025-08-09 06:58:58.765837+00
1748,5c5bc271-66b8-4b72-bb5f-66a5695222df,GH3,sys_gh_temp,27.0000,normal,1.00,2025-01-10 00:00:00+00,2025-08-09 06:58:58.765837+00
1749,5c5bc271-66b8-4b72-bb5f-66a5695222df,GH3,sys_gh_temp,28.0000,normal,1.00,2025-01-11 00:00:00+00,2025-08-09 06:58:58.765837+00
1750,5c5bc271-66b8-4b72-bb5f-66a5695222df,GH3,sys_gh_temp,25.9000,normal,1.00,2025-01-12 00:00:00+00,2025-08-09 06:58:58.765837+00
1751,5c5bc271-66b8-4b72-bb5f-66a5695222df,GH3,sys_gh_temp,26.4000,normal,1.00,2025-01-13 00:00:00+00,2025-08-09 06:58:58.765837+00
1752,5c5bc271-66b8-4b72-bb5f-66a5695222df,GH3,sys_gh_temp,26.1000,normal,1.00,2025-01-14 00:00:00+00,2025-08-09 06:58:58.765837+00
1753,5c5bc271-66b8-4b72-bb5f-66a5695222df,GH3,sys_gh_temp,27.1000,normal,1.00,2025-01-15 00:00:00+00,2025-08-09 06:58:58.765837+00
1754,5c5bc271-66b8-4b72-bb5f-66a5695222df,GH3,sys_gh_temp,27.4000,normal,1.00,2025-01-16 00:00:00+00,2025-08-09 06:58:58.765837+00
1755,5c5bc271-66b8-4b72-bb5f-66a5695222df,GH3,sys_gh_temp,27.6000,normal,1.00,2025-01-17 00:00:00+00,2025-08-09 06:58:58.765837+00
1756,5c5bc271-66b8-4b72-bb5f-66a5695222df,GH3,sys_gh_temp,28.1000,normal,1.00,2025-01-18 00:00:00+00,2025-08-09 06:58:58.765837+00
1757,5c5bc271-66b8-4b72-bb5f-66a5695222df,GH3,sys_gh_temp,26.9000,normal,1.00,2025-01-19 00:00:00+00,2025-08-09 06:58:58.765837+00
1758,5c5bc271-66b8-4b72-bb5f-66a5695222df,GH3,sys_gh_temp,27.2000,normal,1.00,2025-01-20 00:00:00+00,2025-08-09 06:58:58.765837+00
1759,5c5bc271-66b8-4b72-bb5f-66a5695222df,GH3,sys_gh_temp,29.8000,normal,1.00,2025-01-21 00:00:00+00,2025-08-09 06:58:58.765837+00
1760,5c5bc271-66b8-4b72-bb5f-66a5695222df,GH3,sys_gh_temp,30.0000,normal,1.00,2025-01-22 00:00:00+00,2025-08-09 06:58:58.765837+00
1761,5c5bc271-66b8-4b72-bb5f-66a5695222df,GH3,sys_gh_temp,29.4000,normal,1.00,2025-01-23 00:00:00+00,2025-08-09 06:58:58.765837+00
1762,5c5bc271-66b8-4b72-bb5f-66a5695222df,GH3,sys_gh_temp,30.3000,normal,1.00,2025-01-24 00:00:00+00,2025-08-09 06:58:58.765837+00
1763,5c5bc271-66b8-4b72-bb5f-66a5695222df,GH3,sys_gh_temp,29.5000,normal,1.00,2025-01-25 00:00:00+00,2025-08-09 06:58:58.765837+00
1764,5c5bc271-66b8-4b72-bb5f-66a5695222df,GH3,sys_gh_temp,27.3000,normal,1.00,2025-01-27 00:00:00+00,2025-08-09 06:58:58.765837+00
1765,5c5bc271-66b8-4b72-bb5f-66a5695222df,GH3,sys_gh_temp,25.5000,normal,1.00,2025-01-28 00:00:00+00,2025-08-09 06:58:58.765837+00
1766,5c5bc271-66b8-4b72-bb5f-66a5695222df,GH3,sys_gh_temp,27.9000,normal,1.00,2025-01-29 00:00:00+00,2025-08-09 06:58:58.765837+00
1767,5c5bc271-66b8-4b72-bb5f-66a5695222df,GH3,sys_gh_temp,28.0000,normal,1.00,2025-01-30 00:00:00+00,2025-08-09 06:58:58.765837+00
1768,5c5bc271-66b8-4b72-bb5f-66a5695222df,GH3,sys_gh_temp,27.9000,normal,1.00,2025-01-31 00:00:00+00,2025-08-09 06:58:58.765837+00
1769,5c5bc271-66b8-4b72-bb5f-66a5695222df,GH3,sys_gh_temp,31.3000,normal,1.00,2025-02-01 00:00:00+00,2025-08-09 06:58:58.765837+00
1770,5c5bc271-66b8-4b72-bb5f-66a5695222df,GH3,sys_gh_temp,27.0000,normal,1.00,2025-02-02 00:00:00+00,2025-08-09 06:58:58.765837+00
1771,5c5bc271-66b8-4b72-bb5f-66a5695222df,GH3,sys_gh_temp,28.4000,normal,1.00,2025-02-03 00:00:00+00,2025-08-09 06:58:58.765837+00
1772,5c5bc271-66b8-4b72-bb5f-66a5695222df,GH3,sys_gh_temp,26.1000,normal,1.00,2025-02-04 00:00:00+00,2025-08-09 06:58:58.765837+00
1773,5c5bc271-66b8-4b72-bb5f-66a5695222df,GH3,sys_gh_temp,27.8000,normal,1.00,2025-02-05 00:00:00+00,2025-08-09 06:58:58.765837+00
1774,5c5bc271-66b8-4b72-bb5f-66a5695222df,GH3,sys_gh_temp,25.9000,normal,1.00,2025-02-06 00:00:00+00,2025-08-09 06:58:58.765837+00
1775,5c5bc271-66b8-4b72-bb5f-66a5695222df,GH3,sys_gh_temp,26.2000,normal,1.00,2025-02-07 00:00:00+00,2025-08-09 06:58:58.765837+00
1776,5c5bc271-66b8-4b72-bb5f-66a5695222df,GH3,sys_gh_temp,27.8000,normal,1.00,2025-02-08 00:00:00+00,2025-08-09 06:58:58.765837+00
1777,5c5bc271-66b8-4b72-bb5f-66a5695222df,GH3,sys_gh_temp,29.5000,normal,1.00,2025-02-10 00:00:00+00,2025-08-09 06:58:58.765837+00
1778,5c5bc271-66b8-4b72-bb5f-66a5695222df,GH3,sys_gh_temp,28.1000,normal,1.00,2025-02-11 00:00:00+00,2025-08-09 06:58:58.765837+00
1779,5c5bc271-66b8-4b72-bb5f-66a5695222df,GH3,sys_gh_temp,32.4000,normal,1.00,2025-02-12 00:00:00+00,2025-08-09 06:58:58.765837+00
1780,5c5bc271-66b8-4b72-bb5f-66a5695222df,GH3,sys_gh_temp,33.5000,normal,1.00,2025-02-13 00:00:00+00,2025-08-09 06:58:58.765837+00
1781,5c5bc271-66b8-4b72-bb5f-66a5695222df,GH3,sys_gh_temp,30.6000,normal,1.00,2025-02-14 00:00:00+00,2025-08-09 06:58:58.765837+00
1782,5c5bc271-66b8-4b72-bb5f-66a5695222df,GH3,sys_gh_temp,29.4200,normal,1.00,2025-02-15 00:00:00+00,2025-08-09 06:58:58.765837+00
1783,5c5bc271-66b8-4b72-bb5f-66a5695222df,GH3,sys_gh_temp,29.8800,normal,1.00,2025-02-17 00:00:00+00,2025-08-09 06:58:58.765837+00
1784,5c5bc271-66b8-4b72-bb5f-66a5695222df,GH3,sys_gh_temp,28.6200,normal,1.00,2025-02-18 00:00:00+00,2025-08-09 06:58:58.765837+00
1785,5c5bc271-66b8-4b72-bb5f-66a5695222df,GH3,sys_gh_temp,28.3200,normal,1.00,2025-02-19 00:00:00+00,2025-08-09 06:58:58.765837+00
1786,5c5bc271-66b8-4b72-bb5f-66a5695222df,GH3,sys_gh_temp,25.6400,normal,1.00,2025-02-20 00:00:00+00,2025-08-09 06:58:58.765837+00
1787,5c5bc271-66b8-4b72-bb5f-66a5695222df,GH3,sys_gh_temp,29.3800,normal,1.00,2025-02-21 00:00:00+00,2025-08-09 06:58:58.765837+00
1788,5c5bc271-66b8-4b72-bb5f-66a5695222df,GH3,sys_gh_temp,32.6600,normal,1.00,2025-02-22 00:00:00+00,2025-08-09 06:58:58.765837+00
1789,5c5bc271-66b8-4b72-bb5f-66a5695222df,GH3,sys_gh_temp,30.4000,normal,1.00,2025-02-24 00:00:00+00,2025-08-09 06:58:58.765837+00
1790,5c5bc271-66b8-4b72-bb5f-66a5695222df,GH3,sys_gh_temp,29.8000,normal,1.00,2025-02-25 00:00:00+00,2025-08-09 06:58:58.765837+00
1791,5c5bc271-66b8-4b72-bb5f-66a5695222df,GH3,sys_gh_temp,35.9200,normal,1.00,2025-02-26 00:00:00+00,2025-08-09 06:58:58.765837+00
1792,5c5bc271-66b8-4b72-bb5f-66a5695222df,GH3,sys_gh_temp,29.6000,normal,1.00,2025-02-27 00:00:00+00,2025-08-09 06:58:58.765837+00
1793,5c5bc271-66b8-4b72-bb5f-66a5695222df,GH3,sys_gh_temp,30.5800,normal,1.00,2025-02-28 00:00:00+00,2025-08-09 06:58:58.765837+00
1794,5c5bc271-66b8-4b72-bb5f-66a5695222df,GH3,sys_gh_temp,31.5400,normal,1.00,2025-03-01 00:00:00+00,2025-08-09 06:58:58.765837+00
1795,5c5bc271-66b8-4b72-bb5f-66a5695222df,GH3,sys_gh_temp,32.3000,normal,1.00,2025-03-02 00:00:00+00,2025-08-09 06:58:58.765837+00
1796,5c5bc271-66b8-4b72-bb5f-66a5695222df,GH3,sys_gh_temp,28.7000,normal,1.00,2025-03-03 00:00:00+00,2025-08-09 06:58:58.765837+00
1797,5c5bc271-66b8-4b72-bb5f-66a5695222df,GH3,sys_gh_temp,29.4000,normal,1.00,2025-03-04 00:00:00+00,2025-08-09 06:58:58.765837+00
1798,5c5bc271-66b8-4b72-bb5f-66a5695222df,GH3,sys_gh_temp,32.8000,normal,1.00,2025-03-05 00:00:00+00,2025-08-09 06:58:58.765837+00
1799,5c5bc271-66b8-4b72-bb5f-66a5695222df,GH3,sys_gh_temp,30.6000,normal,1.00,2025-03-06 00:00:00+00,2025-08-09 06:58:58.765837+00
1800,5c5bc271-66b8-4b72-bb5f-66a5695222df,GH3,sys_gh_temp,31.8000,normal,1.00,2025-03-07 00:00:00+00,2025-08-09 06:58:58.765837+00
1801,5c5bc271-66b8-4b72-bb5f-66a5695222df,GH3,sys_gh_temp,28.5000,normal,1.00,2025-03-08 00:00:00+00,2025-08-09 06:58:58.765837+00
1802,5c5bc271-66b8-4b72-bb5f-66a5695222df,GH3,sys_gh_temp,31.1400,normal,1.00,2025-03-09 00:00:00+00,2025-08-09 06:58:58.765837+00
1803,5c5bc271-66b8-4b72-bb5f-66a5695222df,GH3,sys_gh_temp,30.2000,normal,1.00,2025-03-10 00:00:00+00,2025-08-09 06:58:58.765837+00
1804,5c5bc271-66b8-4b72-bb5f-66a5695222df,GH3,sys_gh_temp,31.7000,normal,1.00,2025-03-11 00:00:00+00,2025-08-09 06:58:58.765837+00
1805,5c5bc271-66b8-4b72-bb5f-66a5695222df,GH3,sys_gh_temp,3.3000,normal,1.00,2025-03-12 00:00:00+00,2025-08-09 06:58:58.765837+00
1806,5c5bc271-66b8-4b72-bb5f-66a5695222df,GH3,sys_gh_temp,36.2000,normal,1.00,2025-03-13 00:00:00+00,2025-08-09 06:58:58.765837+00
1807,5c5bc271-66b8-4b72-bb5f-66a5695222df,GH3,sys_gh_temp,30.7000,normal,1.00,2025-03-14 00:00:00+00,2025-08-09 06:58:58.765837+00
1808,5c5bc271-66b8-4b72-bb5f-66a5695222df,GH3,sys_gh_temp,28.4000,normal,1.00,2025-03-15 00:00:00+00,2025-08-09 06:58:58.765837+00
1809,5c5bc271-66b8-4b72-bb5f-66a5695222df,GH3,sys_gh_temp,29.8000,normal,1.00,2025-03-16 00:00:00+00,2025-08-09 06:58:58.765837+00
1810,5c5bc271-66b8-4b72-bb5f-66a5695222df,GH3,sys_gh_temp,27.9800,normal,1.00,2025-03-17 00:00:00+00,2025-08-09 06:58:58.765837+00
1811,5c5bc271-66b8-4b72-bb5f-66a5695222df,GH3,sys_gh_temp,31.1000,normal,1.00,2025-03-18 00:00:00+00,2025-08-09 06:58:58.765837+00
1812,5c5bc271-66b8-4b72-bb5f-66a5695222df,GH3,sys_gh_temp,29.9800,normal,1.00,2025-03-19 00:00:00+00,2025-08-09 06:58:58.765837+00
1813,5c5bc271-66b8-4b72-bb5f-66a5695222df,GH3,sys_gh_temp,26.3000,normal,1.00,2025-03-20 00:00:00+00,2025-08-09 06:58:58.765837+00
1814,5c5bc271-66b8-4b72-bb5f-66a5695222df,GH3,sys_gh_temp,27.6000,normal,1.00,2025-03-21 00:00:00+00,2025-08-09 06:58:58.765837+00
1815,5c5bc271-66b8-4b72-bb5f-66a5695222df,GH3,sys_gh_temp,28.4200,normal,1.00,2025-03-22 00:00:00+00,2025-08-09 06:58:58.765837+00
1816,5c5bc271-66b8-4b72-bb5f-66a5695222df,GH3,sys_gh_temp,29.9200,normal,1.00,2025-03-23 00:00:00+00,2025-08-09 06:58:58.765837+00
1817,5c5bc271-66b8-4b72-bb5f-66a5695222df,GH3,sys_gh_temp,28.8000,normal,1.00,2025-03-24 00:00:00+00,2025-08-09 06:58:58.765837+00
1818,5c5bc271-66b8-4b72-bb5f-66a5695222df,GH3,sys_gh_temp,30.4000,normal,1.00,2025-03-25 00:00:00+00,2025-08-09 06:58:58.765837+00
1819,5c5bc271-66b8-4b72-bb5f-66a5695222df,GH3,sys_gh_temp,30.5000,normal,1.00,2025-03-26 00:00:00+00,2025-08-09 06:58:58.765837+00
1820,5c5bc271-66b8-4b72-bb5f-66a5695222df,GH3,sys_gh_temp,30.1000,normal,1.00,2025-03-27 00:00:00+00,2025-08-09 06:58:58.765837+00
1821,5c5bc271-66b8-4b72-bb5f-66a5695222df,GH3,sys_gh_temp,32.5000,normal,1.00,2025-03-28 00:00:00+00,2025-08-09 06:58:58.765837+00
1822,5c5bc271-66b8-4b72-bb5f-66a5695222df,GH3,sys_gh_temp,26.2000,normal,1.00,2025-03-29 00:00:00+00,2025-08-09 06:58:58.765837+00
1823,5c5bc271-66b8-4b72-bb5f-66a5695222df,GH3,sys_gh_temp,29.3000,normal,1.00,2025-03-30 00:00:00+00,2025-08-09 06:58:58.765837+00
1824,5c5bc271-66b8-4b72-bb5f-66a5695222df,GH3,sys_gh_temp,31.7000,normal,1.00,2025-03-31 00:00:00+00,2025-08-09 06:58:58.765837+00
1825,5c5bc271-66b8-4b72-bb5f-66a5695222df,GH3,sys_gh_temp,33.9000,normal,1.00,2025-04-01 00:00:00+00,2025-08-09 06:58:58.765837+00
1826,5c5bc271-66b8-4b72-bb5f-66a5695222df,GH3,sys_gh_temp,32.2000,normal,1.00,2025-04-02 00:00:00+00,2025-08-09 06:58:58.765837+00
1827,5c5bc271-66b8-4b72-bb5f-66a5695222df,GH3,sys_gh_temp,33.0000,normal,1.00,2025-04-03 00:00:00+00,2025-08-09 06:58:58.765837+00
1828,5c5bc271-66b8-4b72-bb5f-66a5695222df,GH3,sys_gh_temp,33.0000,normal,1.00,2025-04-04 00:00:00+00,2025-08-09 06:58:58.765837+00
1829,5c5bc271-66b8-4b72-bb5f-66a5695222df,GH3,sys_gh_temp,30.5000,normal,1.00,2025-04-05 00:00:00+00,2025-08-09 06:58:58.765837+00
1830,5c5bc271-66b8-4b72-bb5f-66a5695222df,GH3,sys_gh_temp,30.1300,normal,1.00,2025-04-06 00:00:00+00,2025-08-09 06:58:58.765837+00
1831,5c5bc271-66b8-4b72-bb5f-66a5695222df,GH3,sys_gh_temp,30.0000,normal,1.00,2025-04-07 00:00:00+00,2025-08-09 06:58:58.765837+00
1832,5c5bc271-66b8-4b72-bb5f-66a5695222df,GH3,sys_gh_temp,30.0000,normal,1.00,2025-04-08 00:00:00+00,2025-08-09 06:58:58.765837+00
1833,5c5bc271-66b8-4b72-bb5f-66a5695222df,GH3,sys_gh_temp,32.0000,normal,1.00,2025-04-09 00:00:00+00,2025-08-09 06:58:58.765837+00
1834,5c5bc271-66b8-4b72-bb5f-66a5695222df,GH3,sys_gh_temp,31.6000,normal,1.00,2025-04-10 00:00:00+00,2025-08-09 06:58:58.765837+00
1835,5c5bc271-66b8-4b72-bb5f-66a5695222df,GH3,sys_gh_temp,35.5000,normal,1.00,2025-04-11 00:00:00+00,2025-08-09 06:58:58.765837+00
1836,5c5bc271-66b8-4b72-bb5f-66a5695222df,GH3,sys_gh_temp,36.8600,normal,1.00,2025-04-12 00:00:00+00,2025-08-09 06:58:58.765837+00
1837,5c5bc271-66b8-4b72-bb5f-66a5695222df,GH3,sys_gh_temp,37.6000,normal,1.00,2025-04-13 00:00:00+00,2025-08-09 06:58:58.765837+00
1838,5c5bc271-66b8-4b72-bb5f-66a5695222df,GH3,sys_gh_rh,64.0000,normal,1.00,2024-12-30 00:00:00+00,2025-08-09 06:58:58.765837+00
1839,5c5bc271-66b8-4b72-bb5f-66a5695222df,GH3,sys_gh_rh,51.0000,normal,1.00,2024-12-31 00:00:00+00,2025-08-09 06:58:58.765837+00
1840,5c5bc271-66b8-4b72-bb5f-66a5695222df,GH3,sys_gh_rh,62.0000,normal,1.00,2025-01-01 00:00:00+00,2025-08-09 06:58:58.765837+00
1841,5c5bc271-66b8-4b72-bb5f-66a5695222df,GH3,sys_gh_rh,53.0000,normal,1.00,2025-01-02 00:00:00+00,2025-08-09 06:58:58.765837+00
1842,5c5bc271-66b8-4b72-bb5f-66a5695222df,GH3,sys_gh_rh,59.0000,normal,1.00,2025-01-03 00:00:00+00,2025-08-09 06:58:58.765837+00
1843,5c5bc271-66b8-4b72-bb5f-66a5695222df,GH3,sys_gh_rh,7.0000,normal,1.00,2025-01-04 00:00:00+00,2025-08-09 06:58:58.765837+00
1844,5c5bc271-66b8-4b72-bb5f-66a5695222df,GH3,sys_gh_rh,61.0000,normal,1.00,2025-01-06 00:00:00+00,2025-08-09 06:58:58.765837+00
1845,5c5bc271-66b8-4b72-bb5f-66a5695222df,GH3,sys_gh_rh,71.0000,normal,1.00,2025-01-07 00:00:00+00,2025-08-09 06:58:58.765837+00
1846,5c5bc271-66b8-4b72-bb5f-66a5695222df,GH3,sys_gh_rh,62.0000,normal,1.00,2025-01-08 00:00:00+00,2025-08-09 06:58:58.765837+00
1847,5c5bc271-66b8-4b72-bb5f-66a5695222df,GH3,sys_gh_rh,52.0000,normal,1.00,2025-01-09 00:00:00+00,2025-08-09 06:58:58.765837+00
1848,5c5bc271-66b8-4b72-bb5f-66a5695222df,GH3,sys_gh_rh,53.0000,normal,1.00,2025-01-10 00:00:00+00,2025-08-09 06:58:58.765837+00
1849,5c5bc271-66b8-4b72-bb5f-66a5695222df,GH3,sys_gh_rh,52.0000,normal,1.00,2025-01-11 00:00:00+00,2025-08-09 06:58:58.765837+00
1850,5c5bc271-66b8-4b72-bb5f-66a5695222df,GH3,sys_gh_rh,61.0000,normal,1.00,2025-01-12 00:00:00+00,2025-08-09 06:58:58.765837+00
1851,5c5bc271-66b8-4b72-bb5f-66a5695222df,GH3,sys_gh_rh,57.0000,normal,1.00,2025-01-13 00:00:00+00,2025-08-09 06:58:58.765837+00
1852,5c5bc271-66b8-4b72-bb5f-66a5695222df,GH3,sys_gh_rh,65.0000,normal,1.00,2025-01-14 00:00:00+00,2025-08-09 06:58:58.765837+00
1853,5c5bc271-66b8-4b72-bb5f-66a5695222df,GH3,sys_gh_rh,60.0000,normal,1.00,2025-01-15 00:00:00+00,2025-08-09 06:58:58.765837+00
1854,5c5bc271-66b8-4b72-bb5f-66a5695222df,GH3,sys_gh_rh,55.0000,normal,1.00,2025-01-16 00:00:00+00,2025-08-09 06:58:58.765837+00
1855,5c5bc271-66b8-4b72-bb5f-66a5695222df,GH3,sys_gh_rh,53.0000,normal,1.00,2025-01-17 00:00:00+00,2025-08-09 06:58:58.765837+00
1856,5c5bc271-66b8-4b72-bb5f-66a5695222df,GH3,sys_gh_rh,55.0000,normal,1.00,2025-01-18 00:00:00+00,2025-08-09 06:58:58.765837+00
1857,5c5bc271-66b8-4b72-bb5f-66a5695222df,GH3,sys_gh_rh,62.0000,normal,1.00,2025-01-19 00:00:00+00,2025-08-09 06:58:58.765837+00
1858,5c5bc271-66b8-4b72-bb5f-66a5695222df,GH3,sys_gh_rh,65.0000,normal,1.00,2025-01-20 00:00:00+00,2025-08-09 06:58:58.765837+00
1859,5c5bc271-66b8-4b72-bb5f-66a5695222df,GH3,sys_gh_rh,52.0000,normal,1.00,2025-01-21 00:00:00+00,2025-08-09 06:58:58.765837+00
1860,5c5bc271-66b8-4b72-bb5f-66a5695222df,GH3,sys_gh_rh,49.0000,normal,1.00,2025-01-22 00:00:00+00,2025-08-09 06:58:58.765837+00
1861,5c5bc271-66b8-4b72-bb5f-66a5695222df,GH3,sys_gh_rh,52.0000,normal,1.00,2025-01-23 00:00:00+00,2025-08-09 06:58:58.765837+00
1862,5c5bc271-66b8-4b72-bb5f-66a5695222df,GH3,sys_gh_rh,53.0000,normal,1.00,2025-01-24 00:00:00+00,2025-08-09 06:58:58.765837+00
1863,5c5bc271-66b8-4b72-bb5f-66a5695222df,GH3,sys_gh_rh,53.0000,normal,1.00,2025-01-25 00:00:00+00,2025-08-09 06:58:58.765837+00
1864,5c5bc271-66b8-4b72-bb5f-66a5695222df,GH3,sys_gh_rh,56.0000,normal,1.00,2025-01-27 00:00:00+00,2025-08-09 06:58:58.765837+00
1865,5c5bc271-66b8-4b72-bb5f-66a5695222df,GH3,sys_gh_rh,59.0000,normal,1.00,2025-01-28 00:00:00+00,2025-08-09 06:58:58.765837+00
1866,5c5bc271-66b8-4b72-bb5f-66a5695222df,GH3,sys_gh_rh,51.0000,normal,1.00,2025-01-29 00:00:00+00,2025-08-09 06:58:58.765837+00
1867,5c5bc271-66b8-4b72-bb5f-66a5695222df,GH3,sys_gh_rh,51.0000,normal,1.00,2025-01-30 00:00:00+00,2025-08-09 06:58:58.765837+00
1868,5c5bc271-66b8-4b72-bb5f-66a5695222df,GH3,sys_gh_rh,56.0000,normal,1.00,2025-01-31 00:00:00+00,2025-08-09 06:58:58.765837+00
1869,5c5bc271-66b8-4b72-bb5f-66a5695222df,GH3,sys_gh_rh,47.0000,normal,1.00,2025-02-01 00:00:00+00,2025-08-09 06:58:58.765837+00
1870,5c5bc271-66b8-4b72-bb5f-66a5695222df,GH3,sys_gh_rh,51.0000,normal,1.00,2025-02-02 00:00:00+00,2025-08-09 06:58:58.765837+00
1871,5c5bc271-66b8-4b72-bb5f-66a5695222df,GH3,sys_gh_rh,58.0000,normal,1.00,2025-02-03 00:00:00+00,2025-08-09 06:58:58.765837+00
1872,5c5bc271-66b8-4b72-bb5f-66a5695222df,GH3,sys_gh_rh,64.0000,normal,1.00,2025-02-04 00:00:00+00,2025-08-09 06:58:58.765837+00
1873,5c5bc271-66b8-4b72-bb5f-66a5695222df,GH3,sys_gh_rh,53.0000,normal,1.00,2025-02-05 00:00:00+00,2025-08-09 06:58:58.765837+00
1874,5c5bc271-66b8-4b72-bb5f-66a5695222df,GH3,sys_gh_rh,60.0000,normal,1.00,2025-02-06 00:00:00+00,2025-08-09 06:58:58.765837+00
1875,5c5bc271-66b8-4b72-bb5f-66a5695222df,GH3,sys_gh_rh,66.0000,normal,1.00,2025-02-07 00:00:00+00,2025-08-09 06:58:58.765837+00
1876,5c5bc271-66b8-4b72-bb5f-66a5695222df,GH3,sys_gh_rh,58.0000,normal,1.00,2025-02-08 00:00:00+00,2025-08-09 06:58:58.765837+00
1877,5c5bc271-66b8-4b72-bb5f-66a5695222df,GH3,sys_gh_rh,55.0000,normal,1.00,2025-02-10 00:00:00+00,2025-08-09 06:58:58.765837+00
1878,5c5bc271-66b8-4b72-bb5f-66a5695222df,GH3,sys_gh_rh,59.0000,normal,1.00,2025-02-11 00:00:00+00,2025-08-09 06:58:58.765837+00
1879,5c5bc271-66b8-4b72-bb5f-66a5695222df,GH3,sys_gh_rh,45.0000,normal,1.00,2025-02-12 00:00:00+00,2025-08-09 06:58:58.765837+00
1880,5c5bc271-66b8-4b72-bb5f-66a5695222df,GH3,sys_gh_rh,43.0000,normal,1.00,2025-02-13 00:00:00+00,2025-08-09 06:58:58.765837+00
1881,5c5bc271-66b8-4b72-bb5f-66a5695222df,GH3,sys_gh_rh,52.0000,normal,1.00,2025-02-14 00:00:00+00,2025-08-09 06:58:58.765837+00
1882,5c5bc271-66b8-4b72-bb5f-66a5695222df,GH3,sys_gh_rh,53.6000,normal,1.00,2025-02-15 00:00:00+00,2025-08-09 06:58:58.765837+00
1883,5c5bc271-66b8-4b72-bb5f-66a5695222df,GH3,sys_gh_rh,53.0000,normal,1.00,2025-02-17 00:00:00+00,2025-08-09 06:58:58.765837+00
1884,5c5bc271-66b8-4b72-bb5f-66a5695222df,GH3,sys_gh_rh,57.0000,normal,1.00,2025-02-18 00:00:00+00,2025-08-09 06:58:58.765837+00
1885,5c5bc271-66b8-4b72-bb5f-66a5695222df,GH3,sys_gh_rh,32.0000,normal,1.00,2025-02-19 00:00:00+00,2025-08-09 06:58:58.765837+00
1886,5c5bc271-66b8-4b72-bb5f-66a5695222df,GH3,sys_gh_rh,64.0000,normal,1.00,2025-02-20 00:00:00+00,2025-08-09 06:58:58.765837+00
1887,5c5bc271-66b8-4b72-bb5f-66a5695222df,GH3,sys_gh_rh,47.0000,normal,1.00,2025-02-21 00:00:00+00,2025-08-09 06:58:58.765837+00
1888,5c5bc271-66b8-4b72-bb5f-66a5695222df,GH3,sys_gh_rh,38.0000,normal,1.00,2025-02-22 00:00:00+00,2025-08-09 06:58:58.765837+00
1889,5c5bc271-66b8-4b72-bb5f-66a5695222df,GH3,sys_gh_rh,43.0000,normal,1.00,2025-02-24 00:00:00+00,2025-08-09 06:58:58.765837+00
1890,5c5bc271-66b8-4b72-bb5f-66a5695222df,GH3,sys_gh_rh,47.0000,normal,1.00,2025-02-25 00:00:00+00,2025-08-09 06:58:58.765837+00
1891,5c5bc271-66b8-4b72-bb5f-66a5695222df,GH3,sys_gh_rh,48.0000,normal,1.00,2025-02-26 00:00:00+00,2025-08-09 06:58:58.765837+00
1892,5c5bc271-66b8-4b72-bb5f-66a5695222df,GH3,sys_gh_rh,44.0000,normal,1.00,2025-02-27 00:00:00+00,2025-08-09 06:58:58.765837+00
1893,5c5bc271-66b8-4b72-bb5f-66a5695222df,GH3,sys_gh_rh,42.0000,normal,1.00,2025-02-28 00:00:00+00,2025-08-09 06:58:58.765837+00
1894,5c5bc271-66b8-4b72-bb5f-66a5695222df,GH3,sys_gh_rh,42.0000,normal,1.00,2025-03-01 00:00:00+00,2025-08-09 06:58:58.765837+00
1895,5c5bc271-66b8-4b72-bb5f-66a5695222df,GH3,sys_gh_rh,47.0000,normal,1.00,2025-03-02 00:00:00+00,2025-08-09 06:58:58.765837+00
1896,5c5bc271-66b8-4b72-bb5f-66a5695222df,GH3,sys_gh_rh,50.0000,normal,1.00,2025-03-03 00:00:00+00,2025-08-09 06:58:58.765837+00
1897,5c5bc271-66b8-4b72-bb5f-66a5695222df,GH3,sys_gh_rh,52.0000,normal,1.00,2025-03-04 00:00:00+00,2025-08-09 06:58:58.765837+00
1898,5c5bc271-66b8-4b72-bb5f-66a5695222df,GH3,sys_gh_rh,42.0000,normal,1.00,2025-03-05 00:00:00+00,2025-08-09 06:58:58.765837+00
1899,5c5bc271-66b8-4b72-bb5f-66a5695222df,GH3,sys_gh_rh,51.0000,normal,1.00,2025-03-06 00:00:00+00,2025-08-09 06:58:58.765837+00
1900,5c5bc271-66b8-4b72-bb5f-66a5695222df,GH3,sys_gh_rh,43.0000,normal,1.00,2025-03-07 00:00:00+00,2025-08-09 06:58:58.765837+00
1901,5c5bc271-66b8-4b72-bb5f-66a5695222df,GH3,sys_gh_rh,52.0000,normal,1.00,2025-03-08 00:00:00+00,2025-08-09 06:58:58.765837+00
1902,5c5bc271-66b8-4b72-bb5f-66a5695222df,GH3,sys_gh_rh,54.0000,normal,1.00,2025-03-09 00:00:00+00,2025-08-09 06:58:58.765837+00
1903,5c5bc271-66b8-4b72-bb5f-66a5695222df,GH3,sys_gh_rh,48.0000,normal,1.00,2025-03-10 00:00:00+00,2025-08-09 06:58:58.765837+00
1904,5c5bc271-66b8-4b72-bb5f-66a5695222df,GH3,sys_gh_rh,43.0000,normal,1.00,2025-03-11 00:00:00+00,2025-08-09 06:58:58.765837+00
1905,5c5bc271-66b8-4b72-bb5f-66a5695222df,GH3,sys_gh_rh,44.0000,normal,1.00,2025-03-12 00:00:00+00,2025-08-09 06:58:58.765837+00
1906,5c5bc271-66b8-4b72-bb5f-66a5695222df,GH3,sys_gh_rh,36.0000,normal,1.00,2025-03-13 00:00:00+00,2025-08-09 06:58:58.765837+00
1907,5c5bc271-66b8-4b72-bb5f-66a5695222df,GH3,sys_gh_rh,48.0000,normal,1.00,2025-03-14 00:00:00+00,2025-08-09 06:58:58.765837+00
1908,5c5bc271-66b8-4b72-bb5f-66a5695222df,GH3,sys_gh_rh,55.0000,normal,1.00,2025-03-15 00:00:00+00,2025-08-09 06:58:58.765837+00
1909,5c5bc271-66b8-4b72-bb5f-66a5695222df,GH3,sys_gh_rh,53.0000,normal,1.00,2025-03-16 00:00:00+00,2025-08-09 06:58:58.765837+00
1910,5c5bc271-66b8-4b72-bb5f-66a5695222df,GH3,sys_gh_rh,61.0000,normal,1.00,2025-03-17 00:00:00+00,2025-08-09 06:58:58.765837+00
1911,5c5bc271-66b8-4b72-bb5f-66a5695222df,GH3,sys_gh_rh,48.0000,normal,1.00,2025-03-18 00:00:00+00,2025-08-09 06:58:58.765837+00
1912,5c5bc271-66b8-4b72-bb5f-66a5695222df,GH3,sys_gh_rh,44.0000,normal,1.00,2025-03-19 00:00:00+00,2025-08-09 06:58:58.765837+00
1913,5c5bc271-66b8-4b72-bb5f-66a5695222df,GH3,sys_gh_rh,57.0000,normal,1.00,2025-03-20 00:00:00+00,2025-08-09 06:58:58.765837+00
1914,5c5bc271-66b8-4b72-bb5f-66a5695222df,GH3,sys_gh_rh,51.0000,normal,1.00,2025-03-21 00:00:00+00,2025-08-09 06:58:58.765837+00
1915,5c5bc271-66b8-4b72-bb5f-66a5695222df,GH3,sys_gh_rh,51.2000,normal,1.00,2025-03-22 00:00:00+00,2025-08-09 06:58:58.765837+00
1916,5c5bc271-66b8-4b72-bb5f-66a5695222df,GH3,sys_gh_rh,47.0000,normal,1.00,2025-03-23 00:00:00+00,2025-08-09 06:58:58.765837+00
1917,5c5bc271-66b8-4b72-bb5f-66a5695222df,GH3,sys_gh_rh,51.0000,normal,1.00,2025-03-24 00:00:00+00,2025-08-09 06:58:58.765837+00
1918,5c5bc271-66b8-4b72-bb5f-66a5695222df,GH3,sys_gh_rh,49.0000,normal,1.00,2025-03-25 00:00:00+00,2025-08-09 06:58:58.765837+00
1919,5c5bc271-66b8-4b72-bb5f-66a5695222df,GH3,sys_gh_rh,49.0000,normal,1.00,2025-03-26 00:00:00+00,2025-08-09 06:58:58.765837+00
1920,5c5bc271-66b8-4b72-bb5f-66a5695222df,GH3,sys_gh_rh,42.4000,normal,1.00,2025-03-27 00:00:00+00,2025-08-09 06:58:58.765837+00
1921,5c5bc271-66b8-4b72-bb5f-66a5695222df,GH3,sys_gh_rh,46.0000,normal,1.00,2025-03-28 00:00:00+00,2025-08-09 06:58:58.765837+00
1922,5c5bc271-66b8-4b72-bb5f-66a5695222df,GH3,sys_gh_rh,69.0000,normal,1.00,2025-03-29 00:00:00+00,2025-08-09 06:58:58.765837+00
1923,5c5bc271-66b8-4b72-bb5f-66a5695222df,GH3,sys_gh_rh,51.5000,normal,1.00,2025-03-30 00:00:00+00,2025-08-09 06:58:58.765837+00
1924,5c5bc271-66b8-4b72-bb5f-66a5695222df,GH3,sys_gh_rh,49.0000,normal,1.00,2025-03-31 00:00:00+00,2025-08-09 06:58:58.765837+00
1925,5c5bc271-66b8-4b72-bb5f-66a5695222df,GH3,sys_gh_rh,42.0000,normal,1.00,2025-04-01 00:00:00+00,2025-08-09 06:58:58.765837+00
1926,5c5bc271-66b8-4b72-bb5f-66a5695222df,GH3,sys_gh_rh,46.0000,normal,1.00,2025-04-02 00:00:00+00,2025-08-09 06:58:58.765837+00
1927,5c5bc271-66b8-4b72-bb5f-66a5695222df,GH3,sys_gh_rh,47.0000,normal,1.00,2025-04-03 00:00:00+00,2025-08-09 06:58:58.765837+00
1928,5c5bc271-66b8-4b72-bb5f-66a5695222df,GH3,sys_gh_rh,45.0000,normal,1.00,2025-04-04 00:00:00+00,2025-08-09 06:58:58.765837+00
1929,5c5bc271-66b8-4b72-bb5f-66a5695222df,GH3,sys_gh_rh,52.2500,normal,1.00,2025-04-05 00:00:00+00,2025-08-09 06:58:58.765837+00
1930,5c5bc271-66b8-4b72-bb5f-66a5695222df,GH3,sys_gh_rh,51.7500,normal,1.00,2025-04-06 00:00:00+00,2025-08-09 06:58:58.765837+00
1931,5c5bc271-66b8-4b72-bb5f-66a5695222df,GH3,sys_gh_rh,50.7500,normal,1.00,2025-04-07 00:00:00+00,2025-08-09 06:58:58.765837+00
1932,5c5bc271-66b8-4b72-bb5f-66a5695222df,GH3,sys_gh_rh,54.0000,normal,1.00,2025-04-08 00:00:00+00,2025-08-09 06:58:58.765837+00
1933,5c5bc271-66b8-4b72-bb5f-66a5695222df,GH3,sys_gh_rh,46.0000,normal,1.00,2025-04-09 00:00:00+00,2025-08-09 06:58:58.765837+00
1934,5c5bc271-66b8-4b72-bb5f-66a5695222df,GH3,sys_gh_rh,46.2000,normal,1.00,2025-04-10 00:00:00+00,2025-08-09 06:58:58.765837+00
1935,5c5bc271-66b8-4b72-bb5f-66a5695222df,GH3,sys_gh_rh,46.0000,normal,1.00,2025-04-11 00:00:00+00,2025-08-09 06:58:58.765837+00
1936,5c5bc271-66b8-4b72-bb5f-66a5695222df,GH3,sys_gh_rh,37.4000,normal,1.00,2025-04-12 00:00:00+00,2025-08-09 06:58:58.765837+00
1937,5c5bc271-66b8-4b72-bb5f-66a5695222df,GH3,sys_gh_rh,38.0000,normal,1.00,2025-04-13 00:00:00+00,2025-08-09 06:58:58.765837+00
1938,5c5bc271-66b8-4b72-bb5f-66a5695222df,GH3,fwater_ec,0.1750,normal,1.00,2024-12-30 00:00:00+00,2025-08-09 06:58:58.765837+00
1939,5c5bc271-66b8-4b72-bb5f-66a5695222df,GH3,fwater_ec,0.1820,normal,1.00,2024-12-31 00:00:00+00,2025-08-09 06:58:58.765837+00
1940,5c5bc271-66b8-4b72-bb5f-66a5695222df,GH3,fwater_ec,0.1670,normal,1.00,2025-01-01 00:00:00+00,2025-08-09 06:58:58.765837+00
1941,5c5bc271-66b8-4b72-bb5f-66a5695222df,GH3,fwater_ec,0.1730,normal,1.00,2025-01-02 00:00:00+00,2025-08-09 06:58:58.765837+00
1942,5c5bc271-66b8-4b72-bb5f-66a5695222df,GH3,fwater_ec,0.1850,normal,1.00,2025-01-03 00:00:00+00,2025-08-09 06:58:58.765837+00
1943,5c5bc271-66b8-4b72-bb5f-66a5695222df,GH3,fwater_ec,0.1740,normal,1.00,2025-01-04 00:00:00+00,2025-08-09 06:58:58.765837+00
1944,5c5bc271-66b8-4b72-bb5f-66a5695222df,GH3,fwater_ec,1.7040,normal,1.00,2025-01-06 00:00:00+00,2025-08-09 06:58:58.765837+00
1945,5c5bc271-66b8-4b72-bb5f-66a5695222df,GH3,fwater_ec,1.5840,normal,1.00,2025-01-07 00:00:00+00,2025-08-09 06:58:58.765837+00
1946,5c5bc271-66b8-4b72-bb5f-66a5695222df,GH3,fwater_ec,1.6020,normal,1.00,2025-01-08 00:00:00+00,2025-08-09 06:58:58.765837+00
1947,5c5bc271-66b8-4b72-bb5f-66a5695222df,GH3,fwater_ec,1.6720,normal,1.00,2025-01-09 00:00:00+00,2025-08-09 06:58:58.765837+00
1948,5c5bc271-66b8-4b72-bb5f-66a5695222df,GH3,fwater_ec,1.6380,normal,1.00,2025-01-10 00:00:00+00,2025-08-09 06:58:58.765837+00
1949,5c5bc271-66b8-4b72-bb5f-66a5695222df,GH3,fwater_ec,0.1650,normal,1.00,2025-01-11 00:00:00+00,2025-08-09 06:58:58.765837+00
1950,5c5bc271-66b8-4b72-bb5f-66a5695222df,GH3,fwater_ec,1.5080,normal,1.00,2025-01-12 00:00:00+00,2025-08-09 06:58:58.765837+00
1951,5c5bc271-66b8-4b72-bb5f-66a5695222df,GH3,fwater_ec,0.1590,normal,1.00,2025-01-13 00:00:00+00,2025-08-09 06:58:58.765837+00
1952,5c5bc271-66b8-4b72-bb5f-66a5695222df,GH3,fwater_ec,0.1570,normal,1.00,2025-01-14 00:00:00+00,2025-08-09 06:58:58.765837+00
1953,5c5bc271-66b8-4b72-bb5f-66a5695222df,GH3,fwater_ec,0.1610,normal,1.00,2025-01-15 00:00:00+00,2025-08-09 06:58:58.765837+00
1954,5c5bc271-66b8-4b72-bb5f-66a5695222df,GH3,fwater_ec,0.1630,normal,1.00,2025-01-16 00:00:00+00,2025-08-09 06:58:58.765837+00
1955,5c5bc271-66b8-4b72-bb5f-66a5695222df,GH3,fwater_ec,0.1610,normal,1.00,2025-01-17 00:00:00+00,2025-08-09 06:58:58.765837+00
1956,5c5bc271-66b8-4b72-bb5f-66a5695222df,GH3,fwater_ec,0.1730,normal,1.00,2025-01-18 00:00:00+00,2025-08-09 06:58:58.765837+00
1957,5c5bc271-66b8-4b72-bb5f-66a5695222df,GH3,fwater_ec,0.1640,normal,1.00,2025-01-19 00:00:00+00,2025-08-09 06:58:58.765837+00
1958,5c5bc271-66b8-4b72-bb5f-66a5695222df,GH3,fwater_ec,0.1590,normal,1.00,2025-01-20 00:00:00+00,2025-08-09 06:58:58.765837+00
1959,5c5bc271-66b8-4b72-bb5f-66a5695222df,GH3,fwater_ec,0.1610,normal,1.00,2025-01-21 00:00:00+00,2025-08-09 06:58:58.765837+00
1960,5c5bc271-66b8-4b72-bb5f-66a5695222df,GH3,fwater_ec,0.1620,normal,1.00,2025-01-22 00:00:00+00,2025-08-09 06:58:58.765837+00
1961,5c5bc271-66b8-4b72-bb5f-66a5695222df,GH3,fwater_ec,0.1550,normal,1.00,2025-01-23 00:00:00+00,2025-08-09 06:58:58.765837+00
1962,5c5bc271-66b8-4b72-bb5f-66a5695222df,GH3,fwater_ec,0.1660,normal,1.00,2025-01-24 00:00:00+00,2025-08-09 06:58:58.765837+00
1963,5c5bc271-66b8-4b72-bb5f-66a5695222df,GH3,fwater_ec,0.1560,normal,1.00,2025-01-27 00:00:00+00,2025-08-09 06:58:58.765837+00
1964,5c5bc271-66b8-4b72-bb5f-66a5695222df,GH3,fwater_ec,0.1620,normal,1.00,2025-01-28 00:00:00+00,2025-08-09 06:58:58.765837+00
1965,5c5bc271-66b8-4b72-bb5f-66a5695222df,GH3,fwater_ec,0.1650,normal,1.00,2025-01-29 00:00:00+00,2025-08-09 06:58:58.765837+00
1966,5c5bc271-66b8-4b72-bb5f-66a5695222df,GH3,fwater_ec,0.1540,normal,1.00,2025-01-30 00:00:00+00,2025-08-09 06:58:58.765837+00
1967,5c5bc271-66b8-4b72-bb5f-66a5695222df,GH3,fwater_ec,0.1570,normal,1.00,2025-01-31 00:00:00+00,2025-08-09 06:58:58.765837+00
1968,5c5bc271-66b8-4b72-bb5f-66a5695222df,GH3,fwater_ec,0.1540,normal,1.00,2025-02-01 00:00:00+00,2025-08-09 06:58:58.765837+00
1969,5c5bc271-66b8-4b72-bb5f-66a5695222df,GH3,fwater_ec,0.1580,normal,1.00,2025-02-02 00:00:00+00,2025-08-09 06:58:58.765837+00
1970,5c5bc271-66b8-4b72-bb5f-66a5695222df,GH3,fwater_ec,0.1620,normal,1.00,2025-02-03 00:00:00+00,2025-08-09 06:58:58.765837+00
1971,5c5bc271-66b8-4b72-bb5f-66a5695222df,GH3,fwater_ec,0.1600,normal,1.00,2025-02-04 00:00:00+00,2025-08-09 06:58:58.765837+00
1972,5c5bc271-66b8-4b72-bb5f-66a5695222df,GH3,fwater_ec,0.1610,normal,1.00,2025-02-05 00:00:00+00,2025-08-09 06:58:58.765837+00
1973,5c5bc271-66b8-4b72-bb5f-66a5695222df,GH3,fwater_ec,0.1620,normal,1.00,2025-02-06 00:00:00+00,2025-08-09 06:58:58.765837+00
1974,5c5bc271-66b8-4b72-bb5f-66a5695222df,GH3,fwater_ec,0.1610,normal,1.00,2025-02-07 00:00:00+00,2025-08-09 06:58:58.765837+00
1975,5c5bc271-66b8-4b72-bb5f-66a5695222df,GH3,fwater_ec,0.1610,normal,1.00,2025-02-08 00:00:00+00,2025-08-09 06:58:58.765837+00
1976,5c5bc271-66b8-4b72-bb5f-66a5695222df,GH3,fwater_ec,0.1620,normal,1.00,2025-02-10 00:00:00+00,2025-08-09 06:58:58.765837+00
1977,5c5bc271-66b8-4b72-bb5f-66a5695222df,GH3,fwater_ec,0.1610,normal,1.00,2025-02-11 00:00:00+00,2025-08-09 06:58:58.765837+00
1978,5c5bc271-66b8-4b72-bb5f-66a5695222df,GH3,fwater_ec,0.1590,normal,1.00,2025-02-12 00:00:00+00,2025-08-09 06:58:58.765837+00
1979,5c5bc271-66b8-4b72-bb5f-66a5695222df,GH3,fwater_ec,0.1550,normal,1.00,2025-02-13 00:00:00+00,2025-08-09 06:58:58.765837+00
1980,5c5bc271-66b8-4b72-bb5f-66a5695222df,GH3,fwater_ec,0.1600,normal,1.00,2025-02-14 00:00:00+00,2025-08-09 06:58:58.765837+00
1981,5c5bc271-66b8-4b72-bb5f-66a5695222df,GH3,fwater_ec,0.1584,normal,1.00,2025-02-15 00:00:00+00,2025-08-09 06:58:58.765837+00
1982,5c5bc271-66b8-4b72-bb5f-66a5695222df,GH3,fwater_ec,0.1610,normal,1.00,2025-02-17 00:00:00+00,2025-08-09 06:58:58.765837+00
1983,5c5bc271-66b8-4b72-bb5f-66a5695222df,GH3,fwater_ec,0.1660,normal,1.00,2025-02-18 00:00:00+00,2025-08-09 06:58:58.765837+00
1984,5c5bc271-66b8-4b72-bb5f-66a5695222df,GH3,fwater_ec,0.1650,normal,1.00,2025-02-19 00:00:00+00,2025-08-09 06:58:58.765837+00
1985,5c5bc271-66b8-4b72-bb5f-66a5695222df,GH3,fwater_ec,0.1620,normal,1.00,2025-02-20 00:00:00+00,2025-08-09 06:58:58.765837+00
1986,5c5bc271-66b8-4b72-bb5f-66a5695222df,GH3,fwater_ec,0.1640,normal,1.00,2025-02-21 00:00:00+00,2025-08-09 06:58:58.765837+00
1987,5c5bc271-66b8-4b72-bb5f-66a5695222df,GH3,fwater_ec,0.1630,normal,1.00,2025-02-24 00:00:00+00,2025-08-09 06:58:58.765837+00
1988,5c5bc271-66b8-4b72-bb5f-66a5695222df,GH3,fwater_ec,0.1620,normal,1.00,2025-02-25 00:00:00+00,2025-08-09 06:58:58.765837+00
1989,5c5bc271-66b8-4b72-bb5f-66a5695222df,GH3,fwater_ec,0.1610,normal,1.00,2025-02-26 00:00:00+00,2025-08-09 06:58:58.765837+00
1990,5c5bc271-66b8-4b72-bb5f-66a5695222df,GH3,fwater_ec,0.1590,normal,1.00,2025-02-27 00:00:00+00,2025-08-09 06:58:58.765837+00
1991,5c5bc271-66b8-4b72-bb5f-66a5695222df,GH3,fwater_ec,0.1650,normal,1.00,2025-02-28 00:00:00+00,2025-08-09 06:58:58.765837+00
1992,5c5bc271-66b8-4b72-bb5f-66a5695222df,GH3,fwater_ec,0.1650,normal,1.00,2025-03-01 00:00:00+00,2025-08-09 06:58:58.765837+00
1993,5c5bc271-66b8-4b72-bb5f-66a5695222df,GH3,fwater_ec,0.1410,normal,1.00,2025-03-02 00:00:00+00,2025-08-09 06:58:58.765837+00
1994,5c5bc271-66b8-4b72-bb5f-66a5695222df,GH3,fwater_ec,0.1440,normal,1.00,2025-03-03 00:00:00+00,2025-08-09 06:58:58.765837+00
1995,5c5bc271-66b8-4b72-bb5f-66a5695222df,GH3,fwater_ec,0.1410,normal,1.00,2025-03-04 00:00:00+00,2025-08-09 06:58:58.765837+00
1996,5c5bc271-66b8-4b72-bb5f-66a5695222df,GH3,fwater_ec,0.1480,normal,1.00,2025-03-05 00:00:00+00,2025-08-09 06:58:58.765837+00
1997,5c5bc271-66b8-4b72-bb5f-66a5695222df,GH3,fwater_ec,0.1460,normal,1.00,2025-03-06 00:00:00+00,2025-08-09 06:58:58.765837+00
1998,5c5bc271-66b8-4b72-bb5f-66a5695222df,GH3,fwater_ec,0.1470,normal,1.00,2025-03-07 00:00:00+00,2025-08-09 06:58:58.765837+00
1999,5c5bc271-66b8-4b72-bb5f-66a5695222df,GH3,fwater_ec,0.1510,normal,1.00,2025-03-08 00:00:00+00,2025-08-09 06:58:58.765837+00
2000,5c5bc271-66b8-4b72-bb5f-66a5695222df,GH3,fwater_ec,0.1300,normal,1.00,2025-03-09 00:00:00+00,2025-08-09 06:58:58.765837+00
2001,5c5bc271-66b8-4b72-bb5f-66a5695222df,GH3,fwater_ec,0.1500,normal,1.00,2025-03-10 00:00:00+00,2025-08-09 06:58:58.765837+00
2002,5c5bc271-66b8-4b72-bb5f-66a5695222df,GH3,fwater_ec,0.1580,normal,1.00,2025-03-11 00:00:00+00,2025-08-09 06:58:58.765837+00
2003,5c5bc271-66b8-4b72-bb5f-66a5695222df,GH3,fwater_ec,0.1560,normal,1.00,2025-03-12 00:00:00+00,2025-08-09 06:58:58.765837+00
2004,5c5bc271-66b8-4b72-bb5f-66a5695222df,GH3,fwater_ec,0.1550,normal,1.00,2025-03-13 00:00:00+00,2025-08-09 06:58:58.765837+00
2005,5c5bc271-66b8-4b72-bb5f-66a5695222df,GH3,fwater_ec,0.1520,normal,1.00,2025-03-14 00:00:00+00,2025-08-09 06:58:58.765837+00
2006,5c5bc271-66b8-4b72-bb5f-66a5695222df,GH3,fwater_ec,0.1470,normal,1.00,2025-03-15 00:00:00+00,2025-08-09 06:58:58.765837+00
2007,5c5bc271-66b8-4b72-bb5f-66a5695222df,GH3,fwater_ec,0.1390,normal,1.00,2025-03-16 00:00:00+00,2025-08-09 06:58:58.765837+00
2008,5c5bc271-66b8-4b72-bb5f-66a5695222df,GH3,fwater_ec,0.1450,normal,1.00,2025-03-17 00:00:00+00,2025-08-09 06:58:58.765837+00
2009,5c5bc271-66b8-4b72-bb5f-66a5695222df,GH3,fwater_ec,0.1420,normal,1.00,2025-03-18 00:00:00+00,2025-08-09 06:58:58.765837+00
2010,5c5bc271-66b8-4b72-bb5f-66a5695222df,GH3,fwater_ec,0.1460,normal,1.00,2025-03-19 00:00:00+00,2025-08-09 06:58:58.765837+00
2011,5c5bc271-66b8-4b72-bb5f-66a5695222df,GH3,fwater_ec,0.1490,normal,1.00,2025-03-20 00:00:00+00,2025-08-09 06:58:58.765837+00
2012,5c5bc271-66b8-4b72-bb5f-66a5695222df,GH3,fwater_ec,0.1420,normal,1.00,2025-03-21 00:00:00+00,2025-08-09 06:58:58.765837+00
2013,5c5bc271-66b8-4b72-bb5f-66a5695222df,GH3,fwater_ec,0.1470,normal,1.00,2025-03-22 00:00:00+00,2025-08-09 06:58:58.765837+00
2014,5c5bc271-66b8-4b72-bb5f-66a5695222df,GH3,fwater_ec,0.1366,normal,1.00,2025-03-23 00:00:00+00,2025-08-09 06:58:58.765837+00
2015,5c5bc271-66b8-4b72-bb5f-66a5695222df,GH3,fwater_ec,0.1340,normal,1.00,2025-03-24 00:00:00+00,2025-08-09 06:58:58.765837+00
2016,5c5bc271-66b8-4b72-bb5f-66a5695222df,GH3,fwater_ec,0.1390,normal,1.00,2025-03-25 00:00:00+00,2025-08-09 06:58:58.765837+00
2017,5c5bc271-66b8-4b72-bb5f-66a5695222df,GH3,fwater_ec,0.1380,normal,1.00,2025-03-26 00:00:00+00,2025-08-09 06:58:58.765837+00
2018,5c5bc271-66b8-4b72-bb5f-66a5695222df,GH3,fwater_ec,0.1370,normal,1.00,2025-03-27 00:00:00+00,2025-08-09 06:58:58.765837+00
2019,5c5bc271-66b8-4b72-bb5f-66a5695222df,GH3,fwater_ec,0.1420,normal,1.00,2025-03-28 00:00:00+00,2025-08-09 06:58:58.765837+00
2020,5c5bc271-66b8-4b72-bb5f-66a5695222df,GH3,fwater_ec,0.1400,normal,1.00,2025-03-29 00:00:00+00,2025-08-09 06:58:58.765837+00
2021,5c5bc271-66b8-4b72-bb5f-66a5695222df,GH3,fwater_ec,0.1360,normal,1.00,2025-03-30 00:00:00+00,2025-08-09 06:58:58.765837+00
2022,5c5bc271-66b8-4b72-bb5f-66a5695222df,GH3,fwater_ec,0.1430,normal,1.00,2025-03-31 00:00:00+00,2025-08-09 06:58:58.765837+00
2023,5c5bc271-66b8-4b72-bb5f-66a5695222df,GH3,fwater_ec,0.1400,normal,1.00,2025-04-01 00:00:00+00,2025-08-09 06:58:58.765837+00
2024,5c5bc271-66b8-4b72-bb5f-66a5695222df,GH3,fwater_ec,0.1400,normal,1.00,2025-04-02 00:00:00+00,2025-08-09 06:58:58.765837+00
2025,5c5bc271-66b8-4b72-bb5f-66a5695222df,GH3,fwater_ec,0.1330,normal,1.00,2025-04-03 00:00:00+00,2025-08-09 06:58:58.765837+00
2026,5c5bc271-66b8-4b72-bb5f-66a5695222df,GH3,fwater_ec,0.1370,normal,1.00,2025-04-04 00:00:00+00,2025-08-09 06:58:58.765837+00
2027,5c5bc271-66b8-4b72-bb5f-66a5695222df,GH3,fwater_ec,0.1510,normal,1.00,2025-04-05 00:00:00+00,2025-08-09 06:58:58.765837+00
2028,5c5bc271-66b8-4b72-bb5f-66a5695222df,GH3,fwater_ec,0.1400,normal,1.00,2025-04-06 00:00:00+00,2025-08-09 06:58:58.765837+00
2029,5c5bc271-66b8-4b72-bb5f-66a5695222df,GH3,fwater_ec,0.1400,normal,1.00,2025-04-07 00:00:00+00,2025-08-09 06:58:58.765837+00
2030,5c5bc271-66b8-4b72-bb5f-66a5695222df,GH3,fwater_ec,0.1460,normal,1.00,2025-04-08 00:00:00+00,2025-08-09 06:58:58.765837+00
2031,5c5bc271-66b8-4b72-bb5f-66a5695222df,GH3,fwater_ec,0.1570,normal,1.00,2025-04-09 00:00:00+00,2025-08-09 06:58:58.765837+00
2032,5c5bc271-66b8-4b72-bb5f-66a5695222df,GH3,fwater_ec,0.1450,normal,1.00,2025-04-10 00:00:00+00,2025-08-09 06:58:58.765837+00
2033,5c5bc271-66b8-4b72-bb5f-66a5695222df,GH3,fwater_ec,0.1430,normal,1.00,2025-04-11 00:00:00+00,2025-08-09 06:58:58.765837+00
2034,5c5bc271-66b8-4b72-bb5f-66a5695222df,GH3,fwater_ec,0.1540,normal,1.00,2025-04-12 00:00:00+00,2025-08-09 06:58:58.765837+00
2035,5c5bc271-66b8-4b72-bb5f-66a5695222df,GH3,fwater_ec,0.1350,normal,1.00,2025-04-13 00:00:00+00,2025-08-09 06:58:58.765837+00
2036,5c5bc271-66b8-4b72-bb5f-66a5695222df,GH3,fwater_ph,6.8000,normal,1.00,2024-12-30 00:00:00+00,2025-08-09 06:58:58.765837+00
2037,5c5bc271-66b8-4b72-bb5f-66a5695222df,GH3,fwater_ph,7.0000,normal,1.00,2024-12-31 00:00:00+00,2025-08-09 06:58:58.765837+00
2038,5c5bc271-66b8-4b72-bb5f-66a5695222df,GH3,fwater_ph,7.1000,normal,1.00,2025-01-01 00:00:00+00,2025-08-09 06:58:58.765837+00
2039,5c5bc271-66b8-4b72-bb5f-66a5695222df,GH3,fwater_ph,7.1000,normal,1.00,2025-01-02 00:00:00+00,2025-08-09 06:58:58.765837+00
2040,5c5bc271-66b8-4b72-bb5f-66a5695222df,GH3,fwater_ph,7.0000,normal,1.00,2025-01-03 00:00:00+00,2025-08-09 06:58:58.765837+00
2041,5c5bc271-66b8-4b72-bb5f-66a5695222df,GH3,fwater_ph,7.1000,normal,1.00,2025-01-04 00:00:00+00,2025-08-09 06:58:58.765837+00
2042,5c5bc271-66b8-4b72-bb5f-66a5695222df,GH3,fwater_ph,6.8000,normal,1.00,2025-01-06 00:00:00+00,2025-08-09 06:58:58.765837+00
2043,5c5bc271-66b8-4b72-bb5f-66a5695222df,GH3,fwater_ph,6.8000,normal,1.00,2025-01-07 00:00:00+00,2025-08-09 06:58:58.765837+00
2044,5c5bc271-66b8-4b72-bb5f-66a5695222df,GH3,fwater_ph,6.6000,normal,1.00,2025-01-08 00:00:00+00,2025-08-09 06:58:58.765837+00
2045,5c5bc271-66b8-4b72-bb5f-66a5695222df,GH3,fwater_ph,6.7000,normal,1.00,2025-01-09 00:00:00+00,2025-08-09 06:58:58.765837+00
2046,5c5bc271-66b8-4b72-bb5f-66a5695222df,GH3,fwater_ph,6.5000,normal,1.00,2025-01-10 00:00:00+00,2025-08-09 06:58:58.765837+00
2047,5c5bc271-66b8-4b72-bb5f-66a5695222df,GH3,fwater_ph,6.1000,normal,1.00,2025-01-11 00:00:00+00,2025-08-09 06:58:58.765837+00
2048,5c5bc271-66b8-4b72-bb5f-66a5695222df,GH3,fwater_ph,6.3000,normal,1.00,2025-01-12 00:00:00+00,2025-08-09 06:58:58.765837+00
2049,5c5bc271-66b8-4b72-bb5f-66a5695222df,GH3,fwater_ph,6.5000,normal,1.00,2025-01-13 00:00:00+00,2025-08-09 06:58:58.765837+00
2050,5c5bc271-66b8-4b72-bb5f-66a5695222df,GH3,fwater_ph,6.6000,normal,1.00,2025-01-14 00:00:00+00,2025-08-09 06:58:58.765837+00
2051,5c5bc271-66b8-4b72-bb5f-66a5695222df,GH3,fwater_ph,6.5000,normal,1.00,2025-01-15 00:00:00+00,2025-08-09 06:58:58.765837+00
2052,5c5bc271-66b8-4b72-bb5f-66a5695222df,GH3,fwater_ph,6.5000,normal,1.00,2025-01-16 00:00:00+00,2025-08-09 06:58:58.765837+00
2053,5c5bc271-66b8-4b72-bb5f-66a5695222df,GH3,fwater_ph,6.4000,normal,1.00,2025-01-17 00:00:00+00,2025-08-09 06:58:58.765837+00
2054,5c5bc271-66b8-4b72-bb5f-66a5695222df,GH3,fwater_ph,6.6000,normal,1.00,2025-01-18 00:00:00+00,2025-08-09 06:58:58.765837+00
2055,5c5bc271-66b8-4b72-bb5f-66a5695222df,GH3,fwater_ph,6.6000,normal,1.00,2025-01-19 00:00:00+00,2025-08-09 06:58:58.765837+00
2056,5c5bc271-66b8-4b72-bb5f-66a5695222df,GH3,fwater_ph,6.9000,normal,1.00,2025-01-20 00:00:00+00,2025-08-09 06:58:58.765837+00
2057,5c5bc271-66b8-4b72-bb5f-66a5695222df,GH3,fwater_ph,6.5000,normal,1.00,2025-01-21 00:00:00+00,2025-08-09 06:58:58.765837+00
2058,5c5bc271-66b8-4b72-bb5f-66a5695222df,GH3,fwater_ph,6.4000,normal,1.00,2025-01-22 00:00:00+00,2025-08-09 06:58:58.765837+00
2059,5c5bc271-66b8-4b72-bb5f-66a5695222df,GH3,fwater_ph,6.6000,normal,1.00,2025-01-23 00:00:00+00,2025-08-09 06:58:58.765837+00
2060,5c5bc271-66b8-4b72-bb5f-66a5695222df,GH3,fwater_ph,6.7000,normal,1.00,2025-01-24 00:00:00+00,2025-08-09 06:58:58.765837+00
2061,5c5bc271-66b8-4b72-bb5f-66a5695222df,GH3,fwater_ph,6.7000,normal,1.00,2025-01-27 00:00:00+00,2025-08-09 06:58:58.765837+00
2062,5c5bc271-66b8-4b72-bb5f-66a5695222df,GH3,fwater_ph,6.7000,normal,1.00,2025-01-28 00:00:00+00,2025-08-09 06:58:58.765837+00
2063,5c5bc271-66b8-4b72-bb5f-66a5695222df,GH3,fwater_ph,6.6000,normal,1.00,2025-01-29 00:00:00+00,2025-08-09 06:58:58.765837+00
2064,5c5bc271-66b8-4b72-bb5f-66a5695222df,GH3,fwater_ph,6.5000,normal,1.00,2025-01-30 00:00:00+00,2025-08-09 06:58:58.765837+00
2065,5c5bc271-66b8-4b72-bb5f-66a5695222df,GH3,fwater_ph,6.4000,normal,1.00,2025-01-31 00:00:00+00,2025-08-09 06:58:58.765837+00
2066,5c5bc271-66b8-4b72-bb5f-66a5695222df,GH3,fwater_ph,6.3000,normal,1.00,2025-02-01 00:00:00+00,2025-08-09 06:58:58.765837+00
2067,5c5bc271-66b8-4b72-bb5f-66a5695222df,GH3,fwater_ph,7.0000,normal,1.00,2025-02-02 00:00:00+00,2025-08-09 06:58:58.765837+00
2068,5c5bc271-66b8-4b72-bb5f-66a5695222df,GH3,fwater_ph,6.7000,normal,1.00,2025-02-03 00:00:00+00,2025-08-09 06:58:58.765837+00
2069,5c5bc271-66b8-4b72-bb5f-66a5695222df,GH3,fwater_ph,6.4000,normal,1.00,2025-02-04 00:00:00+00,2025-08-09 06:58:58.765837+00
2070,5c5bc271-66b8-4b72-bb5f-66a5695222df,GH3,fwater_ph,6.3000,normal,1.00,2025-02-05 00:00:00+00,2025-08-09 06:58:58.765837+00
2071,5c5bc271-66b8-4b72-bb5f-66a5695222df,GH3,fwater_ph,6.5000,normal,1.00,2025-02-06 00:00:00+00,2025-08-09 06:58:58.765837+00
2072,5c5bc271-66b8-4b72-bb5f-66a5695222df,GH3,fwater_ph,6.6000,normal,1.00,2025-02-07 00:00:00+00,2025-08-09 06:58:58.765837+00
2073,5c5bc271-66b8-4b72-bb5f-66a5695222df,GH3,fwater_ph,6.6000,normal,1.00,2025-02-08 00:00:00+00,2025-08-09 06:58:58.765837+00
2074,5c5bc271-66b8-4b72-bb5f-66a5695222df,GH3,fwater_ph,6.5000,normal,1.00,2025-02-10 00:00:00+00,2025-08-09 06:58:58.765837+00
2075,5c5bc271-66b8-4b72-bb5f-66a5695222df,GH3,fwater_ph,6.6000,normal,1.00,2025-02-11 00:00:00+00,2025-08-09 06:58:58.765837+00
2076,5c5bc271-66b8-4b72-bb5f-66a5695222df,GH3,fwater_ph,6.7000,normal,1.00,2025-02-12 00:00:00+00,2025-08-09 06:58:58.765837+00
2077,5c5bc271-66b8-4b72-bb5f-66a5695222df,GH3,fwater_ph,6.5400,normal,1.00,2025-02-13 00:00:00+00,2025-08-09 06:58:58.765837+00
2078,5c5bc271-66b8-4b72-bb5f-66a5695222df,GH3,fwater_ph,6.4000,normal,1.00,2025-02-14 00:00:00+00,2025-08-09 06:58:58.765837+00
2079,5c5bc271-66b8-4b72-bb5f-66a5695222df,GH3,fwater_ph,6.8800,normal,1.00,2025-02-15 00:00:00+00,2025-08-09 06:58:58.765837+00
2080,5c5bc271-66b8-4b72-bb5f-66a5695222df,GH3,fwater_ph,6.7600,normal,1.00,2025-02-17 00:00:00+00,2025-08-09 06:58:58.765837+00
2081,5c5bc271-66b8-4b72-bb5f-66a5695222df,GH3,fwater_ph,6.6400,normal,1.00,2025-02-18 00:00:00+00,2025-08-09 06:58:58.765837+00
2082,5c5bc271-66b8-4b72-bb5f-66a5695222df,GH3,fwater_ph,6.5400,normal,1.00,2025-02-19 00:00:00+00,2025-08-09 06:58:58.765837+00
2083,5c5bc271-66b8-4b72-bb5f-66a5695222df,GH3,fwater_ph,6.8000,normal,1.00,2025-02-20 00:00:00+00,2025-08-09 06:58:58.765837+00
2084,5c5bc271-66b8-4b72-bb5f-66a5695222df,GH3,fwater_ph,6.7000,normal,1.00,2025-02-21 00:00:00+00,2025-08-09 06:58:58.765837+00
2085,5c5bc271-66b8-4b72-bb5f-66a5695222df,GH3,fwater_ph,6.5400,normal,1.00,2025-02-24 00:00:00+00,2025-08-09 06:58:58.765837+00
2086,5c5bc271-66b8-4b72-bb5f-66a5695222df,GH3,fwater_ph,6.4000,normal,1.00,2025-02-25 00:00:00+00,2025-08-09 06:58:58.765837+00
2087,5c5bc271-66b8-4b72-bb5f-66a5695222df,GH3,fwater_ph,6.3000,normal,1.00,2025-02-26 00:00:00+00,2025-08-09 06:58:58.765837+00
2088,5c5bc271-66b8-4b72-bb5f-66a5695222df,GH3,fwater_ph,6.4000,normal,1.00,2025-02-27 00:00:00+00,2025-08-09 06:58:58.765837+00
2089,5c5bc271-66b8-4b72-bb5f-66a5695222df,GH3,fwater_ph,6.6600,normal,1.00,2025-02-28 00:00:00+00,2025-08-09 06:58:58.765837+00
2090,5c5bc271-66b8-4b72-bb5f-66a5695222df,GH3,fwater_ph,6.3000,normal,1.00,2025-03-01 00:00:00+00,2025-08-09 06:58:58.765837+00
2091,5c5bc271-66b8-4b72-bb5f-66a5695222df,GH3,fwater_ph,6.3000,normal,1.00,2025-03-02 00:00:00+00,2025-08-09 06:58:58.765837+00
2092,5c5bc271-66b8-4b72-bb5f-66a5695222df,GH3,fwater_ph,6.5000,normal,1.00,2025-03-03 00:00:00+00,2025-08-09 06:58:58.765837+00
2093,5c5bc271-66b8-4b72-bb5f-66a5695222df,GH3,fwater_ph,6.3000,normal,1.00,2025-03-04 00:00:00+00,2025-08-09 06:58:58.765837+00
2094,5c5bc271-66b8-4b72-bb5f-66a5695222df,GH3,fwater_ph,6.2000,normal,1.00,2025-03-05 00:00:00+00,2025-08-09 06:58:58.765837+00
2095,5c5bc271-66b8-4b72-bb5f-66a5695222df,GH3,fwater_ph,6.3000,normal,1.00,2025-03-06 00:00:00+00,2025-08-09 06:58:58.765837+00
2096,5c5bc271-66b8-4b72-bb5f-66a5695222df,GH3,fwater_ph,6.5000,normal,1.00,2025-03-07 00:00:00+00,2025-08-09 06:58:58.765837+00
2097,5c5bc271-66b8-4b72-bb5f-66a5695222df,GH3,fwater_ph,6.3000,normal,1.00,2025-03-08 00:00:00+00,2025-08-09 06:58:58.765837+00
2098,5c5bc271-66b8-4b72-bb5f-66a5695222df,GH3,fwater_ph,6.5000,normal,1.00,2025-03-09 00:00:00+00,2025-08-09 06:58:58.765837+00
2099,5c5bc271-66b8-4b72-bb5f-66a5695222df,GH3,fwater_ph,6.3000,normal,1.00,2025-03-10 00:00:00+00,2025-08-09 06:58:58.765837+00
2100,5c5bc271-66b8-4b72-bb5f-66a5695222df,GH3,fwater_ph,6.2500,normal,1.00,2025-03-11 00:00:00+00,2025-08-09 06:58:58.765837+00
2101,5c5bc271-66b8-4b72-bb5f-66a5695222df,GH3,fwater_ph,6.3000,normal,1.00,2025-03-12 00:00:00+00,2025-08-09 06:58:58.765837+00
2102,5c5bc271-66b8-4b72-bb5f-66a5695222df,GH3,fwater_ph,6.5300,normal,1.00,2025-03-13 00:00:00+00,2025-08-09 06:58:58.765837+00
2103,5c5bc271-66b8-4b72-bb5f-66a5695222df,GH3,fwater_ph,5.4000,normal,1.00,2025-03-14 00:00:00+00,2025-08-09 06:58:58.765837+00
2104,5c5bc271-66b8-4b72-bb5f-66a5695222df,GH3,fwater_ph,6.6000,normal,1.00,2025-03-15 00:00:00+00,2025-08-09 06:58:58.765837+00
2105,5c5bc271-66b8-4b72-bb5f-66a5695222df,GH3,fwater_ph,6.6000,normal,1.00,2025-03-16 00:00:00+00,2025-08-09 06:58:58.765837+00
2106,5c5bc271-66b8-4b72-bb5f-66a5695222df,GH3,fwater_ph,6.4000,normal,1.00,2025-03-17 00:00:00+00,2025-08-09 06:58:58.765837+00
2107,5c5bc271-66b8-4b72-bb5f-66a5695222df,GH3,fwater_ph,6.3000,normal,1.00,2025-03-18 00:00:00+00,2025-08-09 06:58:58.765837+00
2108,5c5bc271-66b8-4b72-bb5f-66a5695222df,GH3,fwater_ph,6.7000,normal,1.00,2025-03-19 00:00:00+00,2025-08-09 06:58:58.765837+00
2109,5c5bc271-66b8-4b72-bb5f-66a5695222df,GH3,fwater_ph,6.5000,normal,1.00,2025-03-20 00:00:00+00,2025-08-09 06:58:58.765837+00
2110,5c5bc271-66b8-4b72-bb5f-66a5695222df,GH3,fwater_ph,6.5000,normal,1.00,2025-03-21 00:00:00+00,2025-08-09 06:58:58.765837+00
2111,5c5bc271-66b8-4b72-bb5f-66a5695222df,GH3,fwater_ph,6.5800,normal,1.00,2025-03-22 00:00:00+00,2025-08-09 06:58:58.765837+00
2112,5c5bc271-66b8-4b72-bb5f-66a5695222df,GH3,fwater_ph,6.4600,normal,1.00,2025-03-23 00:00:00+00,2025-08-09 06:58:58.765837+00
2113,5c5bc271-66b8-4b72-bb5f-66a5695222df,GH3,fwater_ph,6.8000,normal,1.00,2025-03-24 00:00:00+00,2025-08-09 06:58:58.765837+00
2114,5c5bc271-66b8-4b72-bb5f-66a5695222df,GH3,fwater_ph,6.8000,normal,1.00,2025-03-25 00:00:00+00,2025-08-09 06:58:58.765837+00
2115,5c5bc271-66b8-4b72-bb5f-66a5695222df,GH3,fwater_ph,6.9000,normal,1.00,2025-03-26 00:00:00+00,2025-08-09 06:58:58.765837+00
2116,5c5bc271-66b8-4b72-bb5f-66a5695222df,GH3,fwater_ph,7.1000,normal,1.00,2025-03-27 00:00:00+00,2025-08-09 06:58:58.765837+00
2117,5c5bc271-66b8-4b72-bb5f-66a5695222df,GH3,fwater_ph,7.0000,normal,1.00,2025-03-28 00:00:00+00,2025-08-09 06:58:58.765837+00
2118,5c5bc271-66b8-4b72-bb5f-66a5695222df,GH3,fwater_ph,6.9000,normal,1.00,2025-03-29 00:00:00+00,2025-08-09 06:58:58.765837+00
2119,5c5bc271-66b8-4b72-bb5f-66a5695222df,GH3,fwater_ph,6.9000,normal,1.00,2025-03-30 00:00:00+00,2025-08-09 06:58:58.765837+00
2120,5c5bc271-66b8-4b72-bb5f-66a5695222df,GH3,fwater_ph,7.0000,normal,1.00,2025-03-31 00:00:00+00,2025-08-09 06:58:58.765837+00
2121,5c5bc271-66b8-4b72-bb5f-66a5695222df,GH3,fwater_ph,7.1000,normal,1.00,2025-04-01 00:00:00+00,2025-08-09 06:58:58.765837+00
2122,5c5bc271-66b8-4b72-bb5f-66a5695222df,GH3,fwater_ph,7.1000,normal,1.00,2025-04-02 00:00:00+00,2025-08-09 06:58:58.765837+00
2123,5c5bc271-66b8-4b72-bb5f-66a5695222df,GH3,fwater_ph,7.1000,normal,1.00,2025-04-03 00:00:00+00,2025-08-09 06:58:58.765837+00
2124,5c5bc271-66b8-4b72-bb5f-66a5695222df,GH3,fwater_ph,7.1000,normal,1.00,2025-04-04 00:00:00+00,2025-08-09 06:58:58.765837+00
2125,5c5bc271-66b8-4b72-bb5f-66a5695222df,GH3,fwater_ph,7.1000,normal,1.00,2025-04-05 00:00:00+00,2025-08-09 06:58:58.765837+00
2126,5c5bc271-66b8-4b72-bb5f-66a5695222df,GH3,fwater_ph,7.2500,normal,1.00,2025-04-06 00:00:00+00,2025-08-09 06:58:58.765837+00
2127,5c5bc271-66b8-4b72-bb5f-66a5695222df,GH3,fwater_ph,7.4000,normal,1.00,2025-04-07 00:00:00+00,2025-08-09 06:58:58.765837+00
2128,5c5bc271-66b8-4b72-bb5f-66a5695222df,GH3,fwater_ph,7.3000,normal,1.00,2025-04-08 00:00:00+00,2025-08-09 06:58:58.765837+00
2129,5c5bc271-66b8-4b72-bb5f-66a5695222df,GH3,fwater_ph,7.2000,normal,1.00,2025-04-09 00:00:00+00,2025-08-09 06:58:58.765837+00
2130,5c5bc271-66b8-4b72-bb5f-66a5695222df,GH3,fwater_ph,7.0000,normal,1.00,2025-04-10 00:00:00+00,2025-08-09 06:58:58.765837+00
2131,5c5bc271-66b8-4b72-bb5f-66a5695222df,GH3,fwater_ph,7.1000,normal,1.00,2025-04-11 00:00:00+00,2025-08-09 06:58:58.765837+00
2132,5c5bc271-66b8-4b72-bb5f-66a5695222df,GH3,fwater_ph,7.1200,normal,1.00,2025-04-12 00:00:00+00,2025-08-09 06:58:58.765837+00
2133,5c5bc271-66b8-4b72-bb5f-66a5695222df,GH3,fwater_ph,7.0800,normal,1.00,2025-04-13 00:00:00+00,2025-08-09 06:58:58.765837+00
2134,5c5bc271-66b8-4b72-bb5f-66a5695222df,GH3,fwater_temp,29.7000,normal,1.00,2025-01-27 00:00:00+00,2025-08-09 06:58:58.765837+00
2135,5c5bc271-66b8-4b72-bb5f-66a5695222df,GH3,fwater_temp,28.2000,normal,1.00,2025-01-28 00:00:00+00,2025-08-09 06:58:58.765837+00
2136,5c5bc271-66b8-4b72-bb5f-66a5695222df,GH3,fwater_temp,30.0000,normal,1.00,2025-01-29 00:00:00+00,2025-08-09 06:58:58.765837+00
2137,5c5bc271-66b8-4b72-bb5f-66a5695222df,GH3,fwater_temp,29.7000,normal,1.00,2025-01-30 00:00:00+00,2025-08-09 06:58:58.765837+00
2138,5c5bc271-66b8-4b72-bb5f-66a5695222df,GH3,fwater_temp,29.4000,normal,1.00,2025-01-31 00:00:00+00,2025-08-09 06:58:58.765837+00
2139,5c5bc271-66b8-4b72-bb5f-66a5695222df,GH3,fwater_temp,29.6000,normal,1.00,2025-02-01 00:00:00+00,2025-08-09 06:58:58.765837+00
2140,5c5bc271-66b8-4b72-bb5f-66a5695222df,GH3,fwater_temp,32.0000,normal,1.00,2025-02-02 00:00:00+00,2025-08-09 06:58:58.765837+00
2141,5c5bc271-66b8-4b72-bb5f-66a5695222df,GH3,fwater_temp,31.5000,normal,1.00,2025-02-03 00:00:00+00,2025-08-09 06:58:58.765837+00
2142,5c5bc271-66b8-4b72-bb5f-66a5695222df,GH3,fwater_temp,29.3000,normal,1.00,2025-02-04 00:00:00+00,2025-08-09 06:58:58.765837+00
2143,5c5bc271-66b8-4b72-bb5f-66a5695222df,GH3,fwater_temp,30.9000,normal,1.00,2025-02-05 00:00:00+00,2025-08-09 06:58:58.765837+00
2144,5c5bc271-66b8-4b72-bb5f-66a5695222df,GH3,fwater_temp,29.2000,normal,1.00,2025-02-06 00:00:00+00,2025-08-09 06:58:58.765837+00
2145,5c5bc271-66b8-4b72-bb5f-66a5695222df,GH3,fwater_temp,27.9000,normal,1.00,2025-02-07 00:00:00+00,2025-08-09 06:58:58.765837+00
2146,5c5bc271-66b8-4b72-bb5f-66a5695222df,GH3,fwater_temp,30.8000,normal,1.00,2025-02-08 00:00:00+00,2025-08-09 06:58:58.765837+00
2147,5c5bc271-66b8-4b72-bb5f-66a5695222df,GH3,fwater_temp,28.9000,normal,1.00,2025-02-10 00:00:00+00,2025-08-09 06:58:58.765837+00
2148,5c5bc271-66b8-4b72-bb5f-66a5695222df,GH3,fwater_temp,29.5000,normal,1.00,2025-02-11 00:00:00+00,2025-08-09 06:58:58.765837+00
2149,5c5bc271-66b8-4b72-bb5f-66a5695222df,GH3,fwater_temp,33.3000,normal,1.00,2025-02-12 00:00:00+00,2025-08-09 06:58:58.765837+00
2150,5c5bc271-66b8-4b72-bb5f-66a5695222df,GH3,fwater_temp,32.6000,normal,1.00,2025-02-13 00:00:00+00,2025-08-09 06:58:58.765837+00
2151,5c5bc271-66b8-4b72-bb5f-66a5695222df,GH3,fwater_temp,32.1000,normal,1.00,2025-02-14 00:00:00+00,2025-08-09 06:58:58.765837+00
2152,5c5bc271-66b8-4b72-bb5f-66a5695222df,GH3,fwater_temp,32.3000,normal,1.00,2025-02-15 00:00:00+00,2025-08-09 06:58:58.765837+00
2153,5c5bc271-66b8-4b72-bb5f-66a5695222df,GH3,fwater_temp,30.8000,normal,1.00,2025-02-17 00:00:00+00,2025-08-09 06:58:58.765837+00
2154,5c5bc271-66b8-4b72-bb5f-66a5695222df,GH3,fwater_temp,31.7200,normal,1.00,2025-02-18 00:00:00+00,2025-08-09 06:58:58.765837+00
2155,5c5bc271-66b8-4b72-bb5f-66a5695222df,GH3,fwater_temp,31.3800,normal,1.00,2025-02-19 00:00:00+00,2025-08-09 06:58:58.765837+00
2156,5c5bc271-66b8-4b72-bb5f-66a5695222df,GH3,fwater_temp,28.4600,normal,1.00,2025-02-20 00:00:00+00,2025-08-09 06:58:58.765837+00
2157,5c5bc271-66b8-4b72-bb5f-66a5695222df,GH3,fwater_temp,29.1400,normal,1.00,2025-02-21 00:00:00+00,2025-08-09 06:58:58.765837+00
2158,5c5bc271-66b8-4b72-bb5f-66a5695222df,GH3,fwater_temp,31.4400,normal,1.00,2025-02-22 00:00:00+00,2025-08-09 06:58:58.765837+00
2159,5c5bc271-66b8-4b72-bb5f-66a5695222df,GH3,fwater_temp,30.1400,normal,1.00,2025-02-24 00:00:00+00,2025-08-09 06:58:58.765837+00
2160,5c5bc271-66b8-4b72-bb5f-66a5695222df,GH3,fwater_temp,29.7000,normal,1.00,2025-02-25 00:00:00+00,2025-08-09 06:58:58.765837+00
2161,5c5bc271-66b8-4b72-bb5f-66a5695222df,GH3,fwater_temp,29.2000,normal,1.00,2025-02-26 00:00:00+00,2025-08-09 06:58:58.765837+00
2162,5c5bc271-66b8-4b72-bb5f-66a5695222df,GH3,fwater_temp,30.1600,normal,1.00,2025-02-27 00:00:00+00,2025-08-09 06:58:58.765837+00
2163,5c5bc271-66b8-4b72-bb5f-66a5695222df,GH3,fwater_temp,31.9800,normal,1.00,2025-02-28 00:00:00+00,2025-08-09 06:58:58.765837+00
2164,5c5bc271-66b8-4b72-bb5f-66a5695222df,GH3,fwater_temp,30.9000,normal,1.00,2025-03-01 00:00:00+00,2025-08-09 06:58:58.765837+00
2165,5c5bc271-66b8-4b72-bb5f-66a5695222df,GH3,fwater_temp,32.5000,normal,1.00,2025-03-02 00:00:00+00,2025-08-09 06:58:58.765837+00
2166,5c5bc271-66b8-4b72-bb5f-66a5695222df,GH3,fwater_temp,29.8000,normal,1.00,2025-03-03 00:00:00+00,2025-08-09 06:58:58.765837+00
2167,5c5bc271-66b8-4b72-bb5f-66a5695222df,GH3,fwater_temp,30.2000,normal,1.00,2025-03-04 00:00:00+00,2025-08-09 06:58:58.765837+00
2168,5c5bc271-66b8-4b72-bb5f-66a5695222df,GH3,fwater_temp,34.6000,normal,1.00,2025-03-05 00:00:00+00,2025-08-09 06:58:58.765837+00
2169,5c5bc271-66b8-4b72-bb5f-66a5695222df,GH3,fwater_temp,31.7000,normal,1.00,2025-03-06 00:00:00+00,2025-08-09 06:58:58.765837+00
2170,5c5bc271-66b8-4b72-bb5f-66a5695222df,GH3,fwater_temp,32.4000,normal,1.00,2025-03-07 00:00:00+00,2025-08-09 06:58:58.765837+00
2171,5c5bc271-66b8-4b72-bb5f-66a5695222df,GH3,fwater_temp,31.8000,normal,1.00,2025-03-08 00:00:00+00,2025-08-09 06:58:58.765837+00
2172,5c5bc271-66b8-4b72-bb5f-66a5695222df,GH3,fwater_temp,28.8000,normal,1.00,2025-03-09 00:00:00+00,2025-08-09 06:58:58.765837+00
2173,5c5bc271-66b8-4b72-bb5f-66a5695222df,GH3,fwater_temp,30.6000,normal,1.00,2025-03-10 00:00:00+00,2025-08-09 06:58:58.765837+00
2174,5c5bc271-66b8-4b72-bb5f-66a5695222df,GH3,fwater_temp,33.8000,normal,1.00,2025-03-11 00:00:00+00,2025-08-09 06:58:58.765837+00
2175,5c5bc271-66b8-4b72-bb5f-66a5695222df,GH3,fwater_temp,33.8000,normal,1.00,2025-03-12 00:00:00+00,2025-08-09 06:58:58.765837+00
2176,5c5bc271-66b8-4b72-bb5f-66a5695222df,GH3,fwater_temp,35.3000,normal,1.00,2025-03-13 00:00:00+00,2025-08-09 06:58:58.765837+00
2177,5c5bc271-66b8-4b72-bb5f-66a5695222df,GH3,fwater_temp,31.7000,normal,1.00,2025-03-14 00:00:00+00,2025-08-09 06:58:58.765837+00
2178,5c5bc271-66b8-4b72-bb5f-66a5695222df,GH3,fwater_temp,29.8000,normal,1.00,2025-03-15 00:00:00+00,2025-08-09 06:58:58.765837+00
2179,5c5bc271-66b8-4b72-bb5f-66a5695222df,GH3,fwater_temp,32.4000,normal,1.00,2025-03-16 00:00:00+00,2025-08-09 06:58:58.765837+00
2180,5c5bc271-66b8-4b72-bb5f-66a5695222df,GH3,fwater_temp,29.2000,normal,1.00,2025-03-17 00:00:00+00,2025-08-09 06:58:58.765837+00
2181,5c5bc271-66b8-4b72-bb5f-66a5695222df,GH3,fwater_temp,30.4000,normal,1.00,2025-03-18 00:00:00+00,2025-08-09 06:58:58.765837+00
2182,5c5bc271-66b8-4b72-bb5f-66a5695222df,GH3,fwater_temp,30.1000,normal,1.00,2025-03-19 00:00:00+00,2025-08-09 06:58:58.765837+00
2183,5c5bc271-66b8-4b72-bb5f-66a5695222df,GH3,fwater_temp,27.3000,normal,1.00,2025-03-20 00:00:00+00,2025-08-09 06:58:58.765837+00
2184,5c5bc271-66b8-4b72-bb5f-66a5695222df,GH3,fwater_temp,27.3000,normal,1.00,2025-03-21 00:00:00+00,2025-08-09 06:58:58.765837+00
2185,5c5bc271-66b8-4b72-bb5f-66a5695222df,GH3,fwater_temp,29.7800,normal,1.00,2025-03-22 00:00:00+00,2025-08-09 06:58:58.765837+00
2186,5c5bc271-66b8-4b72-bb5f-66a5695222df,GH3,fwater_temp,28.0000,normal,1.00,2025-03-23 00:00:00+00,2025-08-09 06:58:58.765837+00
2187,5c5bc271-66b8-4b72-bb5f-66a5695222df,GH3,fwater_temp,28.6000,normal,1.00,2025-03-24 00:00:00+00,2025-08-09 06:58:58.765837+00
2188,5c5bc271-66b8-4b72-bb5f-66a5695222df,GH3,fwater_temp,30.2000,normal,1.00,2025-03-25 00:00:00+00,2025-08-09 06:58:58.765837+00
2189,5c5bc271-66b8-4b72-bb5f-66a5695222df,GH3,fwater_temp,30.1000,normal,1.00,2025-03-26 00:00:00+00,2025-08-09 06:58:58.765837+00
2190,5c5bc271-66b8-4b72-bb5f-66a5695222df,GH3,fwater_temp,29.8000,normal,1.00,2025-03-27 00:00:00+00,2025-08-09 06:58:58.765837+00
2191,5c5bc271-66b8-4b72-bb5f-66a5695222df,GH3,fwater_temp,31.3000,normal,1.00,2025-03-28 00:00:00+00,2025-08-09 06:58:58.765837+00
2192,5c5bc271-66b8-4b72-bb5f-66a5695222df,GH3,fwater_temp,28.4000,normal,1.00,2025-03-29 00:00:00+00,2025-08-09 06:58:58.765837+00
2193,5c5bc271-66b8-4b72-bb5f-66a5695222df,GH3,fwater_temp,27.4000,normal,1.00,2025-03-30 00:00:00+00,2025-08-09 06:58:58.765837+00
2194,5c5bc271-66b8-4b72-bb5f-66a5695222df,GH3,fwater_temp,29.3000,normal,1.00,2025-03-31 00:00:00+00,2025-08-09 06:58:58.765837+00
2195,5c5bc271-66b8-4b72-bb5f-66a5695222df,GH3,fwater_temp,28.8000,normal,1.00,2025-04-01 00:00:00+00,2025-08-09 06:58:58.765837+00
2196,5c5bc271-66b8-4b72-bb5f-66a5695222df,GH3,fwater_temp,30.0000,normal,1.00,2025-04-02 00:00:00+00,2025-08-09 06:58:58.765837+00
2197,5c5bc271-66b8-4b72-bb5f-66a5695222df,GH3,fwater_temp,29.1000,normal,1.00,2025-04-03 00:00:00+00,2025-08-09 06:58:58.765837+00
2198,5c5bc271-66b8-4b72-bb5f-66a5695222df,GH3,fwater_temp,30.3000,normal,1.00,2025-04-04 00:00:00+00,2025-08-09 06:58:58.765837+00
2199,5c5bc271-66b8-4b72-bb5f-66a5695222df,GH3,fwater_temp,30.0000,normal,1.00,2025-04-05 00:00:00+00,2025-08-09 06:58:58.765837+00
2200,5c5bc271-66b8-4b72-bb5f-66a5695222df,GH3,fwater_temp,29.2800,normal,1.00,2025-04-06 00:00:00+00,2025-08-09 06:58:58.765837+00
2201,5c5bc271-66b8-4b72-bb5f-66a5695222df,GH3,fwater_temp,30.0000,normal,1.00,2025-04-07 00:00:00+00,2025-08-09 06:58:58.765837+00
2202,5c5bc271-66b8-4b72-bb5f-66a5695222df,GH3,fwater_temp,32.1000,normal,1.00,2025-04-08 00:00:00+00,2025-08-09 06:58:58.765837+00
2203,5c5bc271-66b8-4b72-bb5f-66a5695222df,GH3,fwater_temp,28.6000,normal,1.00,2025-04-09 00:00:00+00,2025-08-09 06:58:58.765837+00
2204,5c5bc271-66b8-4b72-bb5f-66a5695222df,GH3,fwater_temp,31.2000,normal,1.00,2025-04-10 00:00:00+00,2025-08-09 06:58:58.765837+00
2205,5c5bc271-66b8-4b72-bb5f-66a5695222df,GH3,fwater_temp,30.4000,normal,1.00,2025-04-11 00:00:00+00,2025-08-09 06:58:58.765837+00
2206,5c5bc271-66b8-4b72-bb5f-66a5695222df,GH3,fwater_temp,33.2400,normal,1.00,2025-04-12 00:00:00+00,2025-08-09 06:58:58.765837+00
2207,5c5bc271-66b8-4b72-bb5f-66a5695222df,GH3,fwater_temp,31.1400,normal,1.00,2025-04-13 00:00:00+00,2025-08-09 06:58:58.765837+00
2208,5c5bc271-66b8-4b72-bb5f-66a5695222df,GH3,sys_ec,1.3000,normal,1.00,2025-04-21 00:00:00+00,2025-08-09 06:58:58.765837+00
2209,5c5bc271-66b8-4b72-bb5f-66a5695222df,GH3,sys_ec,1.3200,normal,1.00,2025-04-22 00:00:00+00,2025-08-09 06:58:58.765837+00
2210,5c5bc271-66b8-4b72-bb5f-66a5695222df,GH3,sys_ec,1.2600,normal,1.00,2025-04-23 00:00:00+00,2025-08-09 06:58:58.765837+00
2211,5c5bc271-66b8-4b72-bb5f-66a5695222df,GH3,sys_ec,1.2500,normal,1.00,2025-04-24 00:00:00+00,2025-08-09 06:58:58.765837+00
2212,5c5bc271-66b8-4b72-bb5f-66a5695222df,GH3,sys_ec,1.3200,normal,1.00,2025-04-25 00:00:00+00,2025-08-09 06:58:58.765837+00
2213,5c5bc271-66b8-4b72-bb5f-66a5695222df,GH3,sys_ec,1.2960,normal,1.00,2025-04-26 00:00:00+00,2025-08-09 06:58:58.765837+00
2214,5c5bc271-66b8-4b72-bb5f-66a5695222df,GH3,sys_ec,1.3020,normal,1.00,2025-04-27 00:00:00+00,2025-08-09 06:58:58.765837+00
2215,5c5bc271-66b8-4b72-bb5f-66a5695222df,GH3,sys_ec,1.3400,normal,1.00,2025-04-28 00:00:00+00,2025-08-09 06:58:58.765837+00
2216,5c5bc271-66b8-4b72-bb5f-66a5695222df,GH3,sys_ec,1.2800,normal,1.00,2025-04-29 00:00:00+00,2025-08-09 06:58:58.765837+00
2217,5c5bc271-66b8-4b72-bb5f-66a5695222df,GH3,sys_ec,1.2100,normal,1.00,2025-04-30 00:00:00+00,2025-08-09 06:58:58.765837+00
2218,5c5bc271-66b8-4b72-bb5f-66a5695222df,GH3,sys_ec,1.3200,normal,1.00,2025-05-01 00:00:00+00,2025-08-09 06:58:58.765837+00
2219,5c5bc271-66b8-4b72-bb5f-66a5695222df,GH3,sys_ec,1.1100,normal,1.00,2025-05-02 00:00:00+00,2025-08-09 06:58:58.765837+00
2220,5c5bc271-66b8-4b72-bb5f-66a5695222df,GH3,sys_ec,0.1260,normal,1.00,2025-05-03 00:00:00+00,2025-08-09 06:58:58.765837+00
2221,5c5bc271-66b8-4b72-bb5f-66a5695222df,GH3,sys_ec,1.1340,normal,1.00,2025-05-04 00:00:00+00,2025-08-09 06:58:58.765837+00
2222,5c5bc271-66b8-4b72-bb5f-66a5695222df,GH3,sys_ec,1.3100,normal,1.00,2025-05-05 00:00:00+00,2025-08-09 06:58:58.765837+00
2223,5c5bc271-66b8-4b72-bb5f-66a5695222df,GH3,sys_ec,1.2300,normal,1.00,2025-05-06 00:00:00+00,2025-08-09 06:58:58.765837+00
2224,5c5bc271-66b8-4b72-bb5f-66a5695222df,GH3,sys_ec,1.1900,normal,1.00,2025-05-07 00:00:00+00,2025-08-09 06:58:58.765837+00
2225,5c5bc271-66b8-4b72-bb5f-66a5695222df,GH3,sys_ec,1.2900,normal,1.00,2025-05-08 00:00:00+00,2025-08-09 06:58:58.765837+00
2226,5c5bc271-66b8-4b72-bb5f-66a5695222df,GH3,sys_ec,1.2500,normal,1.00,2025-05-09 00:00:00+00,2025-08-09 06:58:58.765837+00
2227,5c5bc271-66b8-4b72-bb5f-66a5695222df,GH3,sys_ec,0.1300,normal,1.00,2025-05-10 00:00:00+00,2025-08-09 06:58:58.765837+00
2228,5c5bc271-66b8-4b72-bb5f-66a5695222df,GH3,sys_ec,1.2800,normal,1.00,2025-05-11 00:00:00+00,2025-08-09 06:58:58.765837+00
2229,5c5bc271-66b8-4b72-bb5f-66a5695222df,GH3,sys_ec,1.2600,normal,1.00,2025-05-12 00:00:00+00,2025-08-09 06:58:58.765837+00
2230,5c5bc271-66b8-4b72-bb5f-66a5695222df,GH3,sys_ec,1.3600,normal,1.00,2025-05-13 00:00:00+00,2025-08-09 06:58:58.765837+00
2231,5c5bc271-66b8-4b72-bb5f-66a5695222df,GH3,sys_ec,1.3900,normal,1.00,2025-05-14 00:00:00+00,2025-08-09 06:58:58.765837+00
2232,5c5bc271-66b8-4b72-bb5f-66a5695222df,GH3,sys_ec,1.2700,normal,1.00,2025-05-15 00:00:00+00,2025-08-09 06:58:58.765837+00
2233,5c5bc271-66b8-4b72-bb5f-66a5695222df,GH3,sys_ec,1.2400,normal,1.00,2025-05-16 00:00:00+00,2025-08-09 06:58:58.765837+00
2234,5c5bc271-66b8-4b72-bb5f-66a5695222df,GH3,sys_ec,1.2600,normal,1.00,2025-05-17 00:00:00+00,2025-08-09 06:58:58.765837+00
2235,5c5bc271-66b8-4b72-bb5f-66a5695222df,GH3,sys_ec,1.2600,normal,1.00,2025-05-18 00:00:00+00,2025-08-09 06:58:58.765837+00
2236,5c5bc271-66b8-4b72-bb5f-66a5695222df,GH3,sys_ec,1.2400,normal,1.00,2025-05-19 00:00:00+00,2025-08-09 06:58:58.765837+00
2237,5c5bc271-66b8-4b72-bb5f-66a5695222df,GH3,sys_ec,1.2600,normal,1.00,2025-05-20 00:00:00+00,2025-08-09 06:58:58.765837+00
2238,5c5bc271-66b8-4b72-bb5f-66a5695222df,GH3,sys_ec,1.2200,normal,1.00,2025-05-21 00:00:00+00,2025-08-09 06:58:58.765837+00
2239,5c5bc271-66b8-4b72-bb5f-66a5695222df,GH3,sys_ec,1.2400,normal,1.00,2025-05-22 00:00:00+00,2025-08-09 06:58:58.765837+00
2240,5c5bc271-66b8-4b72-bb5f-66a5695222df,GH3,sys_ec,1.2700,normal,1.00,2025-05-23 00:00:00+00,2025-08-09 06:58:58.765837+00
2241,5c5bc271-66b8-4b72-bb5f-66a5695222df,GH3,sys_ec,1.2500,normal,1.00,2025-05-24 00:00:00+00,2025-08-09 06:58:58.765837+00
2242,5c5bc271-66b8-4b72-bb5f-66a5695222df,GH3,sys_ec,1.2600,normal,1.00,2025-05-25 00:00:00+00,2025-08-09 06:58:58.765837+00
2243,5c5bc271-66b8-4b72-bb5f-66a5695222df,GH3,sys_ec,1.2500,normal,1.00,2025-05-26 00:00:00+00,2025-08-09 06:58:58.765837+00
2244,5c5bc271-66b8-4b72-bb5f-66a5695222df,GH3,sys_ec,1.2600,normal,1.00,2025-05-27 00:00:00+00,2025-08-09 06:58:58.765837+00
2245,5c5bc271-66b8-4b72-bb5f-66a5695222df,GH3,sys_ec,1.2400,normal,1.00,2025-05-28 00:00:00+00,2025-08-09 06:58:58.765837+00
2246,5c5bc271-66b8-4b72-bb5f-66a5695222df,GH3,sys_ec,1.2600,normal,1.00,2025-05-29 00:00:00+00,2025-08-09 06:58:58.765837+00
2247,5c5bc271-66b8-4b72-bb5f-66a5695222df,GH3,sys_ec,1.3000,normal,1.00,2025-05-30 00:00:00+00,2025-08-09 06:58:58.765837+00
2248,5c5bc271-66b8-4b72-bb5f-66a5695222df,GH3,sys_ec,1.3200,normal,1.00,2025-05-31 00:00:00+00,2025-08-09 06:58:58.765837+00
2249,5c5bc271-66b8-4b72-bb5f-66a5695222df,GH3,sys_ec,1.3000,normal,1.00,2025-06-01 00:00:00+00,2025-08-09 06:58:58.765837+00
2250,5c5bc271-66b8-4b72-bb5f-66a5695222df,GH3,sys_ec,1.3100,normal,1.00,2025-06-02 00:00:00+00,2025-08-09 06:58:58.765837+00
2251,5c5bc271-66b8-4b72-bb5f-66a5695222df,GH3,sys_ec,1.3400,normal,1.00,2025-06-03 00:00:00+00,2025-08-09 06:58:58.765837+00
2252,5c5bc271-66b8-4b72-bb5f-66a5695222df,GH3,sys_ec,1.3300,normal,1.00,2025-06-04 00:00:00+00,2025-08-09 06:58:58.765837+00
2253,5c5bc271-66b8-4b72-bb5f-66a5695222df,GH3,sys_ec,1.3800,normal,1.00,2025-06-05 00:00:00+00,2025-08-09 06:58:58.765837+00
2254,5c5bc271-66b8-4b72-bb5f-66a5695222df,GH3,sys_ec,1.3500,normal,1.00,2025-06-06 00:00:00+00,2025-08-09 06:58:58.765837+00
2255,5c5bc271-66b8-4b72-bb5f-66a5695222df,GH3,sys_ec,1.3700,normal,1.00,2025-06-07 00:00:00+00,2025-08-09 06:58:58.765837+00
2256,5c5bc271-66b8-4b72-bb5f-66a5695222df,GH3,sys_ec,1.2000,normal,1.00,2025-06-08 00:00:00+00,2025-08-09 06:58:58.765837+00
2257,5c5bc271-66b8-4b72-bb5f-66a5695222df,GH3,sys_ec,1.3500,normal,1.00,2025-06-09 00:00:00+00,2025-08-09 06:58:58.765837+00
2258,5c5bc271-66b8-4b72-bb5f-66a5695222df,GH3,sys_ec,1.3900,normal,1.00,2025-06-10 00:00:00+00,2025-08-09 06:58:58.765837+00
2259,5c5bc271-66b8-4b72-bb5f-66a5695222df,GH3,sys_ec,1.4000,normal,1.00,2025-06-11 00:00:00+00,2025-08-09 06:58:58.765837+00
2260,5c5bc271-66b8-4b72-bb5f-66a5695222df,GH3,sys_ec,1.0900,normal,1.00,2025-06-12 00:00:00+00,2025-08-09 06:58:58.765837+00
2261,5c5bc271-66b8-4b72-bb5f-66a5695222df,GH3,sys_ec,1.4100,normal,1.00,2025-06-13 00:00:00+00,2025-08-09 06:58:58.765837+00
2262,5c5bc271-66b8-4b72-bb5f-66a5695222df,GH3,sys_ec,1.3500,normal,1.00,2025-06-14 00:00:00+00,2025-08-09 06:58:58.765837+00
2263,5c5bc271-66b8-4b72-bb5f-66a5695222df,GH3,sys_ec,1.2300,normal,1.00,2025-06-15 00:00:00+00,2025-08-09 06:58:58.765837+00
2264,5c5bc271-66b8-4b72-bb5f-66a5695222df,GH3,sys_ec,1.1400,normal,1.00,2025-06-16 00:00:00+00,2025-08-09 06:58:58.765837+00
2265,5c5bc271-66b8-4b72-bb5f-66a5695222df,GH3,sys_ec,1.4100,normal,1.00,2025-06-17 00:00:00+00,2025-08-09 06:58:58.765837+00
2266,5c5bc271-66b8-4b72-bb5f-66a5695222df,GH3,sys_ec,1.2400,normal,1.00,2025-06-18 00:00:00+00,2025-08-09 06:58:58.765837+00
2267,5c5bc271-66b8-4b72-bb5f-66a5695222df,GH3,sys_ec,1.2600,normal,1.00,2025-06-19 00:00:00+00,2025-08-09 06:58:58.765837+00
2268,5c5bc271-66b8-4b72-bb5f-66a5695222df,GH3,sys_ec,1.3900,normal,1.00,2025-06-20 00:00:00+00,2025-08-09 06:58:58.765837+00
2269,5c5bc271-66b8-4b72-bb5f-66a5695222df,GH3,sys_ec,1.3500,normal,1.00,2025-06-21 00:00:00+00,2025-08-09 06:58:58.765837+00
2270,5c5bc271-66b8-4b72-bb5f-66a5695222df,GH3,sys_ec,1.3400,normal,1.00,2025-06-22 00:00:00+00,2025-08-09 06:58:58.765837+00
2271,5c5bc271-66b8-4b72-bb5f-66a5695222df,GH3,sys_ph,6.1600,normal,1.00,2025-04-21 00:00:00+00,2025-08-09 06:58:58.765837+00
2272,5c5bc271-66b8-4b72-bb5f-66a5695222df,GH3,sys_ph,6.0700,normal,1.00,2025-04-22 00:00:00+00,2025-08-09 06:58:58.765837+00
2273,5c5bc271-66b8-4b72-bb5f-66a5695222df,GH3,sys_ph,6.2000,normal,1.00,2025-04-23 00:00:00+00,2025-08-09 06:58:58.765837+00
2274,5c5bc271-66b8-4b72-bb5f-66a5695222df,GH3,sys_ph,0.9800,normal,1.00,2025-04-24 00:00:00+00,2025-08-09 06:58:58.765837+00
2275,5c5bc271-66b8-4b72-bb5f-66a5695222df,GH3,sys_ph,5.6000,normal,1.00,2025-04-25 00:00:00+00,2025-08-09 06:58:58.765837+00
2276,5c5bc271-66b8-4b72-bb5f-66a5695222df,GH3,sys_ph,6.2000,normal,1.00,2025-04-26 00:00:00+00,2025-08-09 06:58:58.765837+00
2277,5c5bc271-66b8-4b72-bb5f-66a5695222df,GH3,sys_ph,6.0600,normal,1.00,2025-04-27 00:00:00+00,2025-08-09 06:58:58.765837+00
2278,5c5bc271-66b8-4b72-bb5f-66a5695222df,GH3,sys_ph,5.6300,normal,1.00,2025-04-28 00:00:00+00,2025-08-09 06:58:58.765837+00
2279,5c5bc271-66b8-4b72-bb5f-66a5695222df,GH3,sys_ph,5.5000,normal,1.00,2025-04-29 00:00:00+00,2025-08-09 06:58:58.765837+00
2280,5c5bc271-66b8-4b72-bb5f-66a5695222df,GH3,sys_ph,5.7000,normal,1.00,2025-04-30 00:00:00+00,2025-08-09 06:58:58.765837+00
2281,5c5bc271-66b8-4b72-bb5f-66a5695222df,GH3,sys_ph,5.2100,normal,1.00,2025-05-01 00:00:00+00,2025-08-09 06:58:58.765837+00
2282,5c5bc271-66b8-4b72-bb5f-66a5695222df,GH3,sys_ph,6.2300,normal,1.00,2025-05-02 00:00:00+00,2025-08-09 06:58:58.765837+00
2283,5c5bc271-66b8-4b72-bb5f-66a5695222df,GH3,sys_ph,5.8100,normal,1.00,2025-05-03 00:00:00+00,2025-08-09 06:58:58.765837+00
2284,5c5bc271-66b8-4b72-bb5f-66a5695222df,GH3,sys_ph,6.2200,normal,1.00,2025-05-04 00:00:00+00,2025-08-09 06:58:58.765837+00
2285,5c5bc271-66b8-4b72-bb5f-66a5695222df,GH3,sys_ph,5.8900,normal,1.00,2025-05-05 00:00:00+00,2025-08-09 06:58:58.765837+00
2286,5c5bc271-66b8-4b72-bb5f-66a5695222df,GH3,sys_ph,5.8000,normal,1.00,2025-05-06 00:00:00+00,2025-08-09 06:58:58.765837+00
2287,5c5bc271-66b8-4b72-bb5f-66a5695222df,GH3,sys_ph,6.0000,normal,1.00,2025-05-07 00:00:00+00,2025-08-09 06:58:58.765837+00
2288,5c5bc271-66b8-4b72-bb5f-66a5695222df,GH3,sys_ph,5.5300,normal,1.00,2025-05-08 00:00:00+00,2025-08-09 06:58:58.765837+00
2289,5c5bc271-66b8-4b72-bb5f-66a5695222df,GH3,sys_ph,5.8000,normal,1.00,2025-05-09 00:00:00+00,2025-08-09 06:58:58.765837+00
2290,5c5bc271-66b8-4b72-bb5f-66a5695222df,GH3,sys_ph,5.8000,normal,1.00,2025-05-10 00:00:00+00,2025-08-09 06:58:58.765837+00
2291,5c5bc271-66b8-4b72-bb5f-66a5695222df,GH3,sys_ph,5.8000,normal,1.00,2025-05-11 00:00:00+00,2025-08-09 06:58:58.765837+00
2292,5c5bc271-66b8-4b72-bb5f-66a5695222df,GH3,sys_ph,5.6900,normal,1.00,2025-05-12 00:00:00+00,2025-08-09 06:58:58.765837+00
2293,5c5bc271-66b8-4b72-bb5f-66a5695222df,GH3,sys_ph,5.6100,normal,1.00,2025-05-13 00:00:00+00,2025-08-09 06:58:58.765837+00
2294,5c5bc271-66b8-4b72-bb5f-66a5695222df,GH3,sys_ph,5.1500,normal,1.00,2025-05-14 00:00:00+00,2025-08-09 06:58:58.765837+00
2295,5c5bc271-66b8-4b72-bb5f-66a5695222df,GH3,sys_ph,5.5100,normal,1.00,2025-05-15 00:00:00+00,2025-08-09 06:58:58.765837+00
2296,5c5bc271-66b8-4b72-bb5f-66a5695222df,GH3,sys_ph,5.8400,normal,1.00,2025-05-16 00:00:00+00,2025-08-09 06:58:58.765837+00
2297,5c5bc271-66b8-4b72-bb5f-66a5695222df,GH3,sys_ph,5.8400,normal,1.00,2025-05-17 00:00:00+00,2025-08-09 06:58:58.765837+00
2298,5c5bc271-66b8-4b72-bb5f-66a5695222df,GH3,sys_ph,6.1500,normal,1.00,2025-05-18 00:00:00+00,2025-08-09 06:58:58.765837+00
2299,5c5bc271-66b8-4b72-bb5f-66a5695222df,GH3,sys_ph,6.3600,normal,1.00,2025-05-19 00:00:00+00,2025-08-09 06:58:58.765837+00
2300,5c5bc271-66b8-4b72-bb5f-66a5695222df,GH3,sys_ph,6.3800,normal,1.00,2025-05-20 00:00:00+00,2025-08-09 06:58:58.765837+00
2301,5c5bc271-66b8-4b72-bb5f-66a5695222df,GH3,sys_ph,6.4500,normal,1.00,2025-05-21 00:00:00+00,2025-08-09 06:58:58.765837+00
2302,5c5bc271-66b8-4b72-bb5f-66a5695222df,GH3,sys_ph,6.3500,normal,1.00,2025-05-22 00:00:00+00,2025-08-09 06:58:58.765837+00
2303,5c5bc271-66b8-4b72-bb5f-66a5695222df,GH3,sys_ph,6.6600,normal,1.00,2025-05-23 00:00:00+00,2025-08-09 06:58:58.765837+00
2304,5c5bc271-66b8-4b72-bb5f-66a5695222df,GH3,sys_ph,6.7000,normal,1.00,2025-05-24 00:00:00+00,2025-08-09 06:58:58.765837+00
2305,5c5bc271-66b8-4b72-bb5f-66a5695222df,GH3,sys_ph,6.8200,normal,1.00,2025-05-25 00:00:00+00,2025-08-09 06:58:58.765837+00
2306,5c5bc271-66b8-4b72-bb5f-66a5695222df,GH3,sys_ph,6.7900,normal,1.00,2025-05-26 00:00:00+00,2025-08-09 06:58:58.765837+00
2307,5c5bc271-66b8-4b72-bb5f-66a5695222df,GH3,sys_ph,6.5100,normal,1.00,2025-05-27 00:00:00+00,2025-08-09 06:58:58.765837+00
2308,5c5bc271-66b8-4b72-bb5f-66a5695222df,GH3,sys_ph,6.6400,normal,1.00,2025-05-28 00:00:00+00,2025-08-09 06:58:58.765837+00
2309,5c5bc271-66b8-4b72-bb5f-66a5695222df,GH3,sys_ph,6.4000,normal,1.00,2025-05-29 00:00:00+00,2025-08-09 06:58:58.765837+00
2310,5c5bc271-66b8-4b72-bb5f-66a5695222df,GH3,sys_ph,6.1600,normal,1.00,2025-05-30 00:00:00+00,2025-08-09 06:58:58.765837+00
2311,5c5bc271-66b8-4b72-bb5f-66a5695222df,GH3,sys_ph,6.2600,normal,1.00,2025-05-31 00:00:00+00,2025-08-09 06:58:58.765837+00
2312,5c5bc271-66b8-4b72-bb5f-66a5695222df,GH3,sys_ph,6.3400,normal,1.00,2025-06-01 00:00:00+00,2025-08-09 06:58:58.765837+00
2313,5c5bc271-66b8-4b72-bb5f-66a5695222df,GH3,sys_ph,6.2900,normal,1.00,2025-06-02 00:00:00+00,2025-08-09 06:58:58.765837+00
2314,5c5bc271-66b8-4b72-bb5f-66a5695222df,GH3,sys_ph,6.4100,normal,1.00,2025-06-03 00:00:00+00,2025-08-09 06:58:58.765837+00
2315,5c5bc271-66b8-4b72-bb5f-66a5695222df,GH3,sys_ph,6.1000,normal,1.00,2025-06-04 00:00:00+00,2025-08-09 06:58:58.765837+00
2316,5c5bc271-66b8-4b72-bb5f-66a5695222df,GH3,sys_ph,6.7000,normal,1.00,2025-06-05 00:00:00+00,2025-08-09 06:58:58.765837+00
2317,5c5bc271-66b8-4b72-bb5f-66a5695222df,GH3,sys_ph,6.6000,normal,1.00,2025-06-06 00:00:00+00,2025-08-09 06:58:58.765837+00
2318,5c5bc271-66b8-4b72-bb5f-66a5695222df,GH3,sys_ph,6.9000,normal,1.00,2025-06-07 00:00:00+00,2025-08-09 06:58:58.765837+00
2319,5c5bc271-66b8-4b72-bb5f-66a5695222df,GH3,sys_ph,6.9000,normal,1.00,2025-06-08 00:00:00+00,2025-08-09 06:58:58.765837+00
2320,5c5bc271-66b8-4b72-bb5f-66a5695222df,GH3,sys_ph,6.0300,normal,1.00,2025-06-09 00:00:00+00,2025-08-09 06:58:58.765837+00
2321,5c5bc271-66b8-4b72-bb5f-66a5695222df,GH3,sys_ph,6.2000,normal,1.00,2025-06-10 00:00:00+00,2025-08-09 06:58:58.765837+00
2322,5c5bc271-66b8-4b72-bb5f-66a5695222df,GH3,sys_ph,6.3100,normal,1.00,2025-06-11 00:00:00+00,2025-08-09 06:58:58.765837+00
2323,5c5bc271-66b8-4b72-bb5f-66a5695222df,GH3,sys_ph,6.7200,normal,1.00,2025-06-12 00:00:00+00,2025-08-09 06:58:58.765837+00
2324,5c5bc271-66b8-4b72-bb5f-66a5695222df,GH3,sys_ph,5.5100,normal,1.00,2025-06-13 00:00:00+00,2025-08-09 06:58:58.765837+00
2325,5c5bc271-66b8-4b72-bb5f-66a5695222df,GH3,sys_ph,4.7000,normal,1.00,2025-06-14 00:00:00+00,2025-08-09 06:58:58.765837+00
2326,5c5bc271-66b8-4b72-bb5f-66a5695222df,GH3,sys_ph,5.5200,normal,1.00,2025-06-15 00:00:00+00,2025-08-09 06:58:58.765837+00
2327,5c5bc271-66b8-4b72-bb5f-66a5695222df,GH3,sys_ph,5.9800,normal,1.00,2025-06-16 00:00:00+00,2025-08-09 06:58:58.765837+00
2328,5c5bc271-66b8-4b72-bb5f-66a5695222df,GH3,sys_ph,5.3700,normal,1.00,2025-06-17 00:00:00+00,2025-08-09 06:58:58.765837+00
2329,5c5bc271-66b8-4b72-bb5f-66a5695222df,GH3,sys_ph,6.3400,normal,1.00,2025-06-18 00:00:00+00,2025-08-09 06:58:58.765837+00
2330,5c5bc271-66b8-4b72-bb5f-66a5695222df,GH3,sys_ph,6.2600,normal,1.00,2025-06-19 00:00:00+00,2025-08-09 06:58:58.765837+00
2331,5c5bc271-66b8-4b72-bb5f-66a5695222df,GH3,sys_ph,5.6800,normal,1.00,2025-06-20 00:00:00+00,2025-08-09 06:58:58.765837+00
2332,5c5bc271-66b8-4b72-bb5f-66a5695222df,GH3,sys_ph,6.3000,normal,1.00,2025-06-21 00:00:00+00,2025-08-09 06:58:58.765837+00
2333,5c5bc271-66b8-4b72-bb5f-66a5695222df,GH3,sys_ph,6.5000,normal,1.00,2025-06-22 00:00:00+00,2025-08-09 06:58:58.765837+00
2334,5c5bc271-66b8-4b72-bb5f-66a5695222df,GH3,sys_ph,6.5000,normal,1.00,2025-06-23 00:00:00+00,2025-08-09 06:58:58.765837+00
2335,5c5bc271-66b8-4b72-bb5f-66a5695222df,GH3,sys_ph,6.0000,normal,1.00,2025-06-24 00:00:00+00,2025-08-09 06:58:58.765837+00
2336,5c5bc271-66b8-4b72-bb5f-66a5695222df,GH3,sys_ph,6.3000,normal,1.00,2025-06-25 00:00:00+00,2025-08-09 06:58:58.765837+00
2337,5c5bc271-66b8-4b72-bb5f-66a5695222df,GH3,sys_ph,6.2000,normal,1.00,2025-06-26 00:00:00+00,2025-08-09 06:58:58.765837+00
2338,5c5bc271-66b8-4b72-bb5f-66a5695222df,GH3,sys_ph,6.2000,normal,1.00,2025-06-27 00:00:00+00,2025-08-09 06:58:58.765837+00
2339,5c5bc271-66b8-4b72-bb5f-66a5695222df,GH3,sys_ph,6.3000,normal,1.00,2025-06-28 00:00:00+00,2025-08-09 06:58:58.765837+00
2340,5c5bc271-66b8-4b72-bb5f-66a5695222df,GH3,sys_ph,6.7000,normal,1.00,2025-06-29 00:00:00+00,2025-08-09 06:58:58.765837+00
2341,5c5bc271-66b8-4b72-bb5f-66a5695222df,GH3,sys_h20_temp,30.8000,normal,1.00,2025-04-21 00:00:00+00,2025-08-09 06:58:58.765837+00
2342,5c5bc271-66b8-4b72-bb5f-66a5695222df,GH3,sys_h20_temp,31.2000,normal,1.00,2025-04-22 00:00:00+00,2025-08-09 06:58:58.765837+00
2343,5c5bc271-66b8-4b72-bb5f-66a5695222df,GH3,sys_h20_temp,30.8000,normal,1.00,2025-04-23 00:00:00+00,2025-08-09 06:58:58.765837+00
2344,5c5bc271-66b8-4b72-bb5f-66a5695222df,GH3,sys_h20_temp,31.8000,normal,1.00,2025-04-24 00:00:00+00,2025-08-09 06:58:58.765837+00
2345,5c5bc271-66b8-4b72-bb5f-66a5695222df,GH3,sys_h20_temp,31.7000,normal,1.00,2025-04-25 00:00:00+00,2025-08-09 06:58:58.765837+00
2346,5c5bc271-66b8-4b72-bb5f-66a5695222df,GH3,sys_h20_temp,30.5200,normal,1.00,2025-04-26 00:00:00+00,2025-08-09 06:58:58.765837+00
2347,5c5bc271-66b8-4b72-bb5f-66a5695222df,GH3,sys_h20_temp,32.0600,normal,1.00,2025-04-27 00:00:00+00,2025-08-09 06:58:58.765837+00
2348,5c5bc271-66b8-4b72-bb5f-66a5695222df,GH3,sys_h20_temp,31.4000,normal,1.00,2025-04-28 00:00:00+00,2025-08-09 06:58:58.765837+00
2349,5c5bc271-66b8-4b72-bb5f-66a5695222df,GH3,sys_h20_temp,31.2000,normal,1.00,2025-04-29 00:00:00+00,2025-08-09 06:58:58.765837+00
2350,5c5bc271-66b8-4b72-bb5f-66a5695222df,GH3,sys_h20_temp,31.0000,normal,1.00,2025-04-30 00:00:00+00,2025-08-09 06:58:58.765837+00
2351,5c5bc271-66b8-4b72-bb5f-66a5695222df,GH3,sys_h20_temp,31.1000,normal,1.00,2025-05-01 00:00:00+00,2025-08-09 06:58:58.765837+00
2352,5c5bc271-66b8-4b72-bb5f-66a5695222df,GH3,sys_h20_temp,31.0000,normal,1.00,2025-05-02 00:00:00+00,2025-08-09 06:58:58.765837+00
2353,5c5bc271-66b8-4b72-bb5f-66a5695222df,GH3,sys_h20_temp,31.2000,normal,1.00,2025-05-03 00:00:00+00,2025-08-09 06:58:58.765837+00
2354,5c5bc271-66b8-4b72-bb5f-66a5695222df,GH3,sys_h20_temp,31.1000,normal,1.00,2025-05-04 00:00:00+00,2025-08-09 06:58:58.765837+00
2355,5c5bc271-66b8-4b72-bb5f-66a5695222df,GH3,sys_h20_temp,31.6000,normal,1.00,2025-05-05 00:00:00+00,2025-08-09 06:58:58.765837+00
2356,5c5bc271-66b8-4b72-bb5f-66a5695222df,GH3,sys_h20_temp,31.2000,normal,1.00,2025-05-06 00:00:00+00,2025-08-09 06:58:58.765837+00
2357,5c5bc271-66b8-4b72-bb5f-66a5695222df,GH3,sys_h20_temp,30.5000,normal,1.00,2025-05-07 00:00:00+00,2025-08-09 06:58:58.765837+00
2358,5c5bc271-66b8-4b72-bb5f-66a5695222df,GH3,sys_h20_temp,30.5000,normal,1.00,2025-05-08 00:00:00+00,2025-08-09 06:58:58.765837+00
2359,5c5bc271-66b8-4b72-bb5f-66a5695222df,GH3,sys_h20_temp,32.0000,normal,1.00,2025-05-09 00:00:00+00,2025-08-09 06:58:58.765837+00
2360,5c5bc271-66b8-4b72-bb5f-66a5695222df,GH3,sys_h20_temp,30.0000,normal,1.00,2025-05-10 00:00:00+00,2025-08-09 06:58:58.765837+00
2361,5c5bc271-66b8-4b72-bb5f-66a5695222df,GH3,sys_h20_temp,30.1000,normal,1.00,2025-05-11 00:00:00+00,2025-08-09 06:58:58.765837+00
2362,5c5bc271-66b8-4b72-bb5f-66a5695222df,GH3,sys_h20_temp,30.1000,normal,1.00,2025-05-12 00:00:00+00,2025-08-09 06:58:58.765837+00
2363,5c5bc271-66b8-4b72-bb5f-66a5695222df,GH3,sys_h20_temp,30.1000,normal,1.00,2025-05-13 00:00:00+00,2025-08-09 06:58:58.765837+00
2364,5c5bc271-66b8-4b72-bb5f-66a5695222df,GH3,sys_h20_temp,29.8000,normal,1.00,2025-05-14 00:00:00+00,2025-08-09 06:58:58.765837+00
2365,5c5bc271-66b8-4b72-bb5f-66a5695222df,GH3,sys_h20_temp,29.7000,normal,1.00,2025-05-15 00:00:00+00,2025-08-09 06:58:58.765837+00
2366,5c5bc271-66b8-4b72-bb5f-66a5695222df,GH3,sys_h20_temp,301.0000,normal,1.00,2025-05-16 00:00:00+00,2025-08-09 06:58:58.765837+00
2367,5c5bc271-66b8-4b72-bb5f-66a5695222df,GH3,sys_h20_temp,31.6000,normal,1.00,2025-05-17 00:00:00+00,2025-08-09 06:58:58.765837+00
2368,5c5bc271-66b8-4b72-bb5f-66a5695222df,GH3,sys_h20_temp,30.9000,normal,1.00,2025-05-18 00:00:00+00,2025-08-09 06:58:58.765837+00
2369,5c5bc271-66b8-4b72-bb5f-66a5695222df,GH3,sys_h20_temp,31.4000,normal,1.00,2025-05-19 00:00:00+00,2025-08-09 06:58:58.765837+00
2370,5c5bc271-66b8-4b72-bb5f-66a5695222df,GH3,sys_h20_temp,30.1000,normal,1.00,2025-05-20 00:00:00+00,2025-08-09 06:58:58.765837+00
2371,5c5bc271-66b8-4b72-bb5f-66a5695222df,GH3,sys_h20_temp,302.0000,normal,1.00,2025-05-21 00:00:00+00,2025-08-09 06:58:58.765837+00
2372,5c5bc271-66b8-4b72-bb5f-66a5695222df,GH3,sys_h20_temp,31.3000,normal,1.00,2025-05-22 00:00:00+00,2025-08-09 06:58:58.765837+00
2373,5c5bc271-66b8-4b72-bb5f-66a5695222df,GH3,sys_h20_temp,30.5000,normal,1.00,2025-05-23 00:00:00+00,2025-08-09 06:58:58.765837+00
2374,5c5bc271-66b8-4b72-bb5f-66a5695222df,GH3,sys_h20_temp,32.2000,normal,1.00,2025-05-24 00:00:00+00,2025-08-09 06:58:58.765837+00
2375,5c5bc271-66b8-4b72-bb5f-66a5695222df,GH3,sys_h20_temp,32.6000,normal,1.00,2025-05-25 00:00:00+00,2025-08-09 06:58:58.765837+00
2376,5c5bc271-66b8-4b72-bb5f-66a5695222df,GH3,sys_h20_temp,31.6000,normal,1.00,2025-05-26 00:00:00+00,2025-08-09 06:58:58.765837+00
2377,5c5bc271-66b8-4b72-bb5f-66a5695222df,GH3,sys_h20_temp,30.2000,normal,1.00,2025-05-27 00:00:00+00,2025-08-09 06:58:58.765837+00
2378,5c5bc271-66b8-4b72-bb5f-66a5695222df,GH3,sys_h20_temp,31.4000,normal,1.00,2025-05-28 00:00:00+00,2025-08-09 06:58:58.765837+00
2379,5c5bc271-66b8-4b72-bb5f-66a5695222df,GH3,sys_h20_temp,29.5000,normal,1.00,2025-05-29 00:00:00+00,2025-08-09 06:58:58.765837+00
2380,5c5bc271-66b8-4b72-bb5f-66a5695222df,GH3,sys_h20_temp,29.3000,normal,1.00,2025-05-30 00:00:00+00,2025-08-09 06:58:58.765837+00
2381,5c5bc271-66b8-4b72-bb5f-66a5695222df,GH3,sys_h20_temp,31.7000,normal,1.00,2025-05-31 00:00:00+00,2025-08-09 06:58:58.765837+00
2382,5c5bc271-66b8-4b72-bb5f-66a5695222df,GH3,sys_h20_temp,30.4000,normal,1.00,2025-06-01 00:00:00+00,2025-08-09 06:58:58.765837+00
2383,5c5bc271-66b8-4b72-bb5f-66a5695222df,GH3,sys_h20_temp,28.5000,normal,1.00,2025-06-02 00:00:00+00,2025-08-09 06:58:58.765837+00
2384,5c5bc271-66b8-4b72-bb5f-66a5695222df,GH3,sys_h20_temp,30.4000,normal,1.00,2025-06-03 00:00:00+00,2025-08-09 06:58:58.765837+00
2385,5c5bc271-66b8-4b72-bb5f-66a5695222df,GH3,sys_h20_temp,30.9000,normal,1.00,2025-06-04 00:00:00+00,2025-08-09 06:58:58.765837+00
2386,5c5bc271-66b8-4b72-bb5f-66a5695222df,GH3,sys_h20_temp,29.5000,normal,1.00,2025-06-05 00:00:00+00,2025-08-09 06:58:58.765837+00
2387,5c5bc271-66b8-4b72-bb5f-66a5695222df,GH3,sys_h20_temp,28.4000,normal,1.00,2025-06-06 00:00:00+00,2025-08-09 06:58:58.765837+00
2388,5c5bc271-66b8-4b72-bb5f-66a5695222df,GH3,sys_h20_temp,25.5000,normal,1.00,2025-06-07 00:00:00+00,2025-08-09 06:58:58.765837+00
2389,5c5bc271-66b8-4b72-bb5f-66a5695222df,GH3,sys_h20_temp,29.9000,normal,1.00,2025-06-08 00:00:00+00,2025-08-09 06:58:58.765837+00
2390,5c5bc271-66b8-4b72-bb5f-66a5695222df,GH3,sys_h20_temp,29.6000,normal,1.00,2025-06-09 00:00:00+00,2025-08-09 06:58:58.765837+00
2391,5c5bc271-66b8-4b72-bb5f-66a5695222df,GH3,sys_h20_temp,29.4000,normal,1.00,2025-06-10 00:00:00+00,2025-08-09 06:58:58.765837+00
2392,5c5bc271-66b8-4b72-bb5f-66a5695222df,GH3,sys_h20_temp,29.1000,normal,1.00,2025-06-11 00:00:00+00,2025-08-09 06:58:58.765837+00
2393,5c5bc271-66b8-4b72-bb5f-66a5695222df,GH3,sys_h20_temp,30.4000,normal,1.00,2025-06-12 00:00:00+00,2025-08-09 06:58:58.765837+00
2394,5c5bc271-66b8-4b72-bb5f-66a5695222df,GH3,sys_h20_temp,33.6000,normal,1.00,2025-06-13 00:00:00+00,2025-08-09 06:58:58.765837+00
2395,5c5bc271-66b8-4b72-bb5f-66a5695222df,GH3,sys_h20_temp,33.6000,normal,1.00,2025-06-14 00:00:00+00,2025-08-09 06:58:58.765837+00
2396,5c5bc271-66b8-4b72-bb5f-66a5695222df,GH3,sys_h20_temp,30.6000,normal,1.00,2025-06-15 00:00:00+00,2025-08-09 06:58:58.765837+00
2397,5c5bc271-66b8-4b72-bb5f-66a5695222df,GH3,sys_h20_temp,32.2000,normal,1.00,2025-06-16 00:00:00+00,2025-08-09 06:58:58.765837+00
2398,5c5bc271-66b8-4b72-bb5f-66a5695222df,GH3,sys_h20_temp,31.9000,normal,1.00,2025-06-17 00:00:00+00,2025-08-09 06:58:58.765837+00
2399,5c5bc271-66b8-4b72-bb5f-66a5695222df,GH3,sys_h20_temp,30.1000,normal,1.00,2025-06-18 00:00:00+00,2025-08-09 06:58:58.765837+00
2400,5c5bc271-66b8-4b72-bb5f-66a5695222df,GH3,sys_h20_temp,28.4000,normal,1.00,2025-06-19 00:00:00+00,2025-08-09 06:58:58.765837+00
2401,5c5bc271-66b8-4b72-bb5f-66a5695222df,GH3,sys_h20_temp,28.7000,normal,1.00,2025-06-20 00:00:00+00,2025-08-09 06:58:58.765837+00
2402,5c5bc271-66b8-4b72-bb5f-66a5695222df,GH3,sys_h20_temp,28.0000,normal,1.00,2025-06-21 00:00:00+00,2025-08-09 06:58:58.765837+00
2403,5c5bc271-66b8-4b72-bb5f-66a5695222df,GH3,sys_h20_temp,26.0000,normal,1.00,2025-06-22 00:00:00+00,2025-08-09 06:58:58.765837+00
2404,5c5bc271-66b8-4b72-bb5f-66a5695222df,GH3,sys_h20_temp,20.0000,normal,1.00,2025-06-23 00:00:00+00,2025-08-09 06:58:58.765837+00
2405,5c5bc271-66b8-4b72-bb5f-66a5695222df,GH3,sys_h20_temp,27.2000,normal,1.00,2025-06-24 00:00:00+00,2025-08-09 06:58:58.765837+00
2406,5c5bc271-66b8-4b72-bb5f-66a5695222df,GH3,sys_h20_temp,26.4000,normal,1.00,2025-06-25 00:00:00+00,2025-08-09 06:58:58.765837+00
2407,5c5bc271-66b8-4b72-bb5f-66a5695222df,GH3,sys_h20_temp,26.2000,normal,1.00,2025-06-26 00:00:00+00,2025-08-09 06:58:58.765837+00
2408,5c5bc271-66b8-4b72-bb5f-66a5695222df,GH3,sys_h20_temp,27.8000,normal,1.00,2025-06-27 00:00:00+00,2025-08-09 06:58:58.765837+00
2409,5c5bc271-66b8-4b72-bb5f-66a5695222df,GH3,sys_h20_temp,28.5000,normal,1.00,2025-06-28 00:00:00+00,2025-08-09 06:58:58.765837+00
2410,5c5bc271-66b8-4b72-bb5f-66a5695222df,GH3,sys_h20_temp,24.8000,normal,1.00,2025-06-29 00:00:00+00,2025-08-09 06:58:58.765837+00
2411,5c5bc271-66b8-4b72-bb5f-66a5695222df,GH3,sys_gh_temp,32.6000,normal,1.00,2025-04-21 00:00:00+00,2025-08-09 06:58:58.765837+00
2412,5c5bc271-66b8-4b72-bb5f-66a5695222df,GH3,sys_gh_temp,32.3000,normal,1.00,2025-04-22 00:00:00+00,2025-08-09 06:58:58.765837+00
2413,5c5bc271-66b8-4b72-bb5f-66a5695222df,GH3,sys_gh_temp,32.6000,normal,1.00,2025-04-23 00:00:00+00,2025-08-09 06:58:58.765837+00
2414,5c5bc271-66b8-4b72-bb5f-66a5695222df,GH3,sys_gh_temp,36.5000,normal,1.00,2025-04-24 00:00:00+00,2025-08-09 06:58:58.765837+00
2415,5c5bc271-66b8-4b72-bb5f-66a5695222df,GH3,sys_gh_temp,34.2000,normal,1.00,2025-04-25 00:00:00+00,2025-08-09 06:58:58.765837+00
2416,5c5bc271-66b8-4b72-bb5f-66a5695222df,GH3,sys_gh_temp,35.2600,normal,1.00,2025-04-26 00:00:00+00,2025-08-09 06:58:58.765837+00
2417,5c5bc271-66b8-4b72-bb5f-66a5695222df,GH3,sys_gh_temp,34.3000,normal,1.00,2025-04-27 00:00:00+00,2025-08-09 06:58:58.765837+00
2418,5c5bc271-66b8-4b72-bb5f-66a5695222df,GH3,sys_gh_temp,34.6500,normal,1.00,2025-04-28 00:00:00+00,2025-08-09 06:58:58.765837+00
2419,5c5bc271-66b8-4b72-bb5f-66a5695222df,GH3,sys_gh_temp,35.1000,normal,1.00,2025-04-29 00:00:00+00,2025-08-09 06:58:58.765837+00
2420,5c5bc271-66b8-4b72-bb5f-66a5695222df,GH3,sys_gh_temp,33.9000,normal,1.00,2025-04-30 00:00:00+00,2025-08-09 06:58:58.765837+00
2421,5c5bc271-66b8-4b72-bb5f-66a5695222df,GH3,sys_gh_temp,35.0000,normal,1.00,2025-05-01 00:00:00+00,2025-08-09 06:58:58.765837+00
2422,5c5bc271-66b8-4b72-bb5f-66a5695222df,GH3,sys_gh_temp,34.3000,normal,1.00,2025-05-02 00:00:00+00,2025-08-09 06:58:58.765837+00
2423,5c5bc271-66b8-4b72-bb5f-66a5695222df,GH3,sys_gh_temp,34.4000,normal,1.00,2025-05-03 00:00:00+00,2025-08-09 06:58:58.765837+00
2424,5c5bc271-66b8-4b72-bb5f-66a5695222df,GH3,sys_gh_temp,32.5000,normal,1.00,2025-05-04 00:00:00+00,2025-08-09 06:58:58.765837+00
2425,5c5bc271-66b8-4b72-bb5f-66a5695222df,GH3,sys_gh_temp,32.2000,normal,1.00,2025-05-05 00:00:00+00,2025-08-09 06:58:58.765837+00
2426,5c5bc271-66b8-4b72-bb5f-66a5695222df,GH3,sys_gh_temp,32.2000,normal,1.00,2025-05-06 00:00:00+00,2025-08-09 06:58:58.765837+00
2427,5c5bc271-66b8-4b72-bb5f-66a5695222df,GH3,sys_gh_temp,31.9000,normal,1.00,2025-05-07 00:00:00+00,2025-08-09 06:58:58.765837+00
2428,5c5bc271-66b8-4b72-bb5f-66a5695222df,GH3,sys_gh_temp,33.3000,normal,1.00,2025-05-08 00:00:00+00,2025-08-09 06:58:58.765837+00
2429,5c5bc271-66b8-4b72-bb5f-66a5695222df,GH3,sys_gh_temp,35.3000,normal,1.00,2025-05-09 00:00:00+00,2025-08-09 06:58:58.765837+00
2430,5c5bc271-66b8-4b72-bb5f-66a5695222df,GH3,sys_gh_temp,35.0000,normal,1.00,2025-05-10 00:00:00+00,2025-08-09 06:58:58.765837+00
2431,5c5bc271-66b8-4b72-bb5f-66a5695222df,GH3,sys_gh_temp,35.0000,normal,1.00,2025-05-11 00:00:00+00,2025-08-09 06:58:58.765837+00
2432,5c5bc271-66b8-4b72-bb5f-66a5695222df,GH3,sys_gh_temp,33.7000,normal,1.00,2025-05-12 00:00:00+00,2025-08-09 06:58:58.765837+00
2433,5c5bc271-66b8-4b72-bb5f-66a5695222df,GH3,sys_gh_temp,34.6000,normal,1.00,2025-05-13 00:00:00+00,2025-08-09 06:58:58.765837+00
2434,5c5bc271-66b8-4b72-bb5f-66a5695222df,GH3,sys_gh_temp,33.3000,normal,1.00,2025-05-14 00:00:00+00,2025-08-09 06:58:58.765837+00
2435,5c5bc271-66b8-4b72-bb5f-66a5695222df,GH3,sys_gh_temp,29.7000,normal,1.00,2025-05-15 00:00:00+00,2025-08-09 06:58:58.765837+00
2436,5c5bc271-66b8-4b72-bb5f-66a5695222df,GH3,sys_gh_temp,30.1000,normal,1.00,2025-05-16 00:00:00+00,2025-08-09 06:58:58.765837+00
2437,5c5bc271-66b8-4b72-bb5f-66a5695222df,GH3,sys_gh_temp,31.6000,normal,1.00,2025-05-17 00:00:00+00,2025-08-09 06:58:58.765837+00
2438,5c5bc271-66b8-4b72-bb5f-66a5695222df,GH3,sys_gh_temp,30.9000,normal,1.00,2025-05-18 00:00:00+00,2025-08-09 06:58:58.765837+00
2439,5c5bc271-66b8-4b72-bb5f-66a5695222df,GH3,sys_gh_temp,35.3000,normal,1.00,2025-05-19 00:00:00+00,2025-08-09 06:58:58.765837+00
2440,5c5bc271-66b8-4b72-bb5f-66a5695222df,GH3,sys_gh_temp,33.3000,normal,1.00,2025-05-20 00:00:00+00,2025-08-09 06:58:58.765837+00
2441,5c5bc271-66b8-4b72-bb5f-66a5695222df,GH3,sys_gh_temp,33.3000,normal,1.00,2025-05-21 00:00:00+00,2025-08-09 06:58:58.765837+00
2442,5c5bc271-66b8-4b72-bb5f-66a5695222df,GH3,sys_gh_temp,34.7000,normal,1.00,2025-05-22 00:00:00+00,2025-08-09 06:58:58.765837+00
2443,5c5bc271-66b8-4b72-bb5f-66a5695222df,GH3,sys_gh_temp,33.9000,normal,1.00,2025-05-23 00:00:00+00,2025-08-09 06:58:58.765837+00
2444,5c5bc271-66b8-4b72-bb5f-66a5695222df,GH3,sys_gh_temp,34.9000,normal,1.00,2025-05-24 00:00:00+00,2025-08-09 06:58:58.765837+00
2445,5c5bc271-66b8-4b72-bb5f-66a5695222df,GH3,sys_gh_temp,35.6000,normal,1.00,2025-05-25 00:00:00+00,2025-08-09 06:58:58.765837+00
2446,5c5bc271-66b8-4b72-bb5f-66a5695222df,GH3,sys_gh_temp,34.5000,normal,1.00,2025-05-26 00:00:00+00,2025-08-09 06:58:58.765837+00
2447,5c5bc271-66b8-4b72-bb5f-66a5695222df,GH3,sys_gh_temp,32.3000,normal,1.00,2025-05-27 00:00:00+00,2025-08-09 06:58:58.765837+00
2448,5c5bc271-66b8-4b72-bb5f-66a5695222df,GH3,sys_gh_temp,31.4000,normal,1.00,2025-05-28 00:00:00+00,2025-08-09 06:58:58.765837+00
2449,5c5bc271-66b8-4b72-bb5f-66a5695222df,GH3,sys_gh_temp,29.5000,normal,1.00,2025-05-29 00:00:00+00,2025-08-09 06:58:58.765837+00
2450,5c5bc271-66b8-4b72-bb5f-66a5695222df,GH3,sys_gh_temp,29.3000,normal,1.00,2025-05-30 00:00:00+00,2025-08-09 06:58:58.765837+00
2451,5c5bc271-66b8-4b72-bb5f-66a5695222df,GH3,sys_gh_temp,31.7000,normal,1.00,2025-05-31 00:00:00+00,2025-08-09 06:58:58.765837+00
2452,5c5bc271-66b8-4b72-bb5f-66a5695222df,GH3,sys_gh_temp,30.4000,normal,1.00,2025-06-01 00:00:00+00,2025-08-09 06:58:58.765837+00
2453,5c5bc271-66b8-4b72-bb5f-66a5695222df,GH3,sys_gh_temp,30.8000,normal,1.00,2025-06-02 00:00:00+00,2025-08-09 06:58:58.765837+00
2454,5c5bc271-66b8-4b72-bb5f-66a5695222df,GH3,sys_gh_temp,33.0000,normal,1.00,2025-06-03 00:00:00+00,2025-08-09 06:58:58.765837+00
2455,5c5bc271-66b8-4b72-bb5f-66a5695222df,GH3,sys_gh_temp,33.7000,normal,1.00,2025-06-04 00:00:00+00,2025-08-09 06:58:58.765837+00
2456,5c5bc271-66b8-4b72-bb5f-66a5695222df,GH3,sys_gh_temp,32.5000,normal,1.00,2025-06-05 00:00:00+00,2025-08-09 06:58:58.765837+00
2457,5c5bc271-66b8-4b72-bb5f-66a5695222df,GH3,sys_gh_temp,30.2000,normal,1.00,2025-06-06 00:00:00+00,2025-08-09 06:58:58.765837+00
2458,5c5bc271-66b8-4b72-bb5f-66a5695222df,GH3,sys_gh_temp,27.1000,normal,1.00,2025-06-07 00:00:00+00,2025-08-09 06:58:58.765837+00
2459,5c5bc271-66b8-4b72-bb5f-66a5695222df,GH3,sys_gh_temp,29.6000,normal,1.00,2025-06-08 00:00:00+00,2025-08-09 06:58:58.765837+00
2460,5c5bc271-66b8-4b72-bb5f-66a5695222df,GH3,sys_gh_temp,29.7000,normal,1.00,2025-06-09 00:00:00+00,2025-08-09 06:58:58.765837+00
2461,5c5bc271-66b8-4b72-bb5f-66a5695222df,GH3,sys_gh_temp,28.4000,normal,1.00,2025-06-10 00:00:00+00,2025-08-09 06:58:58.765837+00
2462,5c5bc271-66b8-4b72-bb5f-66a5695222df,GH3,sys_gh_temp,27.0000,normal,1.00,2025-06-11 00:00:00+00,2025-08-09 06:58:58.765837+00
2463,5c5bc271-66b8-4b72-bb5f-66a5695222df,GH3,sys_gh_temp,28.9000,normal,1.00,2025-06-12 00:00:00+00,2025-08-09 06:58:58.765837+00
2464,5c5bc271-66b8-4b72-bb5f-66a5695222df,GH3,sys_gh_temp,31.5000,normal,1.00,2025-06-13 00:00:00+00,2025-08-09 06:58:58.765837+00
2465,5c5bc271-66b8-4b72-bb5f-66a5695222df,GH3,sys_gh_temp,33.5000,normal,1.00,2025-06-14 00:00:00+00,2025-08-09 06:58:58.765837+00
2466,5c5bc271-66b8-4b72-bb5f-66a5695222df,GH3,sys_gh_temp,35.4000,normal,1.00,2025-06-15 00:00:00+00,2025-08-09 06:58:58.765837+00
2467,5c5bc271-66b8-4b72-bb5f-66a5695222df,GH3,sys_gh_temp,33.5000,normal,1.00,2025-06-16 00:00:00+00,2025-08-09 06:58:58.765837+00
2468,5c5bc271-66b8-4b72-bb5f-66a5695222df,GH3,sys_gh_temp,32.9000,normal,1.00,2025-06-17 00:00:00+00,2025-08-09 06:58:58.765837+00
2469,5c5bc271-66b8-4b72-bb5f-66a5695222df,GH3,sys_gh_temp,29.2000,normal,1.00,2025-06-18 00:00:00+00,2025-08-09 06:58:58.765837+00
2470,5c5bc271-66b8-4b72-bb5f-66a5695222df,GH3,sys_gh_temp,29.0000,normal,1.00,2025-06-19 00:00:00+00,2025-08-09 06:58:58.765837+00
2471,5c5bc271-66b8-4b72-bb5f-66a5695222df,GH3,sys_gh_temp,30.0000,normal,1.00,2025-06-20 00:00:00+00,2025-08-09 06:58:58.765837+00
2472,5c5bc271-66b8-4b72-bb5f-66a5695222df,GH3,sys_gh_temp,32.0000,normal,1.00,2025-06-21 00:00:00+00,2025-08-09 06:58:58.765837+00
2473,5c5bc271-66b8-4b72-bb5f-66a5695222df,GH3,sys_gh_temp,26.5000,normal,1.00,2025-06-22 00:00:00+00,2025-08-09 06:58:58.765837+00
2474,5c5bc271-66b8-4b72-bb5f-66a5695222df,GH3,sys_gh_temp,26.5000,normal,1.00,2025-06-23 00:00:00+00,2025-08-09 06:58:58.765837+00
2475,5c5bc271-66b8-4b72-bb5f-66a5695222df,GH3,sys_gh_temp,28.2000,normal,1.00,2025-06-24 00:00:00+00,2025-08-09 06:58:58.765837+00
2476,5c5bc271-66b8-4b72-bb5f-66a5695222df,GH3,sys_gh_temp,30.1000,normal,1.00,2025-06-25 00:00:00+00,2025-08-09 06:58:58.765837+00
2477,5c5bc271-66b8-4b72-bb5f-66a5695222df,GH3,sys_gh_temp,29.3000,normal,1.00,2025-06-26 00:00:00+00,2025-08-09 06:58:58.765837+00
2478,5c5bc271-66b8-4b72-bb5f-66a5695222df,GH3,sys_gh_temp,31.8000,normal,1.00,2025-06-27 00:00:00+00,2025-08-09 06:58:58.765837+00
2479,5c5bc271-66b8-4b72-bb5f-66a5695222df,GH3,sys_gh_temp,32.9000,normal,1.00,2025-06-28 00:00:00+00,2025-08-09 06:58:58.765837+00
2480,5c5bc271-66b8-4b72-bb5f-66a5695222df,GH3,sys_gh_temp,24.5000,normal,1.00,2025-06-29 00:00:00+00,2025-08-09 06:58:58.765837+00
2481,5c5bc271-66b8-4b72-bb5f-66a5695222df,GH3,sys_gh_rh,45.0000,normal,1.00,2025-04-21 00:00:00+00,2025-08-09 06:58:58.765837+00
2482,5c5bc271-66b8-4b72-bb5f-66a5695222df,GH3,sys_gh_rh,42.0000,normal,1.00,2025-04-22 00:00:00+00,2025-08-09 06:58:58.765837+00
2483,5c5bc271-66b8-4b72-bb5f-66a5695222df,GH3,sys_gh_rh,50.0000,normal,1.00,2025-04-23 00:00:00+00,2025-08-09 06:58:58.765837+00
2484,5c5bc271-66b8-4b72-bb5f-66a5695222df,GH3,sys_gh_rh,39.0000,normal,1.00,2025-04-24 00:00:00+00,2025-08-09 06:58:58.765837+00
2485,5c5bc271-66b8-4b72-bb5f-66a5695222df,GH3,sys_gh_rh,40.0000,normal,1.00,2025-04-25 00:00:00+00,2025-08-09 06:58:58.765837+00
2486,5c5bc271-66b8-4b72-bb5f-66a5695222df,GH3,sys_gh_rh,34.2000,normal,1.00,2025-04-26 00:00:00+00,2025-08-09 06:58:58.765837+00
2487,5c5bc271-66b8-4b72-bb5f-66a5695222df,GH3,sys_gh_rh,33.8000,normal,1.00,2025-04-27 00:00:00+00,2025-08-09 06:58:58.765837+00
2488,5c5bc271-66b8-4b72-bb5f-66a5695222df,GH3,sys_gh_rh,40.0000,normal,1.00,2025-04-28 00:00:00+00,2025-08-09 06:58:58.765837+00
2489,5c5bc271-66b8-4b72-bb5f-66a5695222df,GH3,sys_gh_rh,37.8000,normal,1.00,2025-04-29 00:00:00+00,2025-08-09 06:58:58.765837+00
2490,5c5bc271-66b8-4b72-bb5f-66a5695222df,GH3,sys_gh_rh,38.0000,normal,1.00,2025-04-30 00:00:00+00,2025-08-09 06:58:58.765837+00
2491,5c5bc271-66b8-4b72-bb5f-66a5695222df,GH3,sys_gh_rh,36.5000,normal,1.00,2025-05-01 00:00:00+00,2025-08-09 06:58:58.765837+00
2492,5c5bc271-66b8-4b72-bb5f-66a5695222df,GH3,sys_gh_rh,40.0000,normal,1.00,2025-05-02 00:00:00+00,2025-08-09 06:58:58.765837+00
2493,5c5bc271-66b8-4b72-bb5f-66a5695222df,GH3,sys_gh_rh,40.0000,normal,1.00,2025-05-03 00:00:00+00,2025-08-09 06:58:58.765837+00
2494,5c5bc271-66b8-4b72-bb5f-66a5695222df,GH3,sys_gh_rh,43.0000,normal,1.00,2025-05-04 00:00:00+00,2025-08-09 06:58:58.765837+00
2495,5c5bc271-66b8-4b72-bb5f-66a5695222df,GH3,sys_gh_rh,48.0000,normal,1.00,2025-05-05 00:00:00+00,2025-08-09 06:58:58.765837+00
2496,5c5bc271-66b8-4b72-bb5f-66a5695222df,GH3,sys_gh_rh,47.3000,normal,1.00,2025-05-06 00:00:00+00,2025-08-09 06:58:58.765837+00
2497,5c5bc271-66b8-4b72-bb5f-66a5695222df,GH3,sys_gh_rh,45.9000,normal,1.00,2025-05-07 00:00:00+00,2025-08-09 06:58:58.765837+00
2498,5c5bc271-66b8-4b72-bb5f-66a5695222df,GH3,sys_gh_rh,46.0000,normal,1.00,2025-05-08 00:00:00+00,2025-08-09 06:58:58.765837+00
2499,5c5bc271-66b8-4b72-bb5f-66a5695222df,GH3,sys_gh_rh,39.0000,normal,1.00,2025-05-09 00:00:00+00,2025-08-09 06:58:58.765837+00
2500,5c5bc271-66b8-4b72-bb5f-66a5695222df,GH3,sys_gh_rh,28.0000,normal,1.00,2025-05-10 00:00:00+00,2025-08-09 06:58:58.765837+00
2501,5c5bc271-66b8-4b72-bb5f-66a5695222df,GH3,sys_gh_rh,28.0000,normal,1.00,2025-05-11 00:00:00+00,2025-08-09 06:58:58.765837+00
2502,5c5bc271-66b8-4b72-bb5f-66a5695222df,GH3,sys_gh_rh,44.0000,normal,1.00,2025-05-12 00:00:00+00,2025-08-09 06:58:58.765837+00
2503,5c5bc271-66b8-4b72-bb5f-66a5695222df,GH3,sys_gh_rh,40.0000,normal,1.00,2025-05-13 00:00:00+00,2025-08-09 06:58:58.765837+00
2504,5c5bc271-66b8-4b72-bb5f-66a5695222df,GH3,sys_gh_rh,46.0000,normal,1.00,2025-05-14 00:00:00+00,2025-08-09 06:58:58.765837+00
2505,5c5bc271-66b8-4b72-bb5f-66a5695222df,GH3,sys_gh_rh,44.0000,normal,1.00,2025-05-15 00:00:00+00,2025-08-09 06:58:58.765837+00
2506,5c5bc271-66b8-4b72-bb5f-66a5695222df,GH3,sys_gh_rh,38.0000,normal,1.00,2025-05-16 00:00:00+00,2025-08-09 06:58:58.765837+00
2507,5c5bc271-66b8-4b72-bb5f-66a5695222df,GH3,sys_gh_rh,38.0000,normal,1.00,2025-05-17 00:00:00+00,2025-08-09 06:58:58.765837+00
2508,5c5bc271-66b8-4b72-bb5f-66a5695222df,GH3,sys_gh_rh,41.0000,normal,1.00,2025-05-18 00:00:00+00,2025-08-09 06:58:58.765837+00
2509,5c5bc271-66b8-4b72-bb5f-66a5695222df,GH3,sys_gh_rh,36.0000,normal,1.00,2025-05-19 00:00:00+00,2025-08-09 06:58:58.765837+00
2510,5c5bc271-66b8-4b72-bb5f-66a5695222df,GH3,sys_gh_rh,43.0000,normal,1.00,2025-05-20 00:00:00+00,2025-08-09 06:58:58.765837+00
2511,5c5bc271-66b8-4b72-bb5f-66a5695222df,GH3,sys_gh_rh,42.0000,normal,1.00,2025-05-21 00:00:00+00,2025-08-09 06:58:58.765837+00
2512,5c5bc271-66b8-4b72-bb5f-66a5695222df,GH3,sys_gh_rh,39.0000,normal,1.00,2025-05-22 00:00:00+00,2025-08-09 06:58:58.765837+00
2513,5c5bc271-66b8-4b72-bb5f-66a5695222df,GH3,sys_gh_rh,38.0000,normal,1.00,2025-05-23 00:00:00+00,2025-08-09 06:58:58.765837+00
2514,5c5bc271-66b8-4b72-bb5f-66a5695222df,GH3,sys_gh_rh,38.0000,normal,1.00,2025-05-24 00:00:00+00,2025-08-09 06:58:58.765837+00
2515,5c5bc271-66b8-4b72-bb5f-66a5695222df,GH3,sys_gh_rh,37.0000,normal,1.00,2025-05-25 00:00:00+00,2025-08-09 06:58:58.765837+00
2516,5c5bc271-66b8-4b72-bb5f-66a5695222df,GH3,sys_gh_rh,40.0000,normal,1.00,2025-05-26 00:00:00+00,2025-08-09 06:58:58.765837+00
2517,5c5bc271-66b8-4b72-bb5f-66a5695222df,GH3,sys_gh_rh,43.0000,normal,1.00,2025-05-27 00:00:00+00,2025-08-09 06:58:58.765837+00
2518,5c5bc271-66b8-4b72-bb5f-66a5695222df,GH3,sys_gh_rh,51.0000,normal,1.00,2025-05-28 00:00:00+00,2025-08-09 06:58:58.765837+00
2519,5c5bc271-66b8-4b72-bb5f-66a5695222df,GH3,sys_gh_rh,57.4000,normal,1.00,2025-05-29 00:00:00+00,2025-08-09 06:58:58.765837+00
2520,5c5bc271-66b8-4b72-bb5f-66a5695222df,GH3,sys_gh_rh,56.0000,normal,1.00,2025-05-30 00:00:00+00,2025-08-09 06:58:58.765837+00
2521,5c5bc271-66b8-4b72-bb5f-66a5695222df,GH3,sys_gh_rh,51.0000,normal,1.00,2025-05-31 00:00:00+00,2025-08-09 06:58:58.765837+00
2522,5c5bc271-66b8-4b72-bb5f-66a5695222df,GH3,sys_gh_rh,56.0000,normal,1.00,2025-06-01 00:00:00+00,2025-08-09 06:58:58.765837+00
2523,5c5bc271-66b8-4b72-bb5f-66a5695222df,GH3,sys_gh_rh,50.0000,normal,1.00,2025-06-02 00:00:00+00,2025-08-09 06:58:58.765837+00
2524,5c5bc271-66b8-4b72-bb5f-66a5695222df,GH3,sys_gh_rh,47.0000,normal,1.00,2025-06-03 00:00:00+00,2025-08-09 06:58:58.765837+00
2525,5c5bc271-66b8-4b72-bb5f-66a5695222df,GH3,sys_gh_rh,45.0000,normal,1.00,2025-06-04 00:00:00+00,2025-08-09 06:58:58.765837+00
2526,5c5bc271-66b8-4b72-bb5f-66a5695222df,GH3,sys_gh_rh,48.0000,normal,1.00,2025-06-05 00:00:00+00,2025-08-09 06:58:58.765837+00
2527,5c5bc271-66b8-4b72-bb5f-66a5695222df,GH3,sys_gh_rh,61.0000,normal,1.00,2025-06-06 00:00:00+00,2025-08-09 06:58:58.765837+00
2528,5c5bc271-66b8-4b72-bb5f-66a5695222df,GH3,sys_gh_rh,65.0000,normal,1.00,2025-06-07 00:00:00+00,2025-08-09 06:58:58.765837+00
2529,5c5bc271-66b8-4b72-bb5f-66a5695222df,GH3,sys_gh_rh,58.0000,normal,1.00,2025-06-08 00:00:00+00,2025-08-09 06:58:58.765837+00
2530,5c5bc271-66b8-4b72-bb5f-66a5695222df,GH3,sys_gh_rh,56.0000,normal,1.00,2025-06-09 00:00:00+00,2025-08-09 06:58:58.765837+00
2531,5c5bc271-66b8-4b72-bb5f-66a5695222df,GH3,sys_gh_rh,60.3000,normal,1.00,2025-06-10 00:00:00+00,2025-08-09 06:58:58.765837+00
2532,5c5bc271-66b8-4b72-bb5f-66a5695222df,GH3,sys_gh_rh,76.8000,normal,1.00,2025-06-11 00:00:00+00,2025-08-09 06:58:58.765837+00
2533,5c5bc271-66b8-4b72-bb5f-66a5695222df,GH3,sys_gh_rh,57.0000,normal,1.00,2025-06-12 00:00:00+00,2025-08-09 06:58:58.765837+00
2534,5c5bc271-66b8-4b72-bb5f-66a5695222df,GH3,sys_gh_rh,49.0000,normal,1.00,2025-06-13 00:00:00+00,2025-08-09 06:58:58.765837+00
2535,5c5bc271-66b8-4b72-bb5f-66a5695222df,GH3,sys_gh_rh,44.0000,normal,1.00,2025-06-14 00:00:00+00,2025-08-09 06:58:58.765837+00
2536,5c5bc271-66b8-4b72-bb5f-66a5695222df,GH3,sys_gh_rh,40.0000,normal,1.00,2025-06-15 00:00:00+00,2025-08-09 06:58:58.765837+00
2537,5c5bc271-66b8-4b72-bb5f-66a5695222df,GH3,sys_gh_rh,42.0000,normal,1.00,2025-06-16 00:00:00+00,2025-08-09 06:58:58.765837+00
2538,5c5bc271-66b8-4b72-bb5f-66a5695222df,GH3,sys_gh_rh,42.0000,normal,1.00,2025-06-17 00:00:00+00,2025-08-09 06:58:58.765837+00
2539,5c5bc271-66b8-4b72-bb5f-66a5695222df,GH3,sys_gh_rh,58.0000,normal,1.00,2025-06-18 00:00:00+00,2025-08-09 06:58:58.765837+00
2540,5c5bc271-66b8-4b72-bb5f-66a5695222df,GH3,sys_gh_rh,55.0000,normal,1.00,2025-06-19 00:00:00+00,2025-08-09 06:58:58.765837+00
2541,5c5bc271-66b8-4b72-bb5f-66a5695222df,GH3,sys_gh_rh,59.0000,normal,1.00,2025-06-20 00:00:00+00,2025-08-09 06:58:58.765837+00
2542,5c5bc271-66b8-4b72-bb5f-66a5695222df,GH3,sys_gh_rh,50.0000,normal,1.00,2025-06-21 00:00:00+00,2025-08-09 06:58:58.765837+00
2543,5c5bc271-66b8-4b72-bb5f-66a5695222df,GH3,sys_gh_rh,69.0000,normal,1.00,2025-06-22 00:00:00+00,2025-08-09 06:58:58.765837+00
2544,5c5bc271-66b8-4b72-bb5f-66a5695222df,GH3,sys_gh_rh,42.0000,normal,1.00,2025-06-23 00:00:00+00,2025-08-09 06:58:58.765837+00
2545,5c5bc271-66b8-4b72-bb5f-66a5695222df,GH3,sys_gh_rh,42.0000,normal,1.00,2025-06-24 00:00:00+00,2025-08-09 06:58:58.765837+00
2546,5c5bc271-66b8-4b72-bb5f-66a5695222df,GH3,sys_gh_rh,58.0000,normal,1.00,2025-06-25 00:00:00+00,2025-08-09 06:58:58.765837+00
2547,5c5bc271-66b8-4b72-bb5f-66a5695222df,GH3,sys_gh_rh,55.0000,normal,1.00,2025-06-26 00:00:00+00,2025-08-09 06:58:58.765837+00
2548,5c5bc271-66b8-4b72-bb5f-66a5695222df,GH3,sys_gh_rh,59.0000,normal,1.00,2025-06-27 00:00:00+00,2025-08-09 06:58:58.765837+00
2549,5c5bc271-66b8-4b72-bb5f-66a5695222df,GH3,sys_gh_rh,50.0000,normal,1.00,2025-06-28 00:00:00+00,2025-08-09 06:58:58.765837+00
2550,5c5bc271-66b8-4b72-bb5f-66a5695222df,GH3,sys_gh_rh,55.0000,normal,1.00,2025-06-29 00:00:00+00,2025-08-09 06:58:58.765837+00
2551,5c5bc271-66b8-4b72-bb5f-66a5695222df,GH3,fwater_ec,0.1480,normal,1.00,2025-04-21 00:00:00+00,2025-08-09 06:58:58.765837+00
2552,5c5bc271-66b8-4b72-bb5f-66a5695222df,GH3,fwater_ec,0.1440,normal,1.00,2025-04-22 00:00:00+00,2025-08-09 06:58:58.765837+00
2553,5c5bc271-66b8-4b72-bb5f-66a5695222df,GH3,fwater_ec,0.1450,normal,1.00,2025-04-23 00:00:00+00,2025-08-09 06:58:58.765837+00
2554,5c5bc271-66b8-4b72-bb5f-66a5695222df,GH3,fwater_ec,0.1580,normal,1.00,2025-04-24 00:00:00+00,2025-08-09 06:58:58.765837+00
2555,5c5bc271-66b8-4b72-bb5f-66a5695222df,GH3,fwater_ec,0.1490,normal,1.00,2025-04-25 00:00:00+00,2025-08-09 06:58:58.765837+00
2556,5c5bc271-66b8-4b72-bb5f-66a5695222df,GH3,fwater_ec,0.1590,normal,1.00,2025-04-26 00:00:00+00,2025-08-09 06:58:58.765837+00
2557,5c5bc271-66b8-4b72-bb5f-66a5695222df,GH3,fwater_ec,0.1460,normal,1.00,2025-04-27 00:00:00+00,2025-08-09 06:58:58.765837+00
2558,5c5bc271-66b8-4b72-bb5f-66a5695222df,GH3,fwater_ec,0.1460,normal,1.00,2025-04-28 00:00:00+00,2025-08-09 06:58:58.765837+00
2559,5c5bc271-66b8-4b72-bb5f-66a5695222df,GH3,fwater_ec,0.1520,normal,1.00,2025-04-29 00:00:00+00,2025-08-09 06:58:58.765837+00
2560,5c5bc271-66b8-4b72-bb5f-66a5695222df,GH3,fwater_ec,0.1528,normal,1.00,2025-04-30 00:00:00+00,2025-08-09 06:58:58.765837+00
2561,5c5bc271-66b8-4b72-bb5f-66a5695222df,GH3,fwater_ec,0.1500,normal,1.00,2025-05-01 00:00:00+00,2025-08-09 06:58:58.765837+00
2562,5c5bc271-66b8-4b72-bb5f-66a5695222df,GH3,fwater_ec,0.1430,normal,1.00,2025-05-02 00:00:00+00,2025-08-09 06:58:58.765837+00
2563,5c5bc271-66b8-4b72-bb5f-66a5695222df,GH3,fwater_ec,0.1460,normal,1.00,2025-05-03 00:00:00+00,2025-08-09 06:58:58.765837+00
2564,5c5bc271-66b8-4b72-bb5f-66a5695222df,GH3,fwater_ec,0.1420,normal,1.00,2025-05-04 00:00:00+00,2025-08-09 06:58:58.765837+00
2565,5c5bc271-66b8-4b72-bb5f-66a5695222df,GH3,fwater_ec,0.1390,normal,1.00,2025-05-05 00:00:00+00,2025-08-09 06:58:58.765837+00
2566,5c5bc271-66b8-4b72-bb5f-66a5695222df,GH3,fwater_ec,0.1450,normal,1.00,2025-05-06 00:00:00+00,2025-08-09 06:58:58.765837+00
2567,5c5bc271-66b8-4b72-bb5f-66a5695222df,GH3,fwater_ec,0.1460,normal,1.00,2025-05-07 00:00:00+00,2025-08-09 06:58:58.765837+00
2568,5c5bc271-66b8-4b72-bb5f-66a5695222df,GH3,fwater_ec,0.1500,normal,1.00,2025-05-08 00:00:00+00,2025-08-09 06:58:58.765837+00
2569,5c5bc271-66b8-4b72-bb5f-66a5695222df,GH3,fwater_ec,0.1420,normal,1.00,2025-05-09 00:00:00+00,2025-08-09 06:58:58.765837+00
2570,5c5bc271-66b8-4b72-bb5f-66a5695222df,GH3,fwater_ec,0.1500,normal,1.00,2025-05-10 00:00:00+00,2025-08-09 06:58:58.765837+00
2571,5c5bc271-66b8-4b72-bb5f-66a5695222df,GH3,fwater_ec,0.1500,normal,1.00,2025-05-11 00:00:00+00,2025-08-09 06:58:58.765837+00
2572,5c5bc271-66b8-4b72-bb5f-66a5695222df,GH3,fwater_ec,0.1430,normal,1.00,2025-05-12 00:00:00+00,2025-08-09 06:58:58.765837+00
2573,5c5bc271-66b8-4b72-bb5f-66a5695222df,GH3,fwater_ec,0.1470,normal,1.00,2025-05-13 00:00:00+00,2025-08-09 06:58:58.765837+00
2574,5c5bc271-66b8-4b72-bb5f-66a5695222df,GH3,fwater_ec,0.1490,normal,1.00,2025-05-14 00:00:00+00,2025-08-09 06:58:58.765837+00
2575,5c5bc271-66b8-4b72-bb5f-66a5695222df,GH3,fwater_ec,0.1450,normal,1.00,2025-05-15 00:00:00+00,2025-08-09 06:58:58.765837+00
2576,5c5bc271-66b8-4b72-bb5f-66a5695222df,GH3,fwater_ec,0.1460,normal,1.00,2025-05-16 00:00:00+00,2025-08-09 06:58:58.765837+00
2577,5c5bc271-66b8-4b72-bb5f-66a5695222df,GH3,fwater_ec,0.1470,normal,1.00,2025-05-17 00:00:00+00,2025-08-09 06:58:58.765837+00
2578,5c5bc271-66b8-4b72-bb5f-66a5695222df,GH3,fwater_ec,0.1430,normal,1.00,2025-05-18 00:00:00+00,2025-08-09 06:58:58.765837+00
2579,5c5bc271-66b8-4b72-bb5f-66a5695222df,GH3,fwater_ec,0.1550,normal,1.00,2025-05-19 00:00:00+00,2025-08-09 06:58:58.765837+00
2580,5c5bc271-66b8-4b72-bb5f-66a5695222df,GH3,fwater_ec,0.1480,normal,1.00,2025-05-20 00:00:00+00,2025-08-09 06:58:58.765837+00
2581,5c5bc271-66b8-4b72-bb5f-66a5695222df,GH3,fwater_ec,0.1490,normal,1.00,2025-05-21 00:00:00+00,2025-08-09 06:58:58.765837+00
2582,5c5bc271-66b8-4b72-bb5f-66a5695222df,GH3,fwater_ec,0.1520,normal,1.00,2025-05-22 00:00:00+00,2025-08-09 06:58:58.765837+00
2583,5c5bc271-66b8-4b72-bb5f-66a5695222df,GH3,fwater_ec,0.1530,normal,1.00,2025-05-23 00:00:00+00,2025-08-09 06:58:58.765837+00
2584,5c5bc271-66b8-4b72-bb5f-66a5695222df,GH3,fwater_ec,0.1590,normal,1.00,2025-05-24 00:00:00+00,2025-08-09 06:58:58.765837+00
2585,5c5bc271-66b8-4b72-bb5f-66a5695222df,GH3,fwater_ec,0.1430,normal,1.00,2025-05-25 00:00:00+00,2025-08-09 06:58:58.765837+00
2586,5c5bc271-66b8-4b72-bb5f-66a5695222df,GH3,fwater_ec,0.1590,normal,1.00,2025-05-26 00:00:00+00,2025-08-09 06:58:58.765837+00
2587,5c5bc271-66b8-4b72-bb5f-66a5695222df,GH3,fwater_ec,0.1520,normal,1.00,2025-05-27 00:00:00+00,2025-08-09 06:58:58.765837+00
2588,5c5bc271-66b8-4b72-bb5f-66a5695222df,GH3,fwater_ec,0.1510,normal,1.00,2025-05-28 00:00:00+00,2025-08-09 06:58:58.765837+00
2589,5c5bc271-66b8-4b72-bb5f-66a5695222df,GH3,fwater_ec,0.1520,normal,1.00,2025-05-29 00:00:00+00,2025-08-09 06:58:58.765837+00
2590,5c5bc271-66b8-4b72-bb5f-66a5695222df,GH3,fwater_ec,0.1500,normal,1.00,2025-05-30 00:00:00+00,2025-08-09 06:58:58.765837+00
2591,5c5bc271-66b8-4b72-bb5f-66a5695222df,GH3,fwater_ec,0.1620,normal,1.00,2025-05-31 00:00:00+00,2025-08-09 06:58:58.765837+00
2592,5c5bc271-66b8-4b72-bb5f-66a5695222df,GH3,fwater_ec,0.1460,normal,1.00,2025-06-01 00:00:00+00,2025-08-09 06:58:58.765837+00
2593,5c5bc271-66b8-4b72-bb5f-66a5695222df,GH3,fwater_ec,0.1620,normal,1.00,2025-06-02 00:00:00+00,2025-08-09 06:58:58.765837+00
2594,5c5bc271-66b8-4b72-bb5f-66a5695222df,GH3,fwater_ec,0.1510,normal,1.00,2025-06-03 00:00:00+00,2025-08-09 06:58:58.765837+00
2595,5c5bc271-66b8-4b72-bb5f-66a5695222df,GH3,fwater_ec,0.1500,normal,1.00,2025-06-04 00:00:00+00,2025-08-09 06:58:58.765837+00
2596,5c5bc271-66b8-4b72-bb5f-66a5695222df,GH3,fwater_ec,0.1660,normal,1.00,2025-06-05 00:00:00+00,2025-08-09 06:58:58.765837+00
2597,5c5bc271-66b8-4b72-bb5f-66a5695222df,GH3,fwater_ec,0.1560,normal,1.00,2025-06-06 00:00:00+00,2025-08-09 06:58:58.765837+00
2598,5c5bc271-66b8-4b72-bb5f-66a5695222df,GH3,fwater_ec,0.1710,normal,1.00,2025-06-07 00:00:00+00,2025-08-09 06:58:58.765837+00
2599,5c5bc271-66b8-4b72-bb5f-66a5695222df,GH3,fwater_ec,0.1480,normal,1.00,2025-06-08 00:00:00+00,2025-08-09 06:58:58.765837+00
2600,5c5bc271-66b8-4b72-bb5f-66a5695222df,GH3,fwater_ec,0.1580,normal,1.00,2025-06-09 00:00:00+00,2025-08-09 06:58:58.765837+00
2601,5c5bc271-66b8-4b72-bb5f-66a5695222df,GH3,fwater_ec,0.1530,normal,1.00,2025-06-10 00:00:00+00,2025-08-09 06:58:58.765837+00
2602,5c5bc271-66b8-4b72-bb5f-66a5695222df,GH3,fwater_ec,0.1590,normal,1.00,2025-06-11 00:00:00+00,2025-08-09 06:58:58.765837+00
2603,5c5bc271-66b8-4b72-bb5f-66a5695222df,GH3,fwater_ec,0.1490,normal,1.00,2025-06-12 00:00:00+00,2025-08-09 06:58:58.765837+00
2604,5c5bc271-66b8-4b72-bb5f-66a5695222df,GH3,fwater_ec,0.1500,normal,1.00,2025-06-13 00:00:00+00,2025-08-09 06:58:58.765837+00
2605,5c5bc271-66b8-4b72-bb5f-66a5695222df,GH3,fwater_ec,0.1510,normal,1.00,2025-06-14 00:00:00+00,2025-08-09 06:58:58.765837+00
2606,5c5bc271-66b8-4b72-bb5f-66a5695222df,GH3,fwater_ec,0.1490,normal,1.00,2025-06-15 00:00:00+00,2025-08-09 06:58:58.765837+00
2607,5c5bc271-66b8-4b72-bb5f-66a5695222df,GH3,fwater_ec,0.1550,normal,1.00,2025-06-16 00:00:00+00,2025-08-09 06:58:58.765837+00
2608,5c5bc271-66b8-4b72-bb5f-66a5695222df,GH3,fwater_ec,0.1560,normal,1.00,2025-06-17 00:00:00+00,2025-08-09 06:58:58.765837+00
2609,5c5bc271-66b8-4b72-bb5f-66a5695222df,GH3,fwater_ec,0.1560,normal,1.00,2025-06-18 00:00:00+00,2025-08-09 06:58:58.765837+00
2610,5c5bc271-66b8-4b72-bb5f-66a5695222df,GH3,fwater_ec,0.1610,normal,1.00,2025-06-19 00:00:00+00,2025-08-09 06:58:58.765837+00
2611,5c5bc271-66b8-4b72-bb5f-66a5695222df,GH3,fwater_ec,0.1620,normal,1.00,2025-06-20 00:00:00+00,2025-08-09 06:58:58.765837+00
2612,5c5bc271-66b8-4b72-bb5f-66a5695222df,GH3,fwater_ec,0.1680,normal,1.00,2025-06-21 00:00:00+00,2025-08-09 06:58:58.765837+00
2613,5c5bc271-66b8-4b72-bb5f-66a5695222df,GH3,fwater_ec,0.1520,normal,1.00,2025-06-22 00:00:00+00,2025-08-09 06:58:58.765837+00
2614,5c5bc271-66b8-4b72-bb5f-66a5695222df,GH3,fwater_ec,0.1620,normal,1.00,2025-06-23 00:00:00+00,2025-08-09 06:58:58.765837+00
2615,5c5bc271-66b8-4b72-bb5f-66a5695222df,GH3,fwater_ec,0.1620,normal,1.00,2025-06-24 00:00:00+00,2025-08-09 06:58:58.765837+00
2616,5c5bc271-66b8-4b72-bb5f-66a5695222df,GH3,fwater_ec,0.1600,normal,1.00,2025-06-25 00:00:00+00,2025-08-09 06:58:58.765837+00
2617,5c5bc271-66b8-4b72-bb5f-66a5695222df,GH3,fwater_ec,0.1560,normal,1.00,2025-06-26 00:00:00+00,2025-08-09 06:58:58.765837+00
2618,5c5bc271-66b8-4b72-bb5f-66a5695222df,GH3,fwater_ec,0.1550,normal,1.00,2025-06-27 00:00:00+00,2025-08-09 06:58:58.765837+00
2619,5c5bc271-66b8-4b72-bb5f-66a5695222df,GH3,fwater_ec,0.1640,normal,1.00,2025-06-28 00:00:00+00,2025-08-09 06:58:58.765837+00
2620,5c5bc271-66b8-4b72-bb5f-66a5695222df,GH3,fwater_ec,0.1550,normal,1.00,2025-06-29 00:00:00+00,2025-08-09 06:58:58.765837+00
2621,5c5bc271-66b8-4b72-bb5f-66a5695222df,GH3,fwater_ph,7.4000,normal,1.00,2025-04-21 00:00:00+00,2025-08-09 06:58:58.765837+00
2622,5c5bc271-66b8-4b72-bb5f-66a5695222df,GH3,fwater_ph,7.6000,normal,1.00,2025-04-22 00:00:00+00,2025-08-09 06:58:58.765837+00
2623,5c5bc271-66b8-4b72-bb5f-66a5695222df,GH3,fwater_ph,7.7000,normal,1.00,2025-04-23 00:00:00+00,2025-08-09 06:58:58.765837+00
2624,5c5bc271-66b8-4b72-bb5f-66a5695222df,GH3,fwater_ph,7.0000,normal,1.00,2025-04-24 00:00:00+00,2025-08-09 06:58:58.765837+00
2625,5c5bc271-66b8-4b72-bb5f-66a5695222df,GH3,fwater_ph,7.3000,normal,1.00,2025-04-25 00:00:00+00,2025-08-09 06:58:58.765837+00
2626,5c5bc271-66b8-4b72-bb5f-66a5695222df,GH3,fwater_ph,7.3000,normal,1.00,2025-04-26 00:00:00+00,2025-08-09 06:58:58.765837+00
2627,5c5bc271-66b8-4b72-bb5f-66a5695222df,GH3,fwater_ph,7.3000,normal,1.00,2025-04-27 00:00:00+00,2025-08-09 06:58:58.765837+00
2628,5c5bc271-66b8-4b72-bb5f-66a5695222df,GH3,fwater_ph,7.4000,normal,1.00,2025-04-28 00:00:00+00,2025-08-09 06:58:58.765837+00
2629,5c5bc271-66b8-4b72-bb5f-66a5695222df,GH3,fwater_ph,7.5000,normal,1.00,2025-04-29 00:00:00+00,2025-08-09 06:58:58.765837+00
2630,5c5bc271-66b8-4b72-bb5f-66a5695222df,GH3,fwater_ph,7.5000,normal,1.00,2025-04-30 00:00:00+00,2025-08-09 06:58:58.765837+00
2631,5c5bc271-66b8-4b72-bb5f-66a5695222df,GH3,fwater_ph,7.3000,normal,1.00,2025-05-01 00:00:00+00,2025-08-09 06:58:58.765837+00
2632,5c5bc271-66b8-4b72-bb5f-66a5695222df,GH3,fwater_ph,7.6000,normal,1.00,2025-05-02 00:00:00+00,2025-08-09 06:58:58.765837+00
2633,5c5bc271-66b8-4b72-bb5f-66a5695222df,GH3,fwater_ph,7.5000,normal,1.00,2025-05-03 00:00:00+00,2025-08-09 06:58:58.765837+00
2634,5c5bc271-66b8-4b72-bb5f-66a5695222df,GH3,fwater_ph,7.7000,normal,1.00,2025-05-04 00:00:00+00,2025-08-09 06:58:58.765837+00
2635,5c5bc271-66b8-4b72-bb5f-66a5695222df,GH3,fwater_ph,7.7000,normal,1.00,2025-05-05 00:00:00+00,2025-08-09 06:58:58.765837+00
2636,5c5bc271-66b8-4b72-bb5f-66a5695222df,GH3,fwater_ph,7.6000,normal,1.00,2025-05-06 00:00:00+00,2025-08-09 06:58:58.765837+00
2637,5c5bc271-66b8-4b72-bb5f-66a5695222df,GH3,fwater_ph,7.6000,normal,1.00,2025-05-07 00:00:00+00,2025-08-09 06:58:58.765837+00
2638,5c5bc271-66b8-4b72-bb5f-66a5695222df,GH3,fwater_ph,7.3000,normal,1.00,2025-05-08 00:00:00+00,2025-08-09 06:58:58.765837+00
2639,5c5bc271-66b8-4b72-bb5f-66a5695222df,GH3,fwater_ph,7.4000,normal,1.00,2025-05-09 00:00:00+00,2025-08-09 06:58:58.765837+00
2640,5c5bc271-66b8-4b72-bb5f-66a5695222df,GH3,fwater_ph,7.4000,normal,1.00,2025-05-10 00:00:00+00,2025-08-09 06:58:58.765837+00
2641,5c5bc271-66b8-4b72-bb5f-66a5695222df,GH3,fwater_ph,7.3000,normal,1.00,2025-05-11 00:00:00+00,2025-08-09 06:58:58.765837+00
2642,5c5bc271-66b8-4b72-bb5f-66a5695222df,GH3,fwater_ph,7.5000,normal,1.00,2025-05-12 00:00:00+00,2025-08-09 06:58:58.765837+00
2643,5c5bc271-66b8-4b72-bb5f-66a5695222df,GH3,fwater_ph,7.3000,normal,1.00,2025-05-13 00:00:00+00,2025-08-09 06:58:58.765837+00
2644,5c5bc271-66b8-4b72-bb5f-66a5695222df,GH3,fwater_ph,6.9000,normal,1.00,2025-05-14 00:00:00+00,2025-08-09 06:58:58.765837+00
2645,5c5bc271-66b8-4b72-bb5f-66a5695222df,GH3,fwater_ph,6.8000,normal,1.00,2025-05-15 00:00:00+00,2025-08-09 06:58:58.765837+00
2646,5c5bc271-66b8-4b72-bb5f-66a5695222df,GH3,fwater_ph,7.1000,normal,1.00,2025-05-16 00:00:00+00,2025-08-09 06:58:58.765837+00
2647,5c5bc271-66b8-4b72-bb5f-66a5695222df,GH3,fwater_ph,6.9000,normal,1.00,2025-05-17 00:00:00+00,2025-08-09 06:58:58.765837+00
2648,5c5bc271-66b8-4b72-bb5f-66a5695222df,GH3,fwater_ph,7.0000,normal,1.00,2025-05-18 00:00:00+00,2025-08-09 06:58:58.765837+00
2649,5c5bc271-66b8-4b72-bb5f-66a5695222df,GH3,fwater_ph,7.2000,normal,1.00,2025-05-19 00:00:00+00,2025-08-09 06:58:58.765837+00
2650,5c5bc271-66b8-4b72-bb5f-66a5695222df,GH3,fwater_ph,7.2000,normal,1.00,2025-05-20 00:00:00+00,2025-08-09 06:58:58.765837+00
2651,5c5bc271-66b8-4b72-bb5f-66a5695222df,GH3,fwater_ph,7.4000,normal,1.00,2025-05-21 00:00:00+00,2025-08-09 06:58:58.765837+00
2652,5c5bc271-66b8-4b72-bb5f-66a5695222df,GH3,fwater_ph,7.4000,normal,1.00,2025-05-22 00:00:00+00,2025-08-09 06:58:58.765837+00
2653,5c5bc271-66b8-4b72-bb5f-66a5695222df,GH3,fwater_ph,7.5000,normal,1.00,2025-05-23 00:00:00+00,2025-08-09 06:58:58.765837+00
2654,5c5bc271-66b8-4b72-bb5f-66a5695222df,GH3,fwater_ph,7.6000,normal,1.00,2025-05-24 00:00:00+00,2025-08-09 06:58:58.765837+00
2655,5c5bc271-66b8-4b72-bb5f-66a5695222df,GH3,fwater_ph,7.6000,normal,1.00,2025-05-25 00:00:00+00,2025-08-09 06:58:58.765837+00
2656,5c5bc271-66b8-4b72-bb5f-66a5695222df,GH3,fwater_ph,7.6000,normal,1.00,2025-05-26 00:00:00+00,2025-08-09 06:58:58.765837+00
2657,5c5bc271-66b8-4b72-bb5f-66a5695222df,GH3,fwater_ph,7.5000,normal,1.00,2025-05-27 00:00:00+00,2025-08-09 06:58:58.765837+00
2658,5c5bc271-66b8-4b72-bb5f-66a5695222df,GH3,fwater_ph,7.5000,normal,1.00,2025-05-28 00:00:00+00,2025-08-09 06:58:58.765837+00
2659,5c5bc271-66b8-4b72-bb5f-66a5695222df,GH3,fwater_ph,7.4000,normal,1.00,2025-05-29 00:00:00+00,2025-08-09 06:58:58.765837+00
2660,5c5bc271-66b8-4b72-bb5f-66a5695222df,GH3,fwater_ph,7.4000,normal,1.00,2025-05-30 00:00:00+00,2025-08-09 06:58:58.765837+00
2661,5c5bc271-66b8-4b72-bb5f-66a5695222df,GH3,fwater_ph,7.6000,normal,1.00,2025-05-31 00:00:00+00,2025-08-09 06:58:58.765837+00
2662,5c5bc271-66b8-4b72-bb5f-66a5695222df,GH3,fwater_ph,7.6000,normal,1.00,2025-06-01 00:00:00+00,2025-08-09 06:58:58.765837+00
2663,5c5bc271-66b8-4b72-bb5f-66a5695222df,GH3,fwater_ph,7.5000,normal,1.00,2025-06-02 00:00:00+00,2025-08-09 06:58:58.765837+00
2664,5c5bc271-66b8-4b72-bb5f-66a5695222df,GH3,fwater_ph,7.3000,normal,1.00,2025-06-03 00:00:00+00,2025-08-09 06:58:58.765837+00
2665,5c5bc271-66b8-4b72-bb5f-66a5695222df,GH3,fwater_ph,7.2000,normal,1.00,2025-06-04 00:00:00+00,2025-08-09 06:58:58.765837+00
2666,5c5bc271-66b8-4b72-bb5f-66a5695222df,GH3,fwater_ph,7.2000,normal,1.00,2025-06-05 00:00:00+00,2025-08-09 06:58:58.765837+00
2667,5c5bc271-66b8-4b72-bb5f-66a5695222df,GH3,fwater_ph,7.6000,normal,1.00,2025-06-06 00:00:00+00,2025-08-09 06:58:58.765837+00
2668,5c5bc271-66b8-4b72-bb5f-66a5695222df,GH3,fwater_ph,7.5000,normal,1.00,2025-06-07 00:00:00+00,2025-08-09 06:58:58.765837+00
2669,5c5bc271-66b8-4b72-bb5f-66a5695222df,GH3,fwater_ph,7.7000,normal,1.00,2025-06-08 00:00:00+00,2025-08-09 06:58:58.765837+00
2670,5c5bc271-66b8-4b72-bb5f-66a5695222df,GH3,fwater_ph,7.3000,normal,1.00,2025-06-09 00:00:00+00,2025-08-09 06:58:58.765837+00
2671,5c5bc271-66b8-4b72-bb5f-66a5695222df,GH3,fwater_ph,7.4000,normal,1.00,2025-06-10 00:00:00+00,2025-08-09 06:58:58.765837+00
2672,5c5bc271-66b8-4b72-bb5f-66a5695222df,GH3,fwater_ph,7.4000,normal,1.00,2025-06-11 00:00:00+00,2025-08-09 06:58:58.765837+00
2673,5c5bc271-66b8-4b72-bb5f-66a5695222df,GH3,fwater_ph,7.6000,normal,1.00,2025-06-12 00:00:00+00,2025-08-09 06:58:58.765837+00
2674,5c5bc271-66b8-4b72-bb5f-66a5695222df,GH3,fwater_ph,7.2000,normal,1.00,2025-06-13 00:00:00+00,2025-08-09 06:58:58.765837+00
2675,5c5bc271-66b8-4b72-bb5f-66a5695222df,GH3,fwater_ph,7.2000,normal,1.00,2025-06-14 00:00:00+00,2025-08-09 06:58:58.765837+00
2676,5c5bc271-66b8-4b72-bb5f-66a5695222df,GH3,fwater_ph,7.1000,normal,1.00,2025-06-15 00:00:00+00,2025-08-09 06:58:58.765837+00
2677,5c5bc271-66b8-4b72-bb5f-66a5695222df,GH3,fwater_ph,7.0000,normal,1.00,2025-06-16 00:00:00+00,2025-08-09 06:58:58.765837+00
2678,5c5bc271-66b8-4b72-bb5f-66a5695222df,GH3,fwater_ph,6.9000,normal,1.00,2025-06-17 00:00:00+00,2025-08-09 06:58:58.765837+00
2679,5c5bc271-66b8-4b72-bb5f-66a5695222df,GH3,fwater_ph,7.1000,normal,1.00,2025-06-18 00:00:00+00,2025-08-09 06:58:58.765837+00
2680,5c5bc271-66b8-4b72-bb5f-66a5695222df,GH3,fwater_ph,7.2000,normal,1.00,2025-06-19 00:00:00+00,2025-08-09 06:58:58.765837+00
2681,5c5bc271-66b8-4b72-bb5f-66a5695222df,GH3,fwater_ph,7.1000,normal,1.00,2025-06-20 00:00:00+00,2025-08-09 06:58:58.765837+00
2682,5c5bc271-66b8-4b72-bb5f-66a5695222df,GH3,fwater_ph,7.2000,normal,1.00,2025-06-21 00:00:00+00,2025-08-09 06:58:58.765837+00
2683,5c5bc271-66b8-4b72-bb5f-66a5695222df,GH3,fwater_ph,7.2000,normal,1.00,2025-06-22 00:00:00+00,2025-08-09 06:58:58.765837+00
2684,5c5bc271-66b8-4b72-bb5f-66a5695222df,GH3,fwater_ph,7.3000,normal,1.00,2025-06-23 00:00:00+00,2025-08-09 06:58:58.765837+00
2685,5c5bc271-66b8-4b72-bb5f-66a5695222df,GH3,fwater_ph,7.2000,normal,1.00,2025-06-24 00:00:00+00,2025-08-09 06:58:58.765837+00
2686,5c5bc271-66b8-4b72-bb5f-66a5695222df,GH3,fwater_ph,7.3000,normal,1.00,2025-06-25 00:00:00+00,2025-08-09 06:58:58.765837+00
2687,5c5bc271-66b8-4b72-bb5f-66a5695222df,GH3,fwater_ph,7.3000,normal,1.00,2025-06-26 00:00:00+00,2025-08-09 06:58:58.765837+00
2688,5c5bc271-66b8-4b72-bb5f-66a5695222df,GH3,fwater_ph,7.4000,normal,1.00,2025-06-27 00:00:00+00,2025-08-09 06:58:58.765837+00
2689,5c5bc271-66b8-4b72-bb5f-66a5695222df,GH3,fwater_ph,7.4000,normal,1.00,2025-06-28 00:00:00+00,2025-08-09 06:58:58.765837+00
2690,5c5bc271-66b8-4b72-bb5f-66a5695222df,GH3,fwater_ph,7.4000,normal,1.00,2025-06-29 00:00:00+00,2025-08-09 06:58:58.765837+00
2691,5c5bc271-66b8-4b72-bb5f-66a5695222df,GH3,fwater_temp,31.3000,normal,1.00,2025-04-21 00:00:00+00,2025-08-09 06:58:58.765837+00
2692,5c5bc271-66b8-4b72-bb5f-66a5695222df,GH3,fwater_temp,31.2000,normal,1.00,2025-04-22 00:00:00+00,2025-08-09 06:58:58.765837+00
2693,5c5bc271-66b8-4b72-bb5f-66a5695222df,GH3,fwater_temp,31.8000,normal,1.00,2025-04-23 00:00:00+00,2025-08-09 06:58:58.765837+00
2694,5c5bc271-66b8-4b72-bb5f-66a5695222df,GH3,fwater_temp,32.4400,normal,1.00,2025-04-24 00:00:00+00,2025-08-09 06:58:58.765837+00
2695,5c5bc271-66b8-4b72-bb5f-66a5695222df,GH3,fwater_temp,31.6000,normal,1.00,2025-04-25 00:00:00+00,2025-08-09 06:58:58.765837+00
2696,5c5bc271-66b8-4b72-bb5f-66a5695222df,GH3,fwater_temp,33.8800,normal,1.00,2025-04-26 00:00:00+00,2025-08-09 06:58:58.765837+00
2697,5c5bc271-66b8-4b72-bb5f-66a5695222df,GH3,fwater_temp,31.2600,normal,1.00,2025-04-27 00:00:00+00,2025-08-09 06:58:58.765837+00
2698,5c5bc271-66b8-4b72-bb5f-66a5695222df,GH3,fwater_temp,31.8000,normal,1.00,2025-04-28 00:00:00+00,2025-08-09 06:58:58.765837+00
2699,5c5bc271-66b8-4b72-bb5f-66a5695222df,GH3,fwater_temp,32.6000,normal,1.00,2025-04-29 00:00:00+00,2025-08-09 06:58:58.765837+00
2700,5c5bc271-66b8-4b72-bb5f-66a5695222df,GH3,fwater_temp,30.7000,normal,1.00,2025-04-30 00:00:00+00,2025-08-09 06:58:58.765837+00
2701,5c5bc271-66b8-4b72-bb5f-66a5695222df,GH3,fwater_temp,31.1000,normal,1.00,2025-05-01 00:00:00+00,2025-08-09 06:58:58.765837+00
2702,5c5bc271-66b8-4b72-bb5f-66a5695222df,GH3,fwater_temp,31.4000,normal,1.00,2025-05-02 00:00:00+00,2025-08-09 06:58:58.765837+00
2703,5c5bc271-66b8-4b72-bb5f-66a5695222df,GH3,fwater_temp,31.3000,normal,1.00,2025-05-03 00:00:00+00,2025-08-09 06:58:58.765837+00
2704,5c5bc271-66b8-4b72-bb5f-66a5695222df,GH3,fwater_temp,30.6000,normal,1.00,2025-05-04 00:00:00+00,2025-08-09 06:58:58.765837+00
2705,5c5bc271-66b8-4b72-bb5f-66a5695222df,GH3,fwater_temp,31.8000,normal,1.00,2025-05-05 00:00:00+00,2025-08-09 06:58:58.765837+00
2706,5c5bc271-66b8-4b72-bb5f-66a5695222df,GH3,fwater_temp,32.2000,normal,1.00,2025-05-06 00:00:00+00,2025-08-09 06:58:58.765837+00
2707,5c5bc271-66b8-4b72-bb5f-66a5695222df,GH3,fwater_temp,31.7000,normal,1.00,2025-05-07 00:00:00+00,2025-08-09 06:58:58.765837+00
2708,5c5bc271-66b8-4b72-bb5f-66a5695222df,GH3,fwater_temp,30.4000,normal,1.00,2025-05-08 00:00:00+00,2025-08-09 06:58:58.765837+00
2709,5c5bc271-66b8-4b72-bb5f-66a5695222df,GH3,fwater_temp,32.1000,normal,1.00,2025-05-09 00:00:00+00,2025-08-09 06:58:58.765837+00
2710,5c5bc271-66b8-4b72-bb5f-66a5695222df,GH3,fwater_temp,32.0000,normal,1.00,2025-05-10 00:00:00+00,2025-08-09 06:58:58.765837+00
2711,5c5bc271-66b8-4b72-bb5f-66a5695222df,GH3,fwater_temp,32.0000,normal,1.00,2025-05-11 00:00:00+00,2025-08-09 06:58:58.765837+00
2712,5c5bc271-66b8-4b72-bb5f-66a5695222df,GH3,fwater_temp,30.4000,normal,1.00,2025-05-12 00:00:00+00,2025-08-09 06:58:58.765837+00
2713,5c5bc271-66b8-4b72-bb5f-66a5695222df,GH3,fwater_temp,30.1000,normal,1.00,2025-05-13 00:00:00+00,2025-08-09 06:58:58.765837+00
2714,5c5bc271-66b8-4b72-bb5f-66a5695222df,GH3,fwater_temp,32.1000,normal,1.00,2025-05-14 00:00:00+00,2025-08-09 06:58:58.765837+00
2715,5c5bc271-66b8-4b72-bb5f-66a5695222df,GH3,fwater_temp,30.2000,normal,1.00,2025-05-15 00:00:00+00,2025-08-09 06:58:58.765837+00
2716,5c5bc271-66b8-4b72-bb5f-66a5695222df,GH3,fwater_temp,30.3000,normal,1.00,2025-05-16 00:00:00+00,2025-08-09 06:58:58.765837+00
2717,5c5bc271-66b8-4b72-bb5f-66a5695222df,GH3,fwater_temp,31.6000,normal,1.00,2025-05-17 00:00:00+00,2025-08-09 06:58:58.765837+00
2718,5c5bc271-66b8-4b72-bb5f-66a5695222df,GH3,fwater_temp,30.5000,normal,1.00,2025-05-18 00:00:00+00,2025-08-09 06:58:58.765837+00
2719,5c5bc271-66b8-4b72-bb5f-66a5695222df,GH3,fwater_temp,33.1000,normal,1.00,2025-05-19 00:00:00+00,2025-08-09 06:58:58.765837+00
2720,5c5bc271-66b8-4b72-bb5f-66a5695222df,GH3,fwater_temp,30.5000,normal,1.00,2025-05-20 00:00:00+00,2025-08-09 06:58:58.765837+00
2721,5c5bc271-66b8-4b72-bb5f-66a5695222df,GH3,fwater_temp,31.2000,normal,1.00,2025-05-21 00:00:00+00,2025-08-09 06:58:58.765837+00
2722,5c5bc271-66b8-4b72-bb5f-66a5695222df,GH3,fwater_temp,33.2000,normal,1.00,2025-05-22 00:00:00+00,2025-08-09 06:58:58.765837+00
2723,5c5bc271-66b8-4b72-bb5f-66a5695222df,GH3,fwater_temp,32.9000,normal,1.00,2025-05-23 00:00:00+00,2025-08-09 06:58:58.765837+00
2724,5c5bc271-66b8-4b72-bb5f-66a5695222df,GH3,fwater_temp,33.5000,normal,1.00,2025-05-24 00:00:00+00,2025-08-09 06:58:58.765837+00
2725,5c5bc271-66b8-4b72-bb5f-66a5695222df,GH3,fwater_temp,31.7000,normal,1.00,2025-05-25 00:00:00+00,2025-08-09 06:58:58.765837+00
2726,5c5bc271-66b8-4b72-bb5f-66a5695222df,GH3,fwater_temp,33.6000,normal,1.00,2025-05-26 00:00:00+00,2025-08-09 06:58:58.765837+00
2727,5c5bc271-66b8-4b72-bb5f-66a5695222df,GH3,fwater_temp,31.0000,normal,1.00,2025-05-27 00:00:00+00,2025-08-09 06:58:58.765837+00
2728,5c5bc271-66b8-4b72-bb5f-66a5695222df,GH3,fwater_temp,31.9000,normal,1.00,2025-05-28 00:00:00+00,2025-08-09 06:58:58.765837+00
2729,5c5bc271-66b8-4b72-bb5f-66a5695222df,GH3,fwater_temp,30.4000,normal,1.00,2025-05-29 00:00:00+00,2025-08-09 06:58:58.765837+00
2730,5c5bc271-66b8-4b72-bb5f-66a5695222df,GH3,fwater_temp,30.7000,normal,1.00,2025-05-30 00:00:00+00,2025-08-09 06:58:58.765837+00
2731,5c5bc271-66b8-4b72-bb5f-66a5695222df,GH3,fwater_temp,31.4000,normal,1.00,2025-05-31 00:00:00+00,2025-08-09 06:58:58.765837+00
2732,5c5bc271-66b8-4b72-bb5f-66a5695222df,GH3,fwater_temp,29.3000,normal,1.00,2025-06-01 00:00:00+00,2025-08-09 06:58:58.765837+00
2733,5c5bc271-66b8-4b72-bb5f-66a5695222df,GH3,fwater_temp,31.4000,normal,1.00,2025-06-02 00:00:00+00,2025-08-09 06:58:58.765837+00
2734,5c5bc271-66b8-4b72-bb5f-66a5695222df,GH3,fwater_temp,31.0000,normal,1.00,2025-06-03 00:00:00+00,2025-08-09 06:58:58.765837+00
2735,5c5bc271-66b8-4b72-bb5f-66a5695222df,GH3,fwater_temp,31.7000,normal,1.00,2025-06-04 00:00:00+00,2025-08-09 06:58:58.765837+00
2736,5c5bc271-66b8-4b72-bb5f-66a5695222df,GH3,fwater_temp,34.2000,normal,1.00,2025-06-05 00:00:00+00,2025-08-09 06:58:58.765837+00
2737,5c5bc271-66b8-4b72-bb5f-66a5695222df,GH3,fwater_temp,29.1000,normal,1.00,2025-06-06 00:00:00+00,2025-08-09 06:58:58.765837+00
2738,5c5bc271-66b8-4b72-bb5f-66a5695222df,GH3,fwater_temp,27.9000,normal,1.00,2025-06-07 00:00:00+00,2025-08-09 06:58:58.765837+00
2739,5c5bc271-66b8-4b72-bb5f-66a5695222df,GH3,fwater_temp,28.2000,normal,1.00,2025-06-08 00:00:00+00,2025-08-09 06:58:58.765837+00
2740,5c5bc271-66b8-4b72-bb5f-66a5695222df,GH3,fwater_temp,29.7800,normal,1.00,2025-06-09 00:00:00+00,2025-08-09 06:58:58.765837+00
2741,5c5bc271-66b8-4b72-bb5f-66a5695222df,GH3,fwater_temp,29.7000,normal,1.00,2025-06-10 00:00:00+00,2025-08-09 06:58:58.765837+00
2742,5c5bc271-66b8-4b72-bb5f-66a5695222df,GH3,fwater_temp,28.9000,normal,1.00,2025-06-11 00:00:00+00,2025-08-09 06:58:58.765837+00
2743,5c5bc271-66b8-4b72-bb5f-66a5695222df,GH3,fwater_temp,30.2000,normal,1.00,2025-06-12 00:00:00+00,2025-08-09 06:58:58.765837+00
2744,5c5bc271-66b8-4b72-bb5f-66a5695222df,GH3,fwater_temp,34.4000,normal,1.00,2025-06-13 00:00:00+00,2025-08-09 06:58:58.765837+00
2745,5c5bc271-66b8-4b72-bb5f-66a5695222df,GH3,fwater_temp,33.2000,normal,1.00,2025-06-14 00:00:00+00,2025-08-09 06:58:58.765837+00
2746,5c5bc271-66b8-4b72-bb5f-66a5695222df,GH3,fwater_temp,29.8000,normal,1.00,2025-06-15 00:00:00+00,2025-08-09 06:58:58.765837+00
2747,5c5bc271-66b8-4b72-bb5f-66a5695222df,GH3,fwater_temp,32.2000,normal,1.00,2025-06-16 00:00:00+00,2025-08-09 06:58:58.765837+00
2748,5c5bc271-66b8-4b72-bb5f-66a5695222df,GH3,fwater_temp,31.9600,normal,1.00,2025-06-17 00:00:00+00,2025-08-09 06:58:58.765837+00
2749,5c5bc271-66b8-4b72-bb5f-66a5695222df,GH3,fwater_temp,30.1000,normal,1.00,2025-06-18 00:00:00+00,2025-08-09 06:58:58.765837+00
2750,5c5bc271-66b8-4b72-bb5f-66a5695222df,GH3,fwater_temp,28.4000,normal,1.00,2025-06-19 00:00:00+00,2025-08-09 06:58:58.765837+00
2751,5c5bc271-66b8-4b72-bb5f-66a5695222df,GH3,fwater_temp,28.7000,normal,1.00,2025-06-20 00:00:00+00,2025-08-09 06:58:58.765837+00
2752,5c5bc271-66b8-4b72-bb5f-66a5695222df,GH3,fwater_temp,29.0000,normal,1.00,2025-06-21 00:00:00+00,2025-08-09 06:58:58.765837+00
2753,5c5bc271-66b8-4b72-bb5f-66a5695222df,GH3,fwater_temp,32.0000,normal,1.00,2025-06-22 00:00:00+00,2025-08-09 06:58:58.765837+00
2754,5c5bc271-66b8-4b72-bb5f-66a5695222df,GH3,fwater_temp,27.8000,normal,1.00,2025-06-23 00:00:00+00,2025-08-09 06:58:58.765837+00
2755,5c5bc271-66b8-4b72-bb5f-66a5695222df,GH3,fwater_temp,31.5000,normal,1.00,2025-06-24 00:00:00+00,2025-08-09 06:58:58.765837+00
2756,5c5bc271-66b8-4b72-bb5f-66a5695222df,GH3,fwater_temp,30.0000,normal,1.00,2025-06-25 00:00:00+00,2025-08-09 06:58:58.765837+00
2757,5c5bc271-66b8-4b72-bb5f-66a5695222df,GH3,fwater_temp,27.9000,normal,1.00,2025-06-26 00:00:00+00,2025-08-09 06:58:58.765837+00
2758,5c5bc271-66b8-4b72-bb5f-66a5695222df,GH3,fwater_temp,30.0000,normal,1.00,2025-06-27 00:00:00+00,2025-08-09 06:58:58.765837+00
2759,5c5bc271-66b8-4b72-bb5f-66a5695222df,GH3,fwater_temp,30.9000,normal,1.00,2025-06-28 00:00:00+00,2025-08-09 06:58:58.765837+00
2760,5c5bc271-66b8-4b72-bb5f-66a5695222df,GH3,fwater_temp,27.0000,normal,1.00,2025-06-29 00:00:00+00,2025-08-09 06:58:58.765837+00
2761,5c5bc271-66b8-4b72-bb5f-66a5695222df,GH1,sys_ec,1.2950,normal,1.00,2024-12-30 00:00:00+00,2025-08-09 07:02:02.956467+00
2762,5c5bc271-66b8-4b72-bb5f-66a5695222df,GH1,sys_ec,1.2590,normal,1.00,2024-12-31 00:00:00+00,2025-08-09 07:02:02.956467+00
2763,5c5bc271-66b8-4b72-bb5f-66a5695222df,GH1,sys_ec,1.2650,normal,1.00,2025-01-01 00:00:00+00,2025-08-09 07:02:02.956467+00
2764,5c5bc271-66b8-4b72-bb5f-66a5695222df,GH1,sys_ec,1.2370,normal,1.00,2025-01-02 00:00:00+00,2025-08-09 07:02:02.956467+00
2765,5c5bc271-66b8-4b72-bb5f-66a5695222df,GH1,sys_ec,1.2420,normal,1.00,2025-01-03 00:00:00+00,2025-08-09 07:02:02.956467+00
2766,5c5bc271-66b8-4b72-bb5f-66a5695222df,GH1,sys_ec,1.2550,normal,1.00,2025-01-04 00:00:00+00,2025-08-09 07:02:02.956467+00
2767,5c5bc271-66b8-4b72-bb5f-66a5695222df,GH1,sys_ec,1.2960,normal,1.00,2025-01-05 00:00:00+00,2025-08-09 07:02:02.956467+00
2768,5c5bc271-66b8-4b72-bb5f-66a5695222df,GH1,sys_ec,1.2950,normal,1.00,2025-01-06 00:00:00+00,2025-08-09 07:02:02.956467+00
2769,5c5bc271-66b8-4b72-bb5f-66a5695222df,GH1,sys_ec,1.2580,normal,1.00,2025-01-07 00:00:00+00,2025-08-09 07:02:02.956467+00
2770,5c5bc271-66b8-4b72-bb5f-66a5695222df,GH1,sys_ec,1.2650,normal,1.00,2025-01-08 00:00:00+00,2025-08-09 07:02:02.956467+00
2771,5c5bc271-66b8-4b72-bb5f-66a5695222df,GH1,sys_ec,1.2870,normal,1.00,2025-01-09 00:00:00+00,2025-08-09 07:02:02.956467+00
2772,5c5bc271-66b8-4b72-bb5f-66a5695222df,GH1,sys_ec,1.2860,normal,1.00,2025-01-10 00:00:00+00,2025-08-09 07:02:02.956467+00
2773,5c5bc271-66b8-4b72-bb5f-66a5695222df,GH1,sys_ec,1.3150,normal,1.00,2025-01-11 00:00:00+00,2025-08-09 07:02:02.956467+00
2774,5c5bc271-66b8-4b72-bb5f-66a5695222df,GH1,sys_ec,1.2710,normal,1.00,2025-01-12 00:00:00+00,2025-08-09 07:02:02.956467+00
2775,5c5bc271-66b8-4b72-bb5f-66a5695222df,GH1,sys_ec,1.3020,normal,1.00,2025-01-13 00:00:00+00,2025-08-09 07:02:02.956467+00
2776,5c5bc271-66b8-4b72-bb5f-66a5695222df,GH1,sys_ec,1.2940,normal,1.00,2025-01-14 00:00:00+00,2025-08-09 07:02:02.956467+00
2777,5c5bc271-66b8-4b72-bb5f-66a5695222df,GH1,sys_ec,1.2810,normal,1.00,2025-01-15 00:00:00+00,2025-08-09 07:02:02.956467+00
2778,5c5bc271-66b8-4b72-bb5f-66a5695222df,GH1,sys_ec,1.3050,normal,1.00,2025-01-16 00:00:00+00,2025-08-09 07:02:02.956467+00
2779,5c5bc271-66b8-4b72-bb5f-66a5695222df,GH1,sys_ec,1.3150,normal,1.00,2025-01-17 00:00:00+00,2025-08-09 07:02:02.956467+00
2780,5c5bc271-66b8-4b72-bb5f-66a5695222df,GH1,sys_ec,1.3190,normal,1.00,2025-01-18 00:00:00+00,2025-08-09 07:02:02.956467+00
2781,5c5bc271-66b8-4b72-bb5f-66a5695222df,GH1,sys_ec,1.2870,normal,1.00,2025-01-19 00:00:00+00,2025-08-09 07:02:02.956467+00
2782,5c5bc271-66b8-4b72-bb5f-66a5695222df,GH1,sys_ec,1.1900,normal,1.00,2025-01-20 00:00:00+00,2025-08-09 07:02:02.956467+00
2783,5c5bc271-66b8-4b72-bb5f-66a5695222df,GH1,sys_ec,1.2120,normal,1.00,2025-01-21 00:00:00+00,2025-08-09 07:02:02.956467+00
2784,5c5bc271-66b8-4b72-bb5f-66a5695222df,GH1,sys_ec,1.2360,normal,1.00,2025-01-22 00:00:00+00,2025-08-09 07:02:02.956467+00
2785,5c5bc271-66b8-4b72-bb5f-66a5695222df,GH1,sys_ec,1.2820,normal,1.00,2025-01-23 00:00:00+00,2025-08-09 07:02:02.956467+00
2786,5c5bc271-66b8-4b72-bb5f-66a5695222df,GH1,sys_ec,1.3010,normal,1.00,2025-01-24 00:00:00+00,2025-08-09 07:02:02.956467+00
2787,5c5bc271-66b8-4b72-bb5f-66a5695222df,GH1,sys_ec,1.2210,normal,1.00,2025-01-25 00:00:00+00,2025-08-09 07:02:02.956467+00
2788,5c5bc271-66b8-4b72-bb5f-66a5695222df,GH1,sys_ec,1.2250,normal,1.00,2025-01-26 00:00:00+00,2025-08-09 07:02:02.956467+00
2789,5c5bc271-66b8-4b72-bb5f-66a5695222df,GH1,sys_ec,1.2300,normal,1.00,2025-01-27 00:00:00+00,2025-08-09 07:02:02.956467+00
2790,5c5bc271-66b8-4b72-bb5f-66a5695222df,GH1,sys_ec,1.2150,normal,1.00,2025-01-28 00:00:00+00,2025-08-09 07:02:02.956467+00
2791,5c5bc271-66b8-4b72-bb5f-66a5695222df,GH1,sys_ec,1.2060,normal,1.00,2025-01-29 00:00:00+00,2025-08-09 07:02:02.956467+00
2792,5c5bc271-66b8-4b72-bb5f-66a5695222df,GH1,sys_ec,1.2470,normal,1.00,2025-01-30 00:00:00+00,2025-08-09 07:02:02.956467+00
2793,5c5bc271-66b8-4b72-bb5f-66a5695222df,GH1,sys_ec,1.2170,normal,1.00,2025-01-31 00:00:00+00,2025-08-09 07:02:02.956467+00
2794,5c5bc271-66b8-4b72-bb5f-66a5695222df,GH1,sys_ec,1.2070,normal,1.00,2025-02-01 00:00:00+00,2025-08-09 07:02:02.956467+00
2795,5c5bc271-66b8-4b72-bb5f-66a5695222df,GH1,sys_ec,1.2330,normal,1.00,2025-02-02 00:00:00+00,2025-08-09 07:02:02.956467+00
2796,5c5bc271-66b8-4b72-bb5f-66a5695222df,GH1,sys_ec,1.2480,normal,1.00,2025-02-03 00:00:00+00,2025-08-09 07:02:02.956467+00
2797,5c5bc271-66b8-4b72-bb5f-66a5695222df,GH1,sys_ec,1.2420,normal,1.00,2025-02-04 00:00:00+00,2025-08-09 07:02:02.956467+00
2798,5c5bc271-66b8-4b72-bb5f-66a5695222df,GH1,sys_ec,1.2250,normal,1.00,2025-02-05 00:00:00+00,2025-08-09 07:02:02.956467+00
2799,5c5bc271-66b8-4b72-bb5f-66a5695222df,GH1,sys_ec,1.2420,normal,1.00,2025-02-06 00:00:00+00,2025-08-09 07:02:02.956467+00
2800,5c5bc271-66b8-4b72-bb5f-66a5695222df,GH1,sys_ec,1.2410,normal,1.00,2025-02-07 00:00:00+00,2025-08-09 07:02:02.956467+00
2801,5c5bc271-66b8-4b72-bb5f-66a5695222df,GH1,sys_ec,1.2530,normal,1.00,2025-02-08 00:00:00+00,2025-08-09 07:02:02.956467+00
2802,5c5bc271-66b8-4b72-bb5f-66a5695222df,GH1,sys_ec,1.3580,normal,1.00,2025-02-09 00:00:00+00,2025-08-09 07:02:02.956467+00
2803,5c5bc271-66b8-4b72-bb5f-66a5695222df,GH1,sys_ec,1.3610,normal,1.00,2025-02-10 00:00:00+00,2025-08-09 07:02:02.956467+00
2804,5c5bc271-66b8-4b72-bb5f-66a5695222df,GH1,sys_ec,1.2210,normal,1.00,2025-02-11 00:00:00+00,2025-08-09 07:02:02.956467+00
2805,5c5bc271-66b8-4b72-bb5f-66a5695222df,GH1,sys_ec,1.2300,normal,1.00,2025-02-12 00:00:00+00,2025-08-09 07:02:02.956467+00
2806,5c5bc271-66b8-4b72-bb5f-66a5695222df,GH1,sys_ec,1.2030,normal,1.00,2025-02-13 00:00:00+00,2025-08-09 07:02:02.956467+00
2807,5c5bc271-66b8-4b72-bb5f-66a5695222df,GH1,sys_ec,1.1640,normal,1.00,2025-02-14 00:00:00+00,2025-08-09 07:02:02.956467+00
2808,5c5bc271-66b8-4b72-bb5f-66a5695222df,GH1,sys_ec,1.2470,normal,1.00,2025-02-15 00:00:00+00,2025-08-09 07:02:02.956467+00
2809,5c5bc271-66b8-4b72-bb5f-66a5695222df,GH1,sys_ec,0.1340,normal,1.00,2025-02-16 00:00:00+00,2025-08-09 07:02:02.956467+00
2810,5c5bc271-66b8-4b72-bb5f-66a5695222df,GH1,sys_ec,1.2320,normal,1.00,2025-02-17 00:00:00+00,2025-08-09 07:02:02.956467+00
2811,5c5bc271-66b8-4b72-bb5f-66a5695222df,GH1,sys_ec,1.2420,normal,1.00,2025-02-18 00:00:00+00,2025-08-09 07:02:02.956467+00
2812,5c5bc271-66b8-4b72-bb5f-66a5695222df,GH1,sys_ec,1.2060,normal,1.00,2025-02-19 00:00:00+00,2025-08-09 07:02:02.956467+00
2813,5c5bc271-66b8-4b72-bb5f-66a5695222df,GH1,sys_ec,1.1680,normal,1.00,2025-02-20 00:00:00+00,2025-08-09 07:02:02.956467+00
2814,5c5bc271-66b8-4b72-bb5f-66a5695222df,GH1,sys_ec,1.1210,normal,1.00,2025-02-21 00:00:00+00,2025-08-09 07:02:02.956467+00
2815,5c5bc271-66b8-4b72-bb5f-66a5695222df,GH1,sys_ec,1.1740,normal,1.00,2025-02-22 00:00:00+00,2025-08-09 07:02:02.956467+00
2816,5c5bc271-66b8-4b72-bb5f-66a5695222df,GH1,sys_ec,1.1840,normal,1.00,2025-02-23 00:00:00+00,2025-08-09 07:02:02.956467+00
2817,5c5bc271-66b8-4b72-bb5f-66a5695222df,GH1,sys_ec,1.1770,normal,1.00,2025-02-24 00:00:00+00,2025-08-09 07:02:02.956467+00
2818,5c5bc271-66b8-4b72-bb5f-66a5695222df,GH1,sys_ec,1.2380,normal,1.00,2025-02-25 00:00:00+00,2025-08-09 07:02:02.956467+00
2819,5c5bc271-66b8-4b72-bb5f-66a5695222df,GH1,sys_ec,1.2240,normal,1.00,2025-02-26 00:00:00+00,2025-08-09 07:02:02.956467+00
2820,5c5bc271-66b8-4b72-bb5f-66a5695222df,GH1,sys_ec,1.2180,normal,1.00,2025-02-27 00:00:00+00,2025-08-09 07:02:02.956467+00
2821,5c5bc271-66b8-4b72-bb5f-66a5695222df,GH1,sys_ec,1.2550,normal,1.00,2025-02-28 00:00:00+00,2025-08-09 07:02:02.956467+00
2822,5c5bc271-66b8-4b72-bb5f-66a5695222df,GH1,sys_ec,1.2830,normal,1.00,2025-03-01 00:00:00+00,2025-08-09 07:02:02.956467+00
2823,5c5bc271-66b8-4b72-bb5f-66a5695222df,GH1,sys_ec,1.3630,normal,1.00,2025-03-02 00:00:00+00,2025-08-09 07:02:02.956467+00
2824,5c5bc271-66b8-4b72-bb5f-66a5695222df,GH1,sys_ec,1.0140,normal,1.00,2025-03-03 00:00:00+00,2025-08-09 07:02:02.956467+00
2825,5c5bc271-66b8-4b72-bb5f-66a5695222df,GH1,sys_ec,0.9570,normal,1.00,2025-03-04 00:00:00+00,2025-08-09 07:02:02.956467+00
2826,5c5bc271-66b8-4b72-bb5f-66a5695222df,GH1,sys_ec,1.1790,normal,1.00,2025-03-05 00:00:00+00,2025-08-09 07:02:02.956467+00
2827,5c5bc271-66b8-4b72-bb5f-66a5695222df,GH1,sys_ec,1.1770,normal,1.00,2025-03-06 00:00:00+00,2025-08-09 07:02:02.956467+00
2828,5c5bc271-66b8-4b72-bb5f-66a5695222df,GH1,sys_ec,1.1060,normal,1.00,2025-03-07 00:00:00+00,2025-08-09 07:02:02.956467+00
2829,5c5bc271-66b8-4b72-bb5f-66a5695222df,GH1,sys_ec,1.0950,normal,1.00,2025-03-08 00:00:00+00,2025-08-09 07:02:02.956467+00
2830,5c5bc271-66b8-4b72-bb5f-66a5695222df,GH1,sys_ec,1.0950,normal,1.00,2025-03-09 00:00:00+00,2025-08-09 07:02:02.956467+00
2831,5c5bc271-66b8-4b72-bb5f-66a5695222df,GH1,sys_ec,1.0760,normal,1.00,2025-03-10 00:00:00+00,2025-08-09 07:02:02.956467+00
2832,5c5bc271-66b8-4b72-bb5f-66a5695222df,GH1,sys_ec,0.9550,normal,1.00,2025-03-11 00:00:00+00,2025-08-09 07:02:02.956467+00
2833,5c5bc271-66b8-4b72-bb5f-66a5695222df,GH1,sys_ec,0.9510,normal,1.00,2025-03-12 00:00:00+00,2025-08-09 07:02:02.956467+00
2834,5c5bc271-66b8-4b72-bb5f-66a5695222df,GH1,sys_ec,1.0410,normal,1.00,2025-03-13 00:00:00+00,2025-08-09 07:02:02.956467+00
2835,5c5bc271-66b8-4b72-bb5f-66a5695222df,GH1,sys_ec,1.0650,normal,1.00,2025-03-14 00:00:00+00,2025-08-09 07:02:02.956467+00
2836,5c5bc271-66b8-4b72-bb5f-66a5695222df,GH1,sys_ec,0.8980,normal,1.00,2025-03-15 00:00:00+00,2025-08-09 07:02:02.956467+00
2837,5c5bc271-66b8-4b72-bb5f-66a5695222df,GH1,sys_ec,0.9490,normal,1.00,2025-03-16 00:00:00+00,2025-08-09 07:02:02.956467+00
2838,5c5bc271-66b8-4b72-bb5f-66a5695222df,GH1,sys_ec,1.0370,normal,1.00,2025-03-17 00:00:00+00,2025-08-09 07:02:02.956467+00
2839,5c5bc271-66b8-4b72-bb5f-66a5695222df,GH1,sys_ec,1.0710,normal,1.00,2025-03-18 00:00:00+00,2025-08-09 07:02:02.956467+00
2840,5c5bc271-66b8-4b72-bb5f-66a5695222df,GH1,sys_ec,1.0450,normal,1.00,2025-03-19 00:00:00+00,2025-08-09 07:02:02.956467+00
2841,5c5bc271-66b8-4b72-bb5f-66a5695222df,GH1,sys_ec,0.9620,normal,1.00,2025-03-20 00:00:00+00,2025-08-09 07:02:02.956467+00
2842,5c5bc271-66b8-4b72-bb5f-66a5695222df,GH1,sys_ec,0.9040,normal,1.00,2025-03-21 00:00:00+00,2025-08-09 07:02:02.956467+00
2843,5c5bc271-66b8-4b72-bb5f-66a5695222df,GH1,sys_ec,0.8300,normal,1.00,2025-03-22 00:00:00+00,2025-08-09 07:02:02.956467+00
2844,5c5bc271-66b8-4b72-bb5f-66a5695222df,GH1,sys_ec,0.8980,normal,1.00,2025-03-23 00:00:00+00,2025-08-09 07:02:02.956467+00
2845,5c5bc271-66b8-4b72-bb5f-66a5695222df,GH1,sys_ec,0.8880,normal,1.00,2025-03-24 00:00:00+00,2025-08-09 07:02:02.956467+00
2846,5c5bc271-66b8-4b72-bb5f-66a5695222df,GH1,sys_ec,0.9330,normal,1.00,2025-03-25 00:00:00+00,2025-08-09 07:02:02.956467+00
2847,5c5bc271-66b8-4b72-bb5f-66a5695222df,GH1,sys_ec,0.8760,normal,1.00,2025-03-26 00:00:00+00,2025-08-09 07:02:02.956467+00
2848,5c5bc271-66b8-4b72-bb5f-66a5695222df,GH1,sys_ec,0.9070,normal,1.00,2025-03-27 00:00:00+00,2025-08-09 07:02:02.956467+00
2849,5c5bc271-66b8-4b72-bb5f-66a5695222df,GH1,sys_ec,0.9060,normal,1.00,2025-03-28 00:00:00+00,2025-08-09 07:02:02.956467+00
2850,5c5bc271-66b8-4b72-bb5f-66a5695222df,GH1,sys_ec,0.9000,normal,1.00,2025-03-29 00:00:00+00,2025-08-09 07:02:02.956467+00
2851,5c5bc271-66b8-4b72-bb5f-66a5695222df,GH1,sys_ec,0.8330,normal,1.00,2025-03-30 00:00:00+00,2025-08-09 07:02:02.956467+00
2852,5c5bc271-66b8-4b72-bb5f-66a5695222df,GH1,sys_ec,0.8540,normal,1.00,2025-03-31 00:00:00+00,2025-08-09 07:02:02.956467+00
2853,5c5bc271-66b8-4b72-bb5f-66a5695222df,GH1,sys_ec,0.8610,normal,1.00,2025-04-01 00:00:00+00,2025-08-09 07:02:02.956467+00
2854,5c5bc271-66b8-4b72-bb5f-66a5695222df,GH1,sys_ec,0.8460,normal,1.00,2025-04-02 00:00:00+00,2025-08-09 07:02:02.956467+00
2855,5c5bc271-66b8-4b72-bb5f-66a5695222df,GH1,sys_ec,0.7160,normal,1.00,2025-04-03 00:00:00+00,2025-08-09 07:02:02.956467+00
2856,5c5bc271-66b8-4b72-bb5f-66a5695222df,GH1,sys_ec,0.9900,normal,1.00,2025-04-04 00:00:00+00,2025-08-09 07:02:02.956467+00
2857,5c5bc271-66b8-4b72-bb5f-66a5695222df,GH1,sys_ec,1.0120,normal,1.00,2025-04-05 00:00:00+00,2025-08-09 07:02:02.956467+00
2858,5c5bc271-66b8-4b72-bb5f-66a5695222df,GH1,sys_ec,1.0280,normal,1.00,2025-04-06 00:00:00+00,2025-08-09 07:02:02.956467+00
2859,5c5bc271-66b8-4b72-bb5f-66a5695222df,GH1,sys_ec,1.0290,normal,1.00,2025-04-07 00:00:00+00,2025-08-09 07:02:02.956467+00
2860,5c5bc271-66b8-4b72-bb5f-66a5695222df,GH1,sys_ec,1.0500,normal,1.00,2025-04-08 00:00:00+00,2025-08-09 07:02:02.956467+00
2861,5c5bc271-66b8-4b72-bb5f-66a5695222df,GH1,sys_ec,1.0250,normal,1.00,2025-04-09 00:00:00+00,2025-08-09 07:02:02.956467+00
2862,5c5bc271-66b8-4b72-bb5f-66a5695222df,GH1,sys_ec,1.0770,normal,1.00,2025-04-10 00:00:00+00,2025-08-09 07:02:02.956467+00
2863,5c5bc271-66b8-4b72-bb5f-66a5695222df,GH1,sys_ec,1.0440,normal,1.00,2025-04-11 00:00:00+00,2025-08-09 07:02:02.956467+00
2864,5c5bc271-66b8-4b72-bb5f-66a5695222df,GH1,sys_ec,1.1170,normal,1.00,2025-04-12 00:00:00+00,2025-08-09 07:02:02.956467+00
2865,5c5bc271-66b8-4b72-bb5f-66a5695222df,GH1,sys_ec,1.0920,normal,1.00,2025-04-13 00:00:00+00,2025-08-09 07:02:02.956467+00
2866,5c5bc271-66b8-4b72-bb5f-66a5695222df,GH1,sys_ec,1.0790,normal,1.00,2025-04-14 00:00:00+00,2025-08-09 07:02:02.956467+00
2867,5c5bc271-66b8-4b72-bb5f-66a5695222df,GH1,sys_ec,1.0370,normal,1.00,2025-04-15 00:00:00+00,2025-08-09 07:02:02.956467+00
2868,5c5bc271-66b8-4b72-bb5f-66a5695222df,GH1,sys_ec,1.0800,normal,1.00,2025-04-16 00:00:00+00,2025-08-09 07:02:02.956467+00
2869,5c5bc271-66b8-4b72-bb5f-66a5695222df,GH1,sys_ec,1.0280,normal,1.00,2025-04-17 00:00:00+00,2025-08-09 07:02:02.956467+00
2870,5c5bc271-66b8-4b72-bb5f-66a5695222df,GH1,sys_ec,1.0270,normal,1.00,2025-04-18 00:00:00+00,2025-08-09 07:02:02.956467+00
2871,5c5bc271-66b8-4b72-bb5f-66a5695222df,GH1,sys_ec,1.1550,normal,1.00,2025-04-19 00:00:00+00,2025-08-09 07:02:02.956467+00
2872,5c5bc271-66b8-4b72-bb5f-66a5695222df,GH1,sys_ec,1.2790,normal,1.00,2025-04-20 00:00:00+00,2025-08-09 07:02:02.956467+00
2873,5c5bc271-66b8-4b72-bb5f-66a5695222df,GH1,sys_ph,6.5000,normal,1.00,2024-12-30 00:00:00+00,2025-08-09 07:02:02.956467+00
2874,5c5bc271-66b8-4b72-bb5f-66a5695222df,GH1,sys_ph,6.1000,normal,1.00,2024-12-31 00:00:00+00,2025-08-09 07:02:02.956467+00
2875,5c5bc271-66b8-4b72-bb5f-66a5695222df,GH1,sys_ph,6.4000,normal,1.00,2025-01-01 00:00:00+00,2025-08-09 07:02:02.956467+00
2876,5c5bc271-66b8-4b72-bb5f-66a5695222df,GH1,sys_ph,6.4000,normal,1.00,2025-01-02 00:00:00+00,2025-08-09 07:02:02.956467+00
2877,5c5bc271-66b8-4b72-bb5f-66a5695222df,GH1,sys_ph,6.5000,normal,1.00,2025-01-03 00:00:00+00,2025-08-09 07:02:02.956467+00
2878,5c5bc271-66b8-4b72-bb5f-66a5695222df,GH1,sys_ph,6.4000,normal,1.00,2025-01-04 00:00:00+00,2025-08-09 07:02:02.956467+00
2879,5c5bc271-66b8-4b72-bb5f-66a5695222df,GH1,sys_ph,6.4000,normal,1.00,2025-01-05 00:00:00+00,2025-08-09 07:02:02.956467+00
2880,5c5bc271-66b8-4b72-bb5f-66a5695222df,GH1,sys_ph,6.3000,normal,1.00,2025-01-06 00:00:00+00,2025-08-09 07:02:02.956467+00
2881,5c5bc271-66b8-4b72-bb5f-66a5695222df,GH1,sys_ph,6.3000,normal,1.00,2025-01-07 00:00:00+00,2025-08-09 07:02:02.956467+00
2882,5c5bc271-66b8-4b72-bb5f-66a5695222df,GH1,sys_ph,6.4000,normal,1.00,2025-01-08 00:00:00+00,2025-08-09 07:02:02.956467+00
2883,5c5bc271-66b8-4b72-bb5f-66a5695222df,GH1,sys_ph,6.4000,normal,1.00,2025-01-09 00:00:00+00,2025-08-09 07:02:02.956467+00
2884,5c5bc271-66b8-4b72-bb5f-66a5695222df,GH1,sys_ph,6.3000,normal,1.00,2025-01-10 00:00:00+00,2025-08-09 07:02:02.956467+00
2885,5c5bc271-66b8-4b72-bb5f-66a5695222df,GH1,sys_ph,6.5000,normal,1.00,2025-01-11 00:00:00+00,2025-08-09 07:02:02.956467+00
2886,5c5bc271-66b8-4b72-bb5f-66a5695222df,GH1,sys_ph,6.6000,normal,1.00,2025-01-12 00:00:00+00,2025-08-09 07:02:02.956467+00
2887,5c5bc271-66b8-4b72-bb5f-66a5695222df,GH1,sys_ph,6.2000,normal,1.00,2025-01-13 00:00:00+00,2025-08-09 07:02:02.956467+00
2888,5c5bc271-66b8-4b72-bb5f-66a5695222df,GH1,sys_ph,6.2000,normal,1.00,2025-01-14 00:00:00+00,2025-08-09 07:02:02.956467+00
2889,5c5bc271-66b8-4b72-bb5f-66a5695222df,GH1,sys_ph,6.2000,normal,1.00,2025-01-15 00:00:00+00,2025-08-09 07:02:02.956467+00
2890,5c5bc271-66b8-4b72-bb5f-66a5695222df,GH1,sys_ph,6.0000,normal,1.00,2025-01-16 00:00:00+00,2025-08-09 07:02:02.956467+00
2891,5c5bc271-66b8-4b72-bb5f-66a5695222df,GH1,sys_ph,6.3000,normal,1.00,2025-01-17 00:00:00+00,2025-08-09 07:02:02.956467+00
2892,5c5bc271-66b8-4b72-bb5f-66a5695222df,GH1,sys_ph,6.1000,normal,1.00,2025-01-18 00:00:00+00,2025-08-09 07:02:02.956467+00
2893,5c5bc271-66b8-4b72-bb5f-66a5695222df,GH1,sys_ph,6.4000,normal,1.00,2025-01-19 00:00:00+00,2025-08-09 07:02:02.956467+00
2894,5c5bc271-66b8-4b72-bb5f-66a5695222df,GH1,sys_ph,6.4000,normal,1.00,2025-01-20 00:00:00+00,2025-08-09 07:02:02.956467+00
2895,5c5bc271-66b8-4b72-bb5f-66a5695222df,GH1,sys_ph,6.1000,normal,1.00,2025-01-21 00:00:00+00,2025-08-09 07:02:02.956467+00
2896,5c5bc271-66b8-4b72-bb5f-66a5695222df,GH1,sys_ph,6.3000,normal,1.00,2025-01-22 00:00:00+00,2025-08-09 07:02:02.956467+00
2897,5c5bc271-66b8-4b72-bb5f-66a5695222df,GH1,sys_ph,6.3000,normal,1.00,2025-01-23 00:00:00+00,2025-08-09 07:02:02.956467+00
2898,5c5bc271-66b8-4b72-bb5f-66a5695222df,GH1,sys_ph,6.3000,normal,1.00,2025-01-24 00:00:00+00,2025-08-09 07:02:02.956467+00
2899,5c5bc271-66b8-4b72-bb5f-66a5695222df,GH1,sys_ph,6.3000,normal,1.00,2025-01-25 00:00:00+00,2025-08-09 07:02:02.956467+00
2900,5c5bc271-66b8-4b72-bb5f-66a5695222df,GH1,sys_ph,6.4000,normal,1.00,2025-01-26 00:00:00+00,2025-08-09 07:02:02.956467+00
2901,5c5bc271-66b8-4b72-bb5f-66a5695222df,GH1,sys_ph,6.3000,normal,1.00,2025-01-27 00:00:00+00,2025-08-09 07:02:02.956467+00
2902,5c5bc271-66b8-4b72-bb5f-66a5695222df,GH1,sys_ph,6.1000,normal,1.00,2025-01-28 00:00:00+00,2025-08-09 07:02:02.956467+00
2903,5c5bc271-66b8-4b72-bb5f-66a5695222df,GH1,sys_ph,6.3000,normal,1.00,2025-01-29 00:00:00+00,2025-08-09 07:02:02.956467+00
2904,5c5bc271-66b8-4b72-bb5f-66a5695222df,GH1,sys_ph,6.4000,normal,1.00,2025-01-30 00:00:00+00,2025-08-09 07:02:02.956467+00
2905,5c5bc271-66b8-4b72-bb5f-66a5695222df,GH1,sys_ph,6.1000,normal,1.00,2025-01-31 00:00:00+00,2025-08-09 07:02:02.956467+00
2906,5c5bc271-66b8-4b72-bb5f-66a5695222df,GH1,sys_ph,6.2000,normal,1.00,2025-02-01 00:00:00+00,2025-08-09 07:02:02.956467+00
2907,5c5bc271-66b8-4b72-bb5f-66a5695222df,GH1,sys_ph,6.4000,normal,1.00,2025-02-02 00:00:00+00,2025-08-09 07:02:02.956467+00
2908,5c5bc271-66b8-4b72-bb5f-66a5695222df,GH1,sys_ph,6.5000,normal,1.00,2025-02-03 00:00:00+00,2025-08-09 07:02:02.956467+00
2909,5c5bc271-66b8-4b72-bb5f-66a5695222df,GH1,sys_ph,6.2000,normal,1.00,2025-02-04 00:00:00+00,2025-08-09 07:02:02.956467+00
2910,5c5bc271-66b8-4b72-bb5f-66a5695222df,GH1,sys_ph,6.2000,normal,1.00,2025-02-05 00:00:00+00,2025-08-09 07:02:02.956467+00
2911,5c5bc271-66b8-4b72-bb5f-66a5695222df,GH1,sys_ph,6.3000,normal,1.00,2025-02-06 00:00:00+00,2025-08-09 07:02:02.956467+00
2912,5c5bc271-66b8-4b72-bb5f-66a5695222df,GH1,sys_ph,6.3000,normal,1.00,2025-02-07 00:00:00+00,2025-08-09 07:02:02.956467+00
2913,5c5bc271-66b8-4b72-bb5f-66a5695222df,GH1,sys_ph,6.2000,normal,1.00,2025-02-08 00:00:00+00,2025-08-09 07:02:02.956467+00
2914,5c5bc271-66b8-4b72-bb5f-66a5695222df,GH1,sys_ph,6.3000,normal,1.00,2025-02-09 00:00:00+00,2025-08-09 07:02:02.956467+00
2915,5c5bc271-66b8-4b72-bb5f-66a5695222df,GH1,sys_ph,6.0500,normal,1.00,2025-02-10 00:00:00+00,2025-08-09 07:02:02.956467+00
2916,5c5bc271-66b8-4b72-bb5f-66a5695222df,GH1,sys_ph,6.0300,normal,1.00,2025-02-11 00:00:00+00,2025-08-09 07:02:02.956467+00
2917,5c5bc271-66b8-4b72-bb5f-66a5695222df,GH1,sys_ph,6.4000,normal,1.00,2025-02-12 00:00:00+00,2025-08-09 07:02:02.956467+00
2918,5c5bc271-66b8-4b72-bb5f-66a5695222df,GH1,sys_ph,6.3000,normal,1.00,2025-02-13 00:00:00+00,2025-08-09 07:02:02.956467+00
2919,5c5bc271-66b8-4b72-bb5f-66a5695222df,GH1,sys_ph,6.3000,normal,1.00,2025-02-14 00:00:00+00,2025-08-09 07:02:02.956467+00
2920,5c5bc271-66b8-4b72-bb5f-66a5695222df,GH1,sys_ph,6.4000,normal,1.00,2025-02-15 00:00:00+00,2025-08-09 07:02:02.956467+00
2921,5c5bc271-66b8-4b72-bb5f-66a5695222df,GH1,sys_ph,6.3000,normal,1.00,2025-02-16 00:00:00+00,2025-08-09 07:02:02.956467+00
2922,5c5bc271-66b8-4b72-bb5f-66a5695222df,GH1,sys_ph,6.4000,normal,1.00,2025-02-17 00:00:00+00,2025-08-09 07:02:02.956467+00
2923,5c5bc271-66b8-4b72-bb5f-66a5695222df,GH1,sys_ph,6.1800,normal,1.00,2025-02-18 00:00:00+00,2025-08-09 07:02:02.956467+00
2924,5c5bc271-66b8-4b72-bb5f-66a5695222df,GH1,sys_ph,6.2800,normal,1.00,2025-02-19 00:00:00+00,2025-08-09 07:02:02.956467+00
2925,5c5bc271-66b8-4b72-bb5f-66a5695222df,GH1,sys_ph,6.2300,normal,1.00,2025-02-20 00:00:00+00,2025-08-09 07:02:02.956467+00
2926,5c5bc271-66b8-4b72-bb5f-66a5695222df,GH1,sys_ph,6.4300,normal,1.00,2025-02-21 00:00:00+00,2025-08-09 07:02:02.956467+00
2927,5c5bc271-66b8-4b72-bb5f-66a5695222df,GH1,sys_ph,6.4500,normal,1.00,2025-02-22 00:00:00+00,2025-08-09 07:02:02.956467+00
2928,5c5bc271-66b8-4b72-bb5f-66a5695222df,GH1,sys_ph,6.7800,normal,1.00,2025-02-23 00:00:00+00,2025-08-09 07:02:02.956467+00
2929,5c5bc271-66b8-4b72-bb5f-66a5695222df,GH1,sys_ph,6.5500,normal,1.00,2025-02-24 00:00:00+00,2025-08-09 07:02:02.956467+00
2930,5c5bc271-66b8-4b72-bb5f-66a5695222df,GH1,sys_ph,6.4000,normal,1.00,2025-02-25 00:00:00+00,2025-08-09 07:02:02.956467+00
2931,5c5bc271-66b8-4b72-bb5f-66a5695222df,GH1,sys_ph,6.6500,normal,1.00,2025-02-26 00:00:00+00,2025-08-09 07:02:02.956467+00
2932,5c5bc271-66b8-4b72-bb5f-66a5695222df,GH1,sys_ph,6.3000,normal,1.00,2025-02-27 00:00:00+00,2025-08-09 07:02:02.956467+00
2933,5c5bc271-66b8-4b72-bb5f-66a5695222df,GH1,sys_ph,6.3000,normal,1.00,2025-02-28 00:00:00+00,2025-08-09 07:02:02.956467+00
2934,5c5bc271-66b8-4b72-bb5f-66a5695222df,GH1,sys_ph,6.5300,normal,1.00,2025-03-01 00:00:00+00,2025-08-09 07:02:02.956467+00
2935,5c5bc271-66b8-4b72-bb5f-66a5695222df,GH1,sys_ph,6.3800,normal,1.00,2025-03-02 00:00:00+00,2025-08-09 07:02:02.956467+00
2936,5c5bc271-66b8-4b72-bb5f-66a5695222df,GH1,sys_ph,6.6300,normal,1.00,2025-03-03 00:00:00+00,2025-08-09 07:02:02.956467+00
2937,5c5bc271-66b8-4b72-bb5f-66a5695222df,GH1,sys_ph,6.6500,normal,1.00,2025-03-04 00:00:00+00,2025-08-09 07:02:02.956467+00
2938,5c5bc271-66b8-4b72-bb5f-66a5695222df,GH1,sys_ph,6.6000,normal,1.00,2025-03-05 00:00:00+00,2025-08-09 07:02:02.956467+00
2939,5c5bc271-66b8-4b72-bb5f-66a5695222df,GH1,sys_ph,6.6300,normal,1.00,2025-03-06 00:00:00+00,2025-08-09 07:02:02.956467+00
2940,5c5bc271-66b8-4b72-bb5f-66a5695222df,GH1,sys_ph,6.6000,normal,1.00,2025-03-07 00:00:00+00,2025-08-09 07:02:02.956467+00
2941,5c5bc271-66b8-4b72-bb5f-66a5695222df,GH1,sys_ph,6.8800,normal,1.00,2025-03-08 00:00:00+00,2025-08-09 07:02:02.956467+00
2942,5c5bc271-66b8-4b72-bb5f-66a5695222df,GH1,sys_ph,6.6800,normal,1.00,2025-03-09 00:00:00+00,2025-08-09 07:02:02.956467+00
2943,5c5bc271-66b8-4b72-bb5f-66a5695222df,GH1,sys_ph,6.3000,normal,1.00,2025-03-10 00:00:00+00,2025-08-09 07:02:02.956467+00
2944,5c5bc271-66b8-4b72-bb5f-66a5695222df,GH1,sys_ph,6.3800,normal,1.00,2025-03-11 00:00:00+00,2025-08-09 07:02:02.956467+00
2945,5c5bc271-66b8-4b72-bb5f-66a5695222df,GH1,sys_ph,6.1500,normal,1.00,2025-03-12 00:00:00+00,2025-08-09 07:02:02.956467+00
2946,5c5bc271-66b8-4b72-bb5f-66a5695222df,GH1,sys_ph,6.1800,normal,1.00,2025-03-13 00:00:00+00,2025-08-09 07:02:02.956467+00
2947,5c5bc271-66b8-4b72-bb5f-66a5695222df,GH1,sys_ph,6.4000,normal,1.00,2025-03-14 00:00:00+00,2025-08-09 07:02:02.956467+00
2948,5c5bc271-66b8-4b72-bb5f-66a5695222df,GH1,sys_ph,6.6300,normal,1.00,2025-03-15 00:00:00+00,2025-08-09 07:02:02.956467+00
2949,5c5bc271-66b8-4b72-bb5f-66a5695222df,GH1,sys_ph,6.6500,normal,1.00,2025-03-16 00:00:00+00,2025-08-09 07:02:02.956467+00
2950,5c5bc271-66b8-4b72-bb5f-66a5695222df,GH1,sys_ph,6.5300,normal,1.00,2025-03-17 00:00:00+00,2025-08-09 07:02:02.956467+00
2951,5c5bc271-66b8-4b72-bb5f-66a5695222df,GH1,sys_ph,6.2000,normal,1.00,2025-03-18 00:00:00+00,2025-08-09 07:02:02.956467+00
2952,5c5bc271-66b8-4b72-bb5f-66a5695222df,GH1,sys_ph,6.3500,normal,1.00,2025-03-19 00:00:00+00,2025-08-09 07:02:02.956467+00
2953,5c5bc271-66b8-4b72-bb5f-66a5695222df,GH1,sys_ph,6.7500,normal,1.00,2025-03-20 00:00:00+00,2025-08-09 07:02:02.956467+00
2954,5c5bc271-66b8-4b72-bb5f-66a5695222df,GH1,sys_ph,6.5300,normal,1.00,2025-03-21 00:00:00+00,2025-08-09 07:02:02.956467+00
2955,5c5bc271-66b8-4b72-bb5f-66a5695222df,GH1,sys_ph,6.6800,normal,1.00,2025-03-22 00:00:00+00,2025-08-09 07:02:02.956467+00
2956,5c5bc271-66b8-4b72-bb5f-66a5695222df,GH1,sys_ph,6.8800,normal,1.00,2025-03-23 00:00:00+00,2025-08-09 07:02:02.956467+00
2957,5c5bc271-66b8-4b72-bb5f-66a5695222df,GH1,sys_ph,6.8800,normal,1.00,2025-03-24 00:00:00+00,2025-08-09 07:02:02.956467+00
2958,5c5bc271-66b8-4b72-bb5f-66a5695222df,GH1,sys_ph,7.0500,normal,1.00,2025-03-25 00:00:00+00,2025-08-09 07:02:02.956467+00
2959,5c5bc271-66b8-4b72-bb5f-66a5695222df,GH1,sys_ph,7.1000,normal,1.00,2025-03-26 00:00:00+00,2025-08-09 07:02:02.956467+00
2960,5c5bc271-66b8-4b72-bb5f-66a5695222df,GH1,sys_ph,7.1500,normal,1.00,2025-03-27 00:00:00+00,2025-08-09 07:02:02.956467+00
2961,5c5bc271-66b8-4b72-bb5f-66a5695222df,GH1,sys_ph,7.2800,normal,1.00,2025-03-28 00:00:00+00,2025-08-09 07:02:02.956467+00
2962,5c5bc271-66b8-4b72-bb5f-66a5695222df,GH1,sys_ph,6.8000,normal,1.00,2025-03-29 00:00:00+00,2025-08-09 07:02:02.956467+00
2963,5c5bc271-66b8-4b72-bb5f-66a5695222df,GH1,sys_ph,7.0000,normal,1.00,2025-03-30 00:00:00+00,2025-08-09 07:02:02.956467+00
2964,5c5bc271-66b8-4b72-bb5f-66a5695222df,GH1,sys_ph,7.1500,normal,1.00,2025-03-31 00:00:00+00,2025-08-09 07:02:02.956467+00
2965,5c5bc271-66b8-4b72-bb5f-66a5695222df,GH1,sys_ph,7.1800,normal,1.00,2025-04-01 00:00:00+00,2025-08-09 07:02:02.956467+00
2966,5c5bc271-66b8-4b72-bb5f-66a5695222df,GH1,sys_ph,7.3000,normal,1.00,2025-04-02 00:00:00+00,2025-08-09 07:02:02.956467+00
2967,5c5bc271-66b8-4b72-bb5f-66a5695222df,GH1,sys_ph,7.2300,normal,1.00,2025-04-03 00:00:00+00,2025-08-09 07:02:02.956467+00
2968,5c5bc271-66b8-4b72-bb5f-66a5695222df,GH1,sys_ph,7.0000,normal,1.00,2025-04-04 00:00:00+00,2025-08-09 07:02:02.956467+00
2969,5c5bc271-66b8-4b72-bb5f-66a5695222df,GH1,sys_ph,7.1000,normal,1.00,2025-04-05 00:00:00+00,2025-08-09 07:02:02.956467+00
2970,5c5bc271-66b8-4b72-bb5f-66a5695222df,GH1,sys_ph,7.2300,normal,1.00,2025-04-06 00:00:00+00,2025-08-09 07:02:02.956467+00
2971,5c5bc271-66b8-4b72-bb5f-66a5695222df,GH1,sys_ph,7.3800,normal,1.00,2025-04-07 00:00:00+00,2025-08-09 07:02:02.956467+00
2972,5c5bc271-66b8-4b72-bb5f-66a5695222df,GH1,sys_ph,7.3000,normal,1.00,2025-04-08 00:00:00+00,2025-08-09 07:02:02.956467+00
2973,5c5bc271-66b8-4b72-bb5f-66a5695222df,GH1,sys_ph,7.3500,normal,1.00,2025-04-09 00:00:00+00,2025-08-09 07:02:02.956467+00
2974,5c5bc271-66b8-4b72-bb5f-66a5695222df,GH1,sys_ph,7.2000,normal,1.00,2025-04-10 00:00:00+00,2025-08-09 07:02:02.956467+00
2975,5c5bc271-66b8-4b72-bb5f-66a5695222df,GH1,sys_ph,7.0800,normal,1.00,2025-04-11 00:00:00+00,2025-08-09 07:02:02.956467+00
2976,5c5bc271-66b8-4b72-bb5f-66a5695222df,GH1,sys_ph,7.1000,normal,1.00,2025-04-12 00:00:00+00,2025-08-09 07:02:02.956467+00
2977,5c5bc271-66b8-4b72-bb5f-66a5695222df,GH1,sys_ph,7.2300,normal,1.00,2025-04-13 00:00:00+00,2025-08-09 07:02:02.956467+00
2978,5c5bc271-66b8-4b72-bb5f-66a5695222df,GH1,sys_ph,7.0300,normal,1.00,2025-04-14 00:00:00+00,2025-08-09 07:02:02.956467+00
2979,5c5bc271-66b8-4b72-bb5f-66a5695222df,GH1,sys_ph,7.0500,normal,1.00,2025-04-15 00:00:00+00,2025-08-09 07:02:02.956467+00
2980,5c5bc271-66b8-4b72-bb5f-66a5695222df,GH1,sys_ph,7.0300,normal,1.00,2025-04-16 00:00:00+00,2025-08-09 07:02:02.956467+00
2981,5c5bc271-66b8-4b72-bb5f-66a5695222df,GH1,sys_ph,6.9000,normal,1.00,2025-04-17 00:00:00+00,2025-08-09 07:02:02.956467+00
2982,5c5bc271-66b8-4b72-bb5f-66a5695222df,GH1,sys_ph,6.3300,normal,1.00,2025-04-18 00:00:00+00,2025-08-09 07:02:02.956467+00
2983,5c5bc271-66b8-4b72-bb5f-66a5695222df,GH1,sys_ph,7.1500,normal,1.00,2025-04-19 00:00:00+00,2025-08-09 07:02:02.956467+00
2984,5c5bc271-66b8-4b72-bb5f-66a5695222df,GH1,sys_ph,7.1800,normal,1.00,2025-04-20 00:00:00+00,2025-08-09 07:02:02.956467+00
2985,5c5bc271-66b8-4b72-bb5f-66a5695222df,GH1,sys_h20_temp,28.8000,normal,1.00,2024-12-30 00:00:00+00,2025-08-09 07:02:02.956467+00
2986,5c5bc271-66b8-4b72-bb5f-66a5695222df,GH1,sys_h20_temp,31.1000,normal,1.00,2024-12-31 00:00:00+00,2025-08-09 07:02:02.956467+00
2987,5c5bc271-66b8-4b72-bb5f-66a5695222df,GH1,sys_h20_temp,28.7000,normal,1.00,2025-01-01 00:00:00+00,2025-08-09 07:02:02.956467+00
2988,5c5bc271-66b8-4b72-bb5f-66a5695222df,GH1,sys_h20_temp,30.1000,normal,1.00,2025-01-02 00:00:00+00,2025-08-09 07:02:02.956467+00
2989,5c5bc271-66b8-4b72-bb5f-66a5695222df,GH1,sys_h20_temp,29.5000,normal,1.00,2025-01-03 00:00:00+00,2025-08-09 07:02:02.956467+00
2990,5c5bc271-66b8-4b72-bb5f-66a5695222df,GH1,sys_h20_temp,29.9000,normal,1.00,2025-01-04 00:00:00+00,2025-08-09 07:02:02.956467+00
2991,5c5bc271-66b8-4b72-bb5f-66a5695222df,GH1,sys_h20_temp,29.3000,normal,1.00,2025-01-05 00:00:00+00,2025-08-09 07:02:02.956467+00
2992,5c5bc271-66b8-4b72-bb5f-66a5695222df,GH1,sys_h20_temp,29.8000,normal,1.00,2025-01-06 00:00:00+00,2025-08-09 07:02:02.956467+00
2993,5c5bc271-66b8-4b72-bb5f-66a5695222df,GH1,sys_h20_temp,28.1000,normal,1.00,2025-01-07 00:00:00+00,2025-08-09 07:02:02.956467+00
2994,5c5bc271-66b8-4b72-bb5f-66a5695222df,GH1,sys_h20_temp,30.1000,normal,1.00,2025-01-08 00:00:00+00,2025-08-09 07:02:02.956467+00
2995,5c5bc271-66b8-4b72-bb5f-66a5695222df,GH1,sys_h20_temp,29.3000,normal,1.00,2025-01-09 00:00:00+00,2025-08-09 07:02:02.956467+00
2996,5c5bc271-66b8-4b72-bb5f-66a5695222df,GH1,sys_h20_temp,28.7000,normal,1.00,2025-01-10 00:00:00+00,2025-08-09 07:02:02.956467+00
2997,5c5bc271-66b8-4b72-bb5f-66a5695222df,GH1,sys_h20_temp,29.6000,normal,1.00,2025-01-11 00:00:00+00,2025-08-09 07:02:02.956467+00
2998,5c5bc271-66b8-4b72-bb5f-66a5695222df,GH1,sys_h20_temp,28.1000,normal,1.00,2025-01-12 00:00:00+00,2025-08-09 07:02:02.956467+00
2999,5c5bc271-66b8-4b72-bb5f-66a5695222df,GH1,sys_h20_temp,29.1000,normal,1.00,2025-01-13 00:00:00+00,2025-08-09 07:02:02.956467+00
3000,5c5bc271-66b8-4b72-bb5f-66a5695222df,GH1,sys_h20_temp,28.7000,normal,1.00,2025-01-14 00:00:00+00,2025-08-09 07:02:02.956467+00
3001,5c5bc271-66b8-4b72-bb5f-66a5695222df,GH1,sys_h20_temp,30.1000,normal,1.00,2025-01-15 00:00:00+00,2025-08-09 07:02:02.956467+00
3002,5c5bc271-66b8-4b72-bb5f-66a5695222df,GH1,sys_h20_temp,29.5000,normal,1.00,2025-01-16 00:00:00+00,2025-08-09 07:02:02.956467+00
3003,5c5bc271-66b8-4b72-bb5f-66a5695222df,GH1,sys_h20_temp,30.4000,normal,1.00,2025-01-17 00:00:00+00,2025-08-09 07:02:02.956467+00
3004,5c5bc271-66b8-4b72-bb5f-66a5695222df,GH1,sys_h20_temp,30.6000,normal,1.00,2025-01-18 00:00:00+00,2025-08-09 07:02:02.956467+00
3005,5c5bc271-66b8-4b72-bb5f-66a5695222df,GH1,sys_h20_temp,30.5000,normal,1.00,2025-01-19 00:00:00+00,2025-08-09 07:02:02.956467+00
3006,5c5bc271-66b8-4b72-bb5f-66a5695222df,GH1,sys_h20_temp,30.3000,normal,1.00,2025-01-20 00:00:00+00,2025-08-09 07:02:02.956467+00
3007,5c5bc271-66b8-4b72-bb5f-66a5695222df,GH1,sys_h20_temp,30.5000,normal,1.00,2025-01-21 00:00:00+00,2025-08-09 07:02:02.956467+00
3008,5c5bc271-66b8-4b72-bb5f-66a5695222df,GH1,sys_h20_temp,31.1000,normal,1.00,2025-01-22 00:00:00+00,2025-08-09 07:02:02.956467+00
3009,5c5bc271-66b8-4b72-bb5f-66a5695222df,GH1,sys_h20_temp,30.0000,normal,1.00,2025-01-23 00:00:00+00,2025-08-09 07:02:02.956467+00
3010,5c5bc271-66b8-4b72-bb5f-66a5695222df,GH1,sys_h20_temp,30.7000,normal,1.00,2025-01-24 00:00:00+00,2025-08-09 07:02:02.956467+00
3011,5c5bc271-66b8-4b72-bb5f-66a5695222df,GH1,sys_h20_temp,30.8000,normal,1.00,2025-01-25 00:00:00+00,2025-08-09 07:02:02.956467+00
3012,5c5bc271-66b8-4b72-bb5f-66a5695222df,GH1,sys_h20_temp,30.3000,normal,1.00,2025-01-26 00:00:00+00,2025-08-09 07:02:02.956467+00
3013,5c5bc271-66b8-4b72-bb5f-66a5695222df,GH1,sys_h20_temp,30.0000,normal,1.00,2025-01-27 00:00:00+00,2025-08-09 07:02:02.956467+00
3014,5c5bc271-66b8-4b72-bb5f-66a5695222df,GH1,sys_h20_temp,28.5000,normal,1.00,2025-01-28 00:00:00+00,2025-08-09 07:02:02.956467+00
3015,5c5bc271-66b8-4b72-bb5f-66a5695222df,GH1,sys_h20_temp,29.2000,normal,1.00,2025-01-29 00:00:00+00,2025-08-09 07:02:02.956467+00
3016,5c5bc271-66b8-4b72-bb5f-66a5695222df,GH1,sys_h20_temp,29.0000,normal,1.00,2025-01-30 00:00:00+00,2025-08-09 07:02:02.956467+00
3017,5c5bc271-66b8-4b72-bb5f-66a5695222df,GH1,sys_h20_temp,30.0000,normal,1.00,2025-01-31 00:00:00+00,2025-08-09 07:02:02.956467+00
3018,5c5bc271-66b8-4b72-bb5f-66a5695222df,GH1,sys_h20_temp,31.5000,normal,1.00,2025-02-01 00:00:00+00,2025-08-09 07:02:02.956467+00
3019,5c5bc271-66b8-4b72-bb5f-66a5695222df,GH1,sys_h20_temp,31.1000,normal,1.00,2025-02-02 00:00:00+00,2025-08-09 07:02:02.956467+00
3020,5c5bc271-66b8-4b72-bb5f-66a5695222df,GH1,sys_h20_temp,30.4000,normal,1.00,2025-02-03 00:00:00+00,2025-08-09 07:02:02.956467+00
3021,5c5bc271-66b8-4b72-bb5f-66a5695222df,GH1,sys_h20_temp,28.7000,normal,1.00,2025-02-04 00:00:00+00,2025-08-09 07:02:02.956467+00
3022,5c5bc271-66b8-4b72-bb5f-66a5695222df,GH1,sys_h20_temp,30.6000,normal,1.00,2025-02-05 00:00:00+00,2025-08-09 07:02:02.956467+00
3023,5c5bc271-66b8-4b72-bb5f-66a5695222df,GH1,sys_h20_temp,28.8000,normal,1.00,2025-02-06 00:00:00+00,2025-08-09 07:02:02.956467+00
3024,5c5bc271-66b8-4b72-bb5f-66a5695222df,GH1,sys_h20_temp,28.7000,normal,1.00,2025-02-07 00:00:00+00,2025-08-09 07:02:02.956467+00
3025,5c5bc271-66b8-4b72-bb5f-66a5695222df,GH1,sys_h20_temp,28.8000,normal,1.00,2025-02-08 00:00:00+00,2025-08-09 07:02:02.956467+00
3026,5c5bc271-66b8-4b72-bb5f-66a5695222df,GH1,sys_h20_temp,29.0000,normal,1.00,2025-02-09 00:00:00+00,2025-08-09 07:02:02.956467+00
3027,5c5bc271-66b8-4b72-bb5f-66a5695222df,GH1,sys_h20_temp,28.4800,normal,1.00,2025-02-10 00:00:00+00,2025-08-09 07:02:02.956467+00
3028,5c5bc271-66b8-4b72-bb5f-66a5695222df,GH1,sys_h20_temp,27.8800,normal,1.00,2025-02-11 00:00:00+00,2025-08-09 07:02:02.956467+00
3029,5c5bc271-66b8-4b72-bb5f-66a5695222df,GH1,sys_h20_temp,32.1000,normal,1.00,2025-02-12 00:00:00+00,2025-08-09 07:02:02.956467+00
3030,5c5bc271-66b8-4b72-bb5f-66a5695222df,GH1,sys_h20_temp,32.8300,normal,1.00,2025-02-13 00:00:00+00,2025-08-09 07:02:02.956467+00
3031,5c5bc271-66b8-4b72-bb5f-66a5695222df,GH1,sys_h20_temp,30.8000,normal,1.00,2025-02-14 00:00:00+00,2025-08-09 07:02:02.956467+00
3032,5c5bc271-66b8-4b72-bb5f-66a5695222df,GH1,sys_h20_temp,30.8500,normal,1.00,2025-02-15 00:00:00+00,2025-08-09 07:02:02.956467+00
3033,5c5bc271-66b8-4b72-bb5f-66a5695222df,GH1,sys_h20_temp,31.9500,normal,1.00,2025-02-16 00:00:00+00,2025-08-09 07:02:02.956467+00
3034,5c5bc271-66b8-4b72-bb5f-66a5695222df,GH1,sys_h20_temp,32.6000,normal,1.00,2025-02-17 00:00:00+00,2025-08-09 07:02:02.956467+00
3035,5c5bc271-66b8-4b72-bb5f-66a5695222df,GH1,sys_h20_temp,30.5300,normal,1.00,2025-02-18 00:00:00+00,2025-08-09 07:02:02.956467+00
3036,5c5bc271-66b8-4b72-bb5f-66a5695222df,GH1,sys_h20_temp,29.9800,normal,1.00,2025-02-19 00:00:00+00,2025-08-09 07:02:02.956467+00
3037,5c5bc271-66b8-4b72-bb5f-66a5695222df,GH1,sys_h20_temp,28.6300,normal,1.00,2025-02-20 00:00:00+00,2025-08-09 07:02:02.956467+00
3038,5c5bc271-66b8-4b72-bb5f-66a5695222df,GH1,sys_h20_temp,29.9500,normal,1.00,2025-02-21 00:00:00+00,2025-08-09 07:02:02.956467+00
3039,5c5bc271-66b8-4b72-bb5f-66a5695222df,GH1,sys_h20_temp,30.1500,normal,1.00,2025-02-22 00:00:00+00,2025-08-09 07:02:02.956467+00
3040,5c5bc271-66b8-4b72-bb5f-66a5695222df,GH1,sys_h20_temp,32.8000,normal,1.00,2025-02-23 00:00:00+00,2025-08-09 07:02:02.956467+00
3041,5c5bc271-66b8-4b72-bb5f-66a5695222df,GH1,sys_h20_temp,28.8300,normal,1.00,2025-02-24 00:00:00+00,2025-08-09 07:02:02.956467+00
3042,5c5bc271-66b8-4b72-bb5f-66a5695222df,GH1,sys_h20_temp,28.7500,normal,1.00,2025-02-25 00:00:00+00,2025-08-09 07:02:02.956467+00
3043,5c5bc271-66b8-4b72-bb5f-66a5695222df,GH1,sys_h20_temp,29.3500,normal,1.00,2025-02-26 00:00:00+00,2025-08-09 07:02:02.956467+00
3044,5c5bc271-66b8-4b72-bb5f-66a5695222df,GH1,sys_h20_temp,28.9000,normal,1.00,2025-02-27 00:00:00+00,2025-08-09 07:02:02.956467+00
3045,5c5bc271-66b8-4b72-bb5f-66a5695222df,GH1,sys_h20_temp,29.9500,normal,1.00,2025-02-28 00:00:00+00,2025-08-09 07:02:02.956467+00
3046,5c5bc271-66b8-4b72-bb5f-66a5695222df,GH1,sys_h20_temp,3.1800,normal,1.00,2025-03-01 00:00:00+00,2025-08-09 07:02:02.956467+00
3047,5c5bc271-66b8-4b72-bb5f-66a5695222df,GH1,sys_h20_temp,33.2000,normal,1.00,2025-03-02 00:00:00+00,2025-08-09 07:02:02.956467+00
3048,5c5bc271-66b8-4b72-bb5f-66a5695222df,GH1,sys_h20_temp,30.4800,normal,1.00,2025-03-03 00:00:00+00,2025-08-09 07:02:02.956467+00
3049,5c5bc271-66b8-4b72-bb5f-66a5695222df,GH1,sys_h20_temp,32.1800,normal,1.00,2025-03-04 00:00:00+00,2025-08-09 07:02:02.956467+00
3050,5c5bc271-66b8-4b72-bb5f-66a5695222df,GH1,sys_h20_temp,33.7000,normal,1.00,2025-03-05 00:00:00+00,2025-08-09 07:02:02.956467+00
3051,5c5bc271-66b8-4b72-bb5f-66a5695222df,GH1,sys_h20_temp,32.3000,normal,1.00,2025-03-06 00:00:00+00,2025-08-09 07:02:02.956467+00
3052,5c5bc271-66b8-4b72-bb5f-66a5695222df,GH1,sys_h20_temp,31.9500,normal,1.00,2025-03-07 00:00:00+00,2025-08-09 07:02:02.956467+00
3053,5c5bc271-66b8-4b72-bb5f-66a5695222df,GH1,sys_h20_temp,31.4300,normal,1.00,2025-03-08 00:00:00+00,2025-08-09 07:02:02.956467+00
3054,5c5bc271-66b8-4b72-bb5f-66a5695222df,GH1,sys_h20_temp,31.7300,normal,1.00,2025-03-09 00:00:00+00,2025-08-09 07:02:02.956467+00
3055,5c5bc271-66b8-4b72-bb5f-66a5695222df,GH1,sys_h20_temp,30.8300,normal,1.00,2025-03-10 00:00:00+00,2025-08-09 07:02:02.956467+00
3056,5c5bc271-66b8-4b72-bb5f-66a5695222df,GH1,sys_h20_temp,32.7000,normal,1.00,2025-03-11 00:00:00+00,2025-08-09 07:02:02.956467+00
3057,5c5bc271-66b8-4b72-bb5f-66a5695222df,GH1,sys_h20_temp,31.5000,normal,1.00,2025-03-12 00:00:00+00,2025-08-09 07:02:02.956467+00
3058,5c5bc271-66b8-4b72-bb5f-66a5695222df,GH1,sys_h20_temp,33.1800,normal,1.00,2025-03-13 00:00:00+00,2025-08-09 07:02:02.956467+00
3059,5c5bc271-66b8-4b72-bb5f-66a5695222df,GH1,sys_h20_temp,29.8500,normal,1.00,2025-03-14 00:00:00+00,2025-08-09 07:02:02.956467+00
3060,5c5bc271-66b8-4b72-bb5f-66a5695222df,GH1,sys_h20_temp,29.8000,normal,1.00,2025-03-15 00:00:00+00,2025-08-09 07:02:02.956467+00
3061,5c5bc271-66b8-4b72-bb5f-66a5695222df,GH1,sys_h20_temp,30.8800,normal,1.00,2025-03-16 00:00:00+00,2025-08-09 07:02:02.956467+00
3062,5c5bc271-66b8-4b72-bb5f-66a5695222df,GH1,sys_h20_temp,28.1000,normal,1.00,2025-03-17 00:00:00+00,2025-08-09 07:02:02.956467+00
3063,5c5bc271-66b8-4b72-bb5f-66a5695222df,GH1,sys_h20_temp,29.1500,normal,1.00,2025-03-18 00:00:00+00,2025-08-09 07:02:02.956467+00
3064,5c5bc271-66b8-4b72-bb5f-66a5695222df,GH1,sys_h20_temp,28.3800,normal,1.00,2025-03-19 00:00:00+00,2025-08-09 07:02:02.956467+00
3065,5c5bc271-66b8-4b72-bb5f-66a5695222df,GH1,sys_h20_temp,26.9300,normal,1.00,2025-03-20 00:00:00+00,2025-08-09 07:02:02.956467+00
3066,5c5bc271-66b8-4b72-bb5f-66a5695222df,GH1,sys_h20_temp,27.6000,normal,1.00,2025-03-21 00:00:00+00,2025-08-09 07:02:02.956467+00
3067,5c5bc271-66b8-4b72-bb5f-66a5695222df,GH1,sys_h20_temp,29.1500,normal,1.00,2025-03-22 00:00:00+00,2025-08-09 07:02:02.956467+00
3068,5c5bc271-66b8-4b72-bb5f-66a5695222df,GH1,sys_h20_temp,27.7300,normal,1.00,2025-03-23 00:00:00+00,2025-08-09 07:02:02.956467+00
3069,5c5bc271-66b8-4b72-bb5f-66a5695222df,GH1,sys_h20_temp,29.7300,normal,1.00,2025-03-24 00:00:00+00,2025-08-09 07:02:02.956467+00
3070,5c5bc271-66b8-4b72-bb5f-66a5695222df,GH1,sys_h20_temp,34.4300,normal,1.00,2025-03-25 00:00:00+00,2025-08-09 07:02:02.956467+00
3071,5c5bc271-66b8-4b72-bb5f-66a5695222df,GH1,sys_h20_temp,30.4500,normal,1.00,2025-03-26 00:00:00+00,2025-08-09 07:02:02.956467+00
3072,5c5bc271-66b8-4b72-bb5f-66a5695222df,GH1,sys_h20_temp,30.6800,normal,1.00,2025-03-27 00:00:00+00,2025-08-09 07:02:02.956467+00
3073,5c5bc271-66b8-4b72-bb5f-66a5695222df,GH1,sys_h20_temp,31.4000,normal,1.00,2025-03-28 00:00:00+00,2025-08-09 07:02:02.956467+00
3074,5c5bc271-66b8-4b72-bb5f-66a5695222df,GH1,sys_h20_temp,27.9800,normal,1.00,2025-03-29 00:00:00+00,2025-08-09 07:02:02.956467+00
3075,5c5bc271-66b8-4b72-bb5f-66a5695222df,GH1,sys_h20_temp,29.1500,normal,1.00,2025-03-30 00:00:00+00,2025-08-09 07:02:02.956467+00
3076,5c5bc271-66b8-4b72-bb5f-66a5695222df,GH1,sys_h20_temp,29.4500,normal,1.00,2025-03-31 00:00:00+00,2025-08-09 07:02:02.956467+00
3077,5c5bc271-66b8-4b72-bb5f-66a5695222df,GH1,sys_h20_temp,31.3800,normal,1.00,2025-04-01 00:00:00+00,2025-08-09 07:02:02.956467+00
3078,5c5bc271-66b8-4b72-bb5f-66a5695222df,GH1,sys_h20_temp,31.8500,normal,1.00,2025-04-02 00:00:00+00,2025-08-09 07:02:02.956467+00
3079,5c5bc271-66b8-4b72-bb5f-66a5695222df,GH1,sys_h20_temp,32.3800,normal,1.00,2025-04-03 00:00:00+00,2025-08-09 07:02:02.956467+00
3080,5c5bc271-66b8-4b72-bb5f-66a5695222df,GH1,sys_h20_temp,31.2500,normal,1.00,2025-04-04 00:00:00+00,2025-08-09 07:02:02.956467+00
3081,5c5bc271-66b8-4b72-bb5f-66a5695222df,GH1,sys_h20_temp,31.3500,normal,1.00,2025-04-05 00:00:00+00,2025-08-09 07:02:02.956467+00
3082,5c5bc271-66b8-4b72-bb5f-66a5695222df,GH1,sys_h20_temp,31.2000,normal,1.00,2025-04-06 00:00:00+00,2025-08-09 07:02:02.956467+00
3083,5c5bc271-66b8-4b72-bb5f-66a5695222df,GH1,sys_h20_temp,35.5500,normal,1.00,2025-04-07 00:00:00+00,2025-08-09 07:02:02.956467+00
3084,5c5bc271-66b8-4b72-bb5f-66a5695222df,GH1,sys_h20_temp,35.8800,normal,1.00,2025-04-08 00:00:00+00,2025-08-09 07:02:02.956467+00
3085,5c5bc271-66b8-4b72-bb5f-66a5695222df,GH1,sys_h20_temp,30.9500,normal,1.00,2025-04-09 00:00:00+00,2025-08-09 07:02:02.956467+00
3086,5c5bc271-66b8-4b72-bb5f-66a5695222df,GH1,sys_h20_temp,31.2500,normal,1.00,2025-04-10 00:00:00+00,2025-08-09 07:02:02.956467+00
3087,5c5bc271-66b8-4b72-bb5f-66a5695222df,GH1,sys_h20_temp,30.3800,normal,1.00,2025-04-11 00:00:00+00,2025-08-09 07:02:02.956467+00
3088,5c5bc271-66b8-4b72-bb5f-66a5695222df,GH1,sys_h20_temp,31.9800,normal,1.00,2025-04-12 00:00:00+00,2025-08-09 07:02:02.956467+00
3089,5c5bc271-66b8-4b72-bb5f-66a5695222df,GH1,sys_h20_temp,31.7300,normal,1.00,2025-04-13 00:00:00+00,2025-08-09 07:02:02.956467+00
3090,5c5bc271-66b8-4b72-bb5f-66a5695222df,GH1,sys_h20_temp,31.2000,normal,1.00,2025-04-14 00:00:00+00,2025-08-09 07:02:02.956467+00
3091,5c5bc271-66b8-4b72-bb5f-66a5695222df,GH1,sys_h20_temp,32.2300,normal,1.00,2025-04-15 00:00:00+00,2025-08-09 07:02:02.956467+00
3092,5c5bc271-66b8-4b72-bb5f-66a5695222df,GH1,sys_h20_temp,32.2500,normal,1.00,2025-04-16 00:00:00+00,2025-08-09 07:02:02.956467+00
3093,5c5bc271-66b8-4b72-bb5f-66a5695222df,GH1,sys_h20_temp,31.4500,normal,1.00,2025-04-17 00:00:00+00,2025-08-09 07:02:02.956467+00
3094,5c5bc271-66b8-4b72-bb5f-66a5695222df,GH1,sys_h20_temp,32.6800,normal,1.00,2025-04-18 00:00:00+00,2025-08-09 07:02:02.956467+00
3095,5c5bc271-66b8-4b72-bb5f-66a5695222df,GH1,sys_h20_temp,31.5000,normal,1.00,2025-04-19 00:00:00+00,2025-08-09 07:02:02.956467+00
3096,5c5bc271-66b8-4b72-bb5f-66a5695222df,GH1,sys_h20_temp,32.0800,normal,1.00,2025-04-20 00:00:00+00,2025-08-09 07:02:02.956467+00
3097,5c5bc271-66b8-4b72-bb5f-66a5695222df,GH1,sys_gh_temp,29.0000,normal,1.00,2024-12-30 00:00:00+00,2025-08-09 07:02:02.956467+00
3098,5c5bc271-66b8-4b72-bb5f-66a5695222df,GH1,sys_gh_temp,31.9000,normal,1.00,2024-12-31 00:00:00+00,2025-08-09 07:02:02.956467+00
3099,5c5bc271-66b8-4b72-bb5f-66a5695222df,GH1,sys_gh_temp,28.1000,normal,1.00,2025-01-01 00:00:00+00,2025-08-09 07:02:02.956467+00
3100,5c5bc271-66b8-4b72-bb5f-66a5695222df,GH1,sys_gh_temp,30.0000,normal,1.00,2025-01-02 00:00:00+00,2025-08-09 07:02:02.956467+00
3101,5c5bc271-66b8-4b72-bb5f-66a5695222df,GH1,sys_gh_temp,29.5000,normal,1.00,2025-01-03 00:00:00+00,2025-08-09 07:02:02.956467+00
3102,5c5bc271-66b8-4b72-bb5f-66a5695222df,GH1,sys_gh_temp,30.6000,normal,1.00,2025-01-04 00:00:00+00,2025-08-09 07:02:02.956467+00
3103,5c5bc271-66b8-4b72-bb5f-66a5695222df,GH1,sys_gh_temp,30.5000,normal,1.00,2025-01-05 00:00:00+00,2025-08-09 07:02:02.956467+00
3104,5c5bc271-66b8-4b72-bb5f-66a5695222df,GH1,sys_gh_temp,31.6000,normal,1.00,2025-01-06 00:00:00+00,2025-08-09 07:02:02.956467+00
3105,5c5bc271-66b8-4b72-bb5f-66a5695222df,GH1,sys_gh_temp,28.7000,normal,1.00,2025-01-07 00:00:00+00,2025-08-09 07:02:02.956467+00
3106,5c5bc271-66b8-4b72-bb5f-66a5695222df,GH1,sys_gh_temp,29.9000,normal,1.00,2025-01-08 00:00:00+00,2025-08-09 07:02:02.956467+00
3107,5c5bc271-66b8-4b72-bb5f-66a5695222df,GH1,sys_gh_temp,30.5000,normal,1.00,2025-01-09 00:00:00+00,2025-08-09 07:02:02.956467+00
3108,5c5bc271-66b8-4b72-bb5f-66a5695222df,GH1,sys_gh_temp,29.4000,normal,1.00,2025-01-10 00:00:00+00,2025-08-09 07:02:02.956467+00
3109,5c5bc271-66b8-4b72-bb5f-66a5695222df,GH1,sys_gh_temp,31.2000,normal,1.00,2025-01-11 00:00:00+00,2025-08-09 07:02:02.956467+00
3110,5c5bc271-66b8-4b72-bb5f-66a5695222df,GH1,sys_gh_temp,27.5000,normal,1.00,2025-01-12 00:00:00+00,2025-08-09 07:02:02.956467+00
3111,5c5bc271-66b8-4b72-bb5f-66a5695222df,GH1,sys_gh_temp,29.6000,normal,1.00,2025-01-13 00:00:00+00,2025-08-09 07:02:02.956467+00
3112,5c5bc271-66b8-4b72-bb5f-66a5695222df,GH1,sys_gh_temp,28.5000,normal,1.00,2025-01-14 00:00:00+00,2025-08-09 07:02:02.956467+00
3113,5c5bc271-66b8-4b72-bb5f-66a5695222df,GH1,sys_gh_temp,30.2000,normal,1.00,2025-01-15 00:00:00+00,2025-08-09 07:02:02.956467+00
3114,5c5bc271-66b8-4b72-bb5f-66a5695222df,GH1,sys_gh_temp,30.3000,normal,1.00,2025-01-16 00:00:00+00,2025-08-09 07:02:02.956467+00
3115,5c5bc271-66b8-4b72-bb5f-66a5695222df,GH1,sys_gh_temp,31.2000,normal,1.00,2025-01-17 00:00:00+00,2025-08-09 07:02:02.956467+00
3116,5c5bc271-66b8-4b72-bb5f-66a5695222df,GH1,sys_gh_temp,31.6000,normal,1.00,2025-01-18 00:00:00+00,2025-08-09 07:02:02.956467+00
3117,5c5bc271-66b8-4b72-bb5f-66a5695222df,GH1,sys_gh_temp,30.1000,normal,1.00,2025-01-19 00:00:00+00,2025-08-09 07:02:02.956467+00
3118,5c5bc271-66b8-4b72-bb5f-66a5695222df,GH1,sys_gh_temp,30.5000,normal,1.00,2025-01-20 00:00:00+00,2025-08-09 07:02:02.956467+00
3119,5c5bc271-66b8-4b72-bb5f-66a5695222df,GH1,sys_gh_temp,30.4000,normal,1.00,2025-01-21 00:00:00+00,2025-08-09 07:02:02.956467+00
3120,5c5bc271-66b8-4b72-bb5f-66a5695222df,GH1,sys_gh_temp,31.1000,normal,1.00,2025-01-22 00:00:00+00,2025-08-09 07:02:02.956467+00
3121,5c5bc271-66b8-4b72-bb5f-66a5695222df,GH1,sys_gh_temp,31.5000,normal,1.00,2025-01-23 00:00:00+00,2025-08-09 07:02:02.956467+00
3122,5c5bc271-66b8-4b72-bb5f-66a5695222df,GH1,sys_gh_temp,32.3000,normal,1.00,2025-01-24 00:00:00+00,2025-08-09 07:02:02.956467+00
3123,5c5bc271-66b8-4b72-bb5f-66a5695222df,GH1,sys_gh_temp,32.2000,normal,1.00,2025-01-25 00:00:00+00,2025-08-09 07:02:02.956467+00
3124,5c5bc271-66b8-4b72-bb5f-66a5695222df,GH1,sys_gh_temp,31.2000,normal,1.00,2025-01-26 00:00:00+00,2025-08-09 07:02:02.956467+00
3125,5c5bc271-66b8-4b72-bb5f-66a5695222df,GH1,sys_gh_temp,31.4000,normal,1.00,2025-01-27 00:00:00+00,2025-08-09 07:02:02.956467+00
3126,5c5bc271-66b8-4b72-bb5f-66a5695222df,GH1,sys_gh_temp,28.5000,normal,1.00,2025-01-28 00:00:00+00,2025-08-09 07:02:02.956467+00
3127,5c5bc271-66b8-4b72-bb5f-66a5695222df,GH1,sys_gh_temp,30.4000,normal,1.00,2025-01-29 00:00:00+00,2025-08-09 07:02:02.956467+00
3128,5c5bc271-66b8-4b72-bb5f-66a5695222df,GH1,sys_gh_temp,28.7000,normal,1.00,2025-01-30 00:00:00+00,2025-08-09 07:02:02.956467+00
3129,5c5bc271-66b8-4b72-bb5f-66a5695222df,GH1,sys_gh_temp,31.1000,normal,1.00,2025-01-31 00:00:00+00,2025-08-09 07:02:02.956467+00
3130,5c5bc271-66b8-4b72-bb5f-66a5695222df,GH1,sys_gh_temp,32.9000,normal,1.00,2025-02-01 00:00:00+00,2025-08-09 07:02:02.956467+00
3131,5c5bc271-66b8-4b72-bb5f-66a5695222df,GH1,sys_gh_temp,33.1000,normal,1.00,2025-02-02 00:00:00+00,2025-08-09 07:02:02.956467+00
3132,5c5bc271-66b8-4b72-bb5f-66a5695222df,GH1,sys_gh_temp,31.0000,normal,1.00,2025-02-03 00:00:00+00,2025-08-09 07:02:02.956467+00
3133,5c5bc271-66b8-4b72-bb5f-66a5695222df,GH1,sys_gh_temp,28.2000,normal,1.00,2025-02-04 00:00:00+00,2025-08-09 07:02:02.956467+00
3134,5c5bc271-66b8-4b72-bb5f-66a5695222df,GH1,sys_gh_temp,31.7000,normal,1.00,2025-02-05 00:00:00+00,2025-08-09 07:02:02.956467+00
3135,5c5bc271-66b8-4b72-bb5f-66a5695222df,GH1,sys_gh_temp,28.7000,normal,1.00,2025-02-06 00:00:00+00,2025-08-09 07:02:02.956467+00
3136,5c5bc271-66b8-4b72-bb5f-66a5695222df,GH1,sys_gh_temp,28.3000,normal,1.00,2025-02-07 00:00:00+00,2025-08-09 07:02:02.956467+00
3137,5c5bc271-66b8-4b72-bb5f-66a5695222df,GH1,sys_gh_temp,28.5000,normal,1.00,2025-02-08 00:00:00+00,2025-08-09 07:02:02.956467+00
3138,5c5bc271-66b8-4b72-bb5f-66a5695222df,GH1,sys_gh_temp,31.0000,normal,1.00,2025-02-09 00:00:00+00,2025-08-09 07:02:02.956467+00
3139,5c5bc271-66b8-4b72-bb5f-66a5695222df,GH1,sys_gh_temp,28.3300,normal,1.00,2025-02-10 00:00:00+00,2025-08-09 07:02:02.956467+00
3140,5c5bc271-66b8-4b72-bb5f-66a5695222df,GH1,sys_gh_temp,28.4000,normal,1.00,2025-02-11 00:00:00+00,2025-08-09 07:02:02.956467+00
3141,5c5bc271-66b8-4b72-bb5f-66a5695222df,GH1,sys_gh_temp,35.2800,normal,1.00,2025-02-12 00:00:00+00,2025-08-09 07:02:02.956467+00
3142,5c5bc271-66b8-4b72-bb5f-66a5695222df,GH1,sys_gh_temp,34.4800,normal,1.00,2025-02-13 00:00:00+00,2025-08-09 07:02:02.956467+00
3143,5c5bc271-66b8-4b72-bb5f-66a5695222df,GH1,sys_gh_temp,32.0500,normal,1.00,2025-02-14 00:00:00+00,2025-08-09 07:02:02.956467+00
3144,5c5bc271-66b8-4b72-bb5f-66a5695222df,GH1,sys_gh_temp,33.0000,normal,1.00,2025-02-15 00:00:00+00,2025-08-09 07:02:02.956467+00
3145,5c5bc271-66b8-4b72-bb5f-66a5695222df,GH1,sys_gh_temp,34.3500,normal,1.00,2025-02-16 00:00:00+00,2025-08-09 07:02:02.956467+00
3146,5c5bc271-66b8-4b72-bb5f-66a5695222df,GH1,sys_gh_temp,34.3000,normal,1.00,2025-02-17 00:00:00+00,2025-08-09 07:02:02.956467+00
3147,5c5bc271-66b8-4b72-bb5f-66a5695222df,GH1,sys_gh_temp,31.5800,normal,1.00,2025-02-18 00:00:00+00,2025-08-09 07:02:02.956467+00
3148,5c5bc271-66b8-4b72-bb5f-66a5695222df,GH1,sys_gh_temp,30.7300,normal,1.00,2025-02-19 00:00:00+00,2025-08-09 07:02:02.956467+00
3149,5c5bc271-66b8-4b72-bb5f-66a5695222df,GH1,sys_gh_temp,29.7000,normal,1.00,2025-02-20 00:00:00+00,2025-08-09 07:02:02.956467+00
3150,5c5bc271-66b8-4b72-bb5f-66a5695222df,GH1,sys_gh_temp,29.5800,normal,1.00,2025-02-21 00:00:00+00,2025-08-09 07:02:02.956467+00
3151,5c5bc271-66b8-4b72-bb5f-66a5695222df,GH1,sys_gh_temp,27.7800,normal,1.00,2025-02-22 00:00:00+00,2025-08-09 07:02:02.956467+00
3152,5c5bc271-66b8-4b72-bb5f-66a5695222df,GH1,sys_gh_temp,34.3000,normal,1.00,2025-02-23 00:00:00+00,2025-08-09 07:02:02.956467+00
3153,5c5bc271-66b8-4b72-bb5f-66a5695222df,GH1,sys_gh_temp,30.2000,normal,1.00,2025-02-24 00:00:00+00,2025-08-09 07:02:02.956467+00
3154,5c5bc271-66b8-4b72-bb5f-66a5695222df,GH1,sys_gh_temp,29.8300,normal,1.00,2025-02-25 00:00:00+00,2025-08-09 07:02:02.956467+00
3155,5c5bc271-66b8-4b72-bb5f-66a5695222df,GH1,sys_gh_temp,32.7800,normal,1.00,2025-02-26 00:00:00+00,2025-08-09 07:02:02.956467+00
3156,5c5bc271-66b8-4b72-bb5f-66a5695222df,GH1,sys_gh_temp,31.6000,normal,1.00,2025-02-27 00:00:00+00,2025-08-09 07:02:02.956467+00
3157,5c5bc271-66b8-4b72-bb5f-66a5695222df,GH1,sys_gh_temp,32.5300,normal,1.00,2025-02-28 00:00:00+00,2025-08-09 07:02:02.956467+00
3158,5c5bc271-66b8-4b72-bb5f-66a5695222df,GH1,sys_gh_temp,33.5000,normal,1.00,2025-03-01 00:00:00+00,2025-08-09 07:02:02.956467+00
3159,5c5bc271-66b8-4b72-bb5f-66a5695222df,GH1,sys_gh_temp,36.8300,normal,1.00,2025-03-02 00:00:00+00,2025-08-09 07:02:02.956467+00
3160,5c5bc271-66b8-4b72-bb5f-66a5695222df,GH1,sys_gh_temp,31.7000,normal,1.00,2025-03-03 00:00:00+00,2025-08-09 07:02:02.956467+00
3161,5c5bc271-66b8-4b72-bb5f-66a5695222df,GH1,sys_gh_temp,36.6500,normal,1.00,2025-03-04 00:00:00+00,2025-08-09 07:02:02.956467+00
3162,5c5bc271-66b8-4b72-bb5f-66a5695222df,GH1,sys_gh_temp,38.4000,normal,1.00,2025-03-05 00:00:00+00,2025-08-09 07:02:02.956467+00
3163,5c5bc271-66b8-4b72-bb5f-66a5695222df,GH1,sys_gh_temp,36.2800,normal,1.00,2025-03-06 00:00:00+00,2025-08-09 07:02:02.956467+00
3164,5c5bc271-66b8-4b72-bb5f-66a5695222df,GH1,sys_gh_temp,33.1800,normal,1.00,2025-03-07 00:00:00+00,2025-08-09 07:02:02.956467+00
3165,5c5bc271-66b8-4b72-bb5f-66a5695222df,GH1,sys_gh_temp,30.5300,normal,1.00,2025-03-08 00:00:00+00,2025-08-09 07:02:02.956467+00
3166,5c5bc271-66b8-4b72-bb5f-66a5695222df,GH1,sys_gh_temp,31.7000,normal,1.00,2025-03-09 00:00:00+00,2025-08-09 07:02:02.956467+00
3167,5c5bc271-66b8-4b72-bb5f-66a5695222df,GH1,sys_gh_temp,30.7000,normal,1.00,2025-03-10 00:00:00+00,2025-08-09 07:02:02.956467+00
3168,5c5bc271-66b8-4b72-bb5f-66a5695222df,GH1,sys_gh_temp,34.1000,normal,1.00,2025-03-11 00:00:00+00,2025-08-09 07:02:02.956467+00
3169,5c5bc271-66b8-4b72-bb5f-66a5695222df,GH1,sys_gh_temp,36.0000,normal,1.00,2025-03-12 00:00:00+00,2025-08-09 07:02:02.956467+00
3170,5c5bc271-66b8-4b72-bb5f-66a5695222df,GH1,sys_gh_temp,35.6000,normal,1.00,2025-03-13 00:00:00+00,2025-08-09 07:02:02.956467+00
3171,5c5bc271-66b8-4b72-bb5f-66a5695222df,GH1,sys_gh_temp,34.4800,normal,1.00,2025-03-14 00:00:00+00,2025-08-09 07:02:02.956467+00
3172,5c5bc271-66b8-4b72-bb5f-66a5695222df,GH1,sys_gh_temp,33.4000,normal,1.00,2025-03-15 00:00:00+00,2025-08-09 07:02:02.956467+00
3173,5c5bc271-66b8-4b72-bb5f-66a5695222df,GH1,sys_gh_temp,30.5300,normal,1.00,2025-03-17 00:00:00+00,2025-08-09 07:02:02.956467+00
3174,5c5bc271-66b8-4b72-bb5f-66a5695222df,GH1,sys_gh_temp,30.6000,normal,1.00,2025-03-18 00:00:00+00,2025-08-09 07:02:02.956467+00
3175,5c5bc271-66b8-4b72-bb5f-66a5695222df,GH1,sys_gh_temp,30.1300,normal,1.00,2025-03-19 00:00:00+00,2025-08-09 07:02:02.956467+00
3176,5c5bc271-66b8-4b72-bb5f-66a5695222df,GH1,sys_gh_temp,28.0300,normal,1.00,2025-03-20 00:00:00+00,2025-08-09 07:02:02.956467+00
3177,5c5bc271-66b8-4b72-bb5f-66a5695222df,GH1,sys_gh_temp,28.7000,normal,1.00,2025-03-21 00:00:00+00,2025-08-09 07:02:02.956467+00
3178,5c5bc271-66b8-4b72-bb5f-66a5695222df,GH1,sys_gh_temp,31.0800,normal,1.00,2025-03-22 00:00:00+00,2025-08-09 07:02:02.956467+00
3179,5c5bc271-66b8-4b72-bb5f-66a5695222df,GH1,sys_gh_temp,33.4300,normal,1.00,2025-03-23 00:00:00+00,2025-08-09 07:02:02.956467+00
3180,5c5bc271-66b8-4b72-bb5f-66a5695222df,GH1,sys_gh_temp,32.6000,normal,1.00,2025-03-24 00:00:00+00,2025-08-09 07:02:02.956467+00
3181,5c5bc271-66b8-4b72-bb5f-66a5695222df,GH1,sys_gh_temp,35.5000,normal,1.00,2025-03-25 00:00:00+00,2025-08-09 07:02:02.956467+00
3182,5c5bc271-66b8-4b72-bb5f-66a5695222df,GH1,sys_gh_temp,35.8000,normal,1.00,2025-03-26 00:00:00+00,2025-08-09 07:02:02.956467+00
3183,5c5bc271-66b8-4b72-bb5f-66a5695222df,GH1,sys_gh_temp,33.7500,normal,1.00,2025-03-27 00:00:00+00,2025-08-09 07:02:02.956467+00
3184,5c5bc271-66b8-4b72-bb5f-66a5695222df,GH1,sys_gh_temp,37.3500,normal,1.00,2025-03-28 00:00:00+00,2025-08-09 07:02:02.956467+00
3185,5c5bc271-66b8-4b72-bb5f-66a5695222df,GH1,sys_gh_temp,29.6300,normal,1.00,2025-03-29 00:00:00+00,2025-08-09 07:02:02.956467+00
3186,5c5bc271-66b8-4b72-bb5f-66a5695222df,GH1,sys_gh_temp,32.1300,normal,1.00,2025-03-30 00:00:00+00,2025-08-09 07:02:02.956467+00
3187,5c5bc271-66b8-4b72-bb5f-66a5695222df,GH1,sys_gh_temp,34.3500,normal,1.00,2025-03-31 00:00:00+00,2025-08-09 07:02:02.956467+00
3188,5c5bc271-66b8-4b72-bb5f-66a5695222df,GH1,sys_gh_temp,37.0800,normal,1.00,2025-04-01 00:00:00+00,2025-08-09 07:02:02.956467+00
3189,5c5bc271-66b8-4b72-bb5f-66a5695222df,GH1,sys_gh_temp,36.5000,normal,1.00,2025-04-02 00:00:00+00,2025-08-09 07:02:02.956467+00
3190,5c5bc271-66b8-4b72-bb5f-66a5695222df,GH1,sys_gh_temp,35.5300,normal,1.00,2025-04-03 00:00:00+00,2025-08-09 07:02:02.956467+00
3191,5c5bc271-66b8-4b72-bb5f-66a5695222df,GH1,sys_gh_temp,36.6000,normal,1.00,2025-04-04 00:00:00+00,2025-08-09 07:02:02.956467+00
3192,5c5bc271-66b8-4b72-bb5f-66a5695222df,GH1,sys_gh_temp,31.1300,normal,1.00,2025-04-05 00:00:00+00,2025-08-09 07:02:02.956467+00
3193,5c5bc271-66b8-4b72-bb5f-66a5695222df,GH1,sys_gh_temp,35.4300,normal,1.00,2025-04-06 00:00:00+00,2025-08-09 07:02:02.956467+00
3194,5c5bc271-66b8-4b72-bb5f-66a5695222df,GH1,sys_gh_temp,35.5300,normal,1.00,2025-04-07 00:00:00+00,2025-08-09 07:02:02.956467+00
3195,5c5bc271-66b8-4b72-bb5f-66a5695222df,GH1,sys_gh_temp,34.6800,normal,1.00,2025-04-08 00:00:00+00,2025-08-09 07:02:02.956467+00
3196,5c5bc271-66b8-4b72-bb5f-66a5695222df,GH1,sys_gh_temp,36.8800,normal,1.00,2025-04-09 00:00:00+00,2025-08-09 07:02:02.956467+00
3197,5c5bc271-66b8-4b72-bb5f-66a5695222df,GH1,sys_gh_temp,36.6800,normal,1.00,2025-04-10 00:00:00+00,2025-08-09 07:02:02.956467+00
3198,5c5bc271-66b8-4b72-bb5f-66a5695222df,GH1,sys_gh_temp,35.2500,normal,1.00,2025-04-11 00:00:00+00,2025-08-09 07:02:02.956467+00
3199,5c5bc271-66b8-4b72-bb5f-66a5695222df,GH1,sys_gh_temp,37.2800,normal,1.00,2025-04-12 00:00:00+00,2025-08-09 07:02:02.956467+00
3200,5c5bc271-66b8-4b72-bb5f-66a5695222df,GH1,sys_gh_temp,35.5000,normal,1.00,2025-04-13 00:00:00+00,2025-08-09 07:02:02.956467+00
3201,5c5bc271-66b8-4b72-bb5f-66a5695222df,GH1,sys_gh_temp,35.7300,normal,1.00,2025-04-14 00:00:00+00,2025-08-09 07:02:02.956467+00
3202,5c5bc271-66b8-4b72-bb5f-66a5695222df,GH1,sys_gh_temp,36.0800,normal,1.00,2025-04-15 00:00:00+00,2025-08-09 07:02:02.956467+00
3203,5c5bc271-66b8-4b72-bb5f-66a5695222df,GH1,sys_gh_temp,37.2500,normal,1.00,2025-04-16 00:00:00+00,2025-08-09 07:02:02.956467+00
3204,5c5bc271-66b8-4b72-bb5f-66a5695222df,GH1,sys_gh_temp,37.7800,normal,1.00,2025-04-17 00:00:00+00,2025-08-09 07:02:02.956467+00
3205,5c5bc271-66b8-4b72-bb5f-66a5695222df,GH1,sys_gh_temp,38.9300,normal,1.00,2025-04-18 00:00:00+00,2025-08-09 07:02:02.956467+00
3206,5c5bc271-66b8-4b72-bb5f-66a5695222df,GH1,sys_gh_temp,36.3560,normal,1.00,2025-04-19 00:00:00+00,2025-08-09 07:02:02.956467+00
3207,5c5bc271-66b8-4b72-bb5f-66a5695222df,GH1,sys_gh_temp,36.4300,normal,1.00,2025-04-20 00:00:00+00,2025-08-09 07:02:02.956467+00
3208,5c5bc271-66b8-4b72-bb5f-66a5695222df,GH1,sys_gh_rh,55.0000,normal,1.00,2024-12-30 00:00:00+00,2025-08-09 07:02:02.956467+00
3209,5c5bc271-66b8-4b72-bb5f-66a5695222df,GH1,sys_gh_rh,48.0000,normal,1.00,2024-12-31 00:00:00+00,2025-08-09 07:02:02.956467+00
3210,5c5bc271-66b8-4b72-bb5f-66a5695222df,GH1,sys_gh_rh,57.0000,normal,1.00,2025-01-01 00:00:00+00,2025-08-09 07:02:02.956467+00
3211,5c5bc271-66b8-4b72-bb5f-66a5695222df,GH1,sys_gh_rh,46.0000,normal,1.00,2025-01-02 00:00:00+00,2025-08-09 07:02:02.956467+00
3212,5c5bc271-66b8-4b72-bb5f-66a5695222df,GH1,sys_gh_rh,49.0000,normal,1.00,2025-01-03 00:00:00+00,2025-08-09 07:02:02.956467+00
3213,5c5bc271-66b8-4b72-bb5f-66a5695222df,GH1,sys_gh_rh,47.0000,normal,1.00,2025-01-04 00:00:00+00,2025-08-09 07:02:02.956467+00
3214,5c5bc271-66b8-4b72-bb5f-66a5695222df,GH1,sys_gh_rh,41.0000,normal,1.00,2025-01-05 00:00:00+00,2025-08-09 07:02:02.956467+00
3215,5c5bc271-66b8-4b72-bb5f-66a5695222df,GH1,sys_gh_rh,41.0000,normal,1.00,2025-01-06 00:00:00+00,2025-08-09 07:02:02.956467+00
3216,5c5bc271-66b8-4b72-bb5f-66a5695222df,GH1,sys_gh_rh,46.0000,normal,1.00,2025-01-07 00:00:00+00,2025-08-09 07:02:02.956467+00
3217,5c5bc271-66b8-4b72-bb5f-66a5695222df,GH1,sys_gh_rh,43.0000,normal,1.00,2025-01-08 00:00:00+00,2025-08-09 07:02:02.956467+00
3218,5c5bc271-66b8-4b72-bb5f-66a5695222df,GH1,sys_gh_rh,40.0000,normal,1.00,2025-01-09 00:00:00+00,2025-08-09 07:02:02.956467+00
3219,5c5bc271-66b8-4b72-bb5f-66a5695222df,GH1,sys_gh_rh,45.0000,normal,1.00,2025-01-10 00:00:00+00,2025-08-09 07:02:02.956467+00
3220,5c5bc271-66b8-4b72-bb5f-66a5695222df,GH1,sys_gh_rh,46.0000,normal,1.00,2025-01-11 00:00:00+00,2025-08-09 07:02:02.956467+00
3221,5c5bc271-66b8-4b72-bb5f-66a5695222df,GH1,sys_gh_rh,48.0000,normal,1.00,2025-01-12 00:00:00+00,2025-08-09 07:02:02.956467+00
3222,5c5bc271-66b8-4b72-bb5f-66a5695222df,GH1,sys_gh_rh,46.0000,normal,1.00,2025-01-13 00:00:00+00,2025-08-09 07:02:02.956467+00
3223,5c5bc271-66b8-4b72-bb5f-66a5695222df,GH1,sys_gh_rh,48.0000,normal,1.00,2025-01-14 00:00:00+00,2025-08-09 07:02:02.956467+00
3224,5c5bc271-66b8-4b72-bb5f-66a5695222df,GH1,sys_gh_rh,46.0000,normal,1.00,2025-01-15 00:00:00+00,2025-08-09 07:02:02.956467+00
3225,5c5bc271-66b8-4b72-bb5f-66a5695222df,GH1,sys_gh_rh,44.0000,normal,1.00,2025-01-16 00:00:00+00,2025-08-09 07:02:02.956467+00
3226,5c5bc271-66b8-4b72-bb5f-66a5695222df,GH1,sys_gh_rh,42.0000,normal,1.00,2025-01-17 00:00:00+00,2025-08-09 07:02:02.956467+00
3227,5c5bc271-66b8-4b72-bb5f-66a5695222df,GH1,sys_gh_rh,42.0000,normal,1.00,2025-01-18 00:00:00+00,2025-08-09 07:02:02.956467+00
3228,5c5bc271-66b8-4b72-bb5f-66a5695222df,GH1,sys_gh_rh,46.0000,normal,1.00,2025-01-19 00:00:00+00,2025-08-09 07:02:02.956467+00
3229,5c5bc271-66b8-4b72-bb5f-66a5695222df,GH1,sys_gh_rh,47.0000,normal,1.00,2025-01-20 00:00:00+00,2025-08-09 07:02:02.956467+00
3230,5c5bc271-66b8-4b72-bb5f-66a5695222df,GH1,sys_gh_rh,45.0000,normal,1.00,2025-01-21 00:00:00+00,2025-08-09 07:02:02.956467+00
3231,5c5bc271-66b8-4b72-bb5f-66a5695222df,GH1,sys_gh_rh,40.0000,normal,1.00,2025-01-22 00:00:00+00,2025-08-09 07:02:02.956467+00
3232,5c5bc271-66b8-4b72-bb5f-66a5695222df,GH1,sys_gh_rh,42.0000,normal,1.00,2025-01-23 00:00:00+00,2025-08-09 07:02:02.956467+00
3233,5c5bc271-66b8-4b72-bb5f-66a5695222df,GH1,sys_gh_rh,42.0000,normal,1.00,2025-01-24 00:00:00+00,2025-08-09 07:02:02.956467+00
3234,5c5bc271-66b8-4b72-bb5f-66a5695222df,GH1,sys_gh_rh,74.0000,normal,1.00,2025-01-25 00:00:00+00,2025-08-09 07:02:02.956467+00
3235,5c5bc271-66b8-4b72-bb5f-66a5695222df,GH1,sys_gh_rh,41.0000,normal,1.00,2025-01-26 00:00:00+00,2025-08-09 07:02:02.956467+00
3236,5c5bc271-66b8-4b72-bb5f-66a5695222df,GH1,sys_gh_rh,39.0000,normal,1.00,2025-01-27 00:00:00+00,2025-08-09 07:02:02.956467+00
3237,5c5bc271-66b8-4b72-bb5f-66a5695222df,GH1,sys_gh_rh,43.0000,normal,1.00,2025-01-28 00:00:00+00,2025-08-09 07:02:02.956467+00
3238,5c5bc271-66b8-4b72-bb5f-66a5695222df,GH1,sys_gh_rh,37.0000,normal,1.00,2025-01-29 00:00:00+00,2025-08-09 07:02:02.956467+00
3239,5c5bc271-66b8-4b72-bb5f-66a5695222df,GH1,sys_gh_rh,40.0000,normal,1.00,2025-01-30 00:00:00+00,2025-08-09 07:02:02.956467+00
3240,5c5bc271-66b8-4b72-bb5f-66a5695222df,GH1,sys_gh_rh,44.0000,normal,1.00,2025-01-31 00:00:00+00,2025-08-09 07:02:02.956467+00
3241,5c5bc271-66b8-4b72-bb5f-66a5695222df,GH1,sys_gh_rh,37.0000,normal,1.00,2025-02-01 00:00:00+00,2025-08-09 07:02:02.956467+00
3242,5c5bc271-66b8-4b72-bb5f-66a5695222df,GH1,sys_gh_rh,43.0000,normal,1.00,2025-02-02 00:00:00+00,2025-08-09 07:02:02.956467+00
3243,5c5bc271-66b8-4b72-bb5f-66a5695222df,GH1,sys_gh_rh,43.0000,normal,1.00,2025-02-03 00:00:00+00,2025-08-09 07:02:02.956467+00
3244,5c5bc271-66b8-4b72-bb5f-66a5695222df,GH1,sys_gh_rh,79.0000,normal,1.00,2025-02-04 00:00:00+00,2025-08-09 07:02:02.956467+00
3245,5c5bc271-66b8-4b72-bb5f-66a5695222df,GH1,sys_gh_rh,39.0000,normal,1.00,2025-02-05 00:00:00+00,2025-08-09 07:02:02.956467+00
3246,5c5bc271-66b8-4b72-bb5f-66a5695222df,GH1,sys_gh_rh,44.0000,normal,1.00,2025-02-06 00:00:00+00,2025-08-09 07:02:02.956467+00
3247,5c5bc271-66b8-4b72-bb5f-66a5695222df,GH1,sys_gh_rh,51.0000,normal,1.00,2025-02-07 00:00:00+00,2025-08-09 07:02:02.956467+00
3248,5c5bc271-66b8-4b72-bb5f-66a5695222df,GH1,sys_gh_rh,49.0000,normal,1.00,2025-02-08 00:00:00+00,2025-08-09 07:02:02.956467+00
3249,5c5bc271-66b8-4b72-bb5f-66a5695222df,GH1,sys_gh_rh,41.0000,normal,1.00,2025-02-09 00:00:00+00,2025-08-09 07:02:02.956467+00
3250,5c5bc271-66b8-4b72-bb5f-66a5695222df,GH1,sys_gh_rh,44.0000,normal,1.00,2025-02-10 00:00:00+00,2025-08-09 07:02:02.956467+00
3251,5c5bc271-66b8-4b72-bb5f-66a5695222df,GH1,sys_gh_rh,51.7500,normal,1.00,2025-02-11 00:00:00+00,2025-08-09 07:02:02.956467+00
3252,5c5bc271-66b8-4b72-bb5f-66a5695222df,GH1,sys_gh_rh,36.0000,normal,1.00,2025-02-12 00:00:00+00,2025-08-09 07:02:02.956467+00
3253,5c5bc271-66b8-4b72-bb5f-66a5695222df,GH1,sys_gh_rh,39.2500,normal,1.00,2025-02-13 00:00:00+00,2025-08-09 07:02:02.956467+00
3254,5c5bc271-66b8-4b72-bb5f-66a5695222df,GH1,sys_gh_rh,40.2500,normal,1.00,2025-02-14 00:00:00+00,2025-08-09 07:02:02.956467+00
3255,5c5bc271-66b8-4b72-bb5f-66a5695222df,GH1,sys_gh_rh,39.0000,normal,1.00,2025-02-15 00:00:00+00,2025-08-09 07:02:02.956467+00
3256,5c5bc271-66b8-4b72-bb5f-66a5695222df,GH1,sys_gh_rh,39.0000,normal,1.00,2025-02-16 00:00:00+00,2025-08-09 07:02:02.956467+00
3257,5c5bc271-66b8-4b72-bb5f-66a5695222df,GH1,sys_gh_rh,38.0000,normal,1.00,2025-02-17 00:00:00+00,2025-08-09 07:02:02.956467+00
3258,5c5bc271-66b8-4b72-bb5f-66a5695222df,GH1,sys_gh_rh,41.0000,normal,1.00,2025-02-18 00:00:00+00,2025-08-09 07:02:02.956467+00
3259,5c5bc271-66b8-4b72-bb5f-66a5695222df,GH1,sys_gh_rh,37.5000,normal,1.00,2025-02-19 00:00:00+00,2025-08-09 07:02:02.956467+00
3260,5c5bc271-66b8-4b72-bb5f-66a5695222df,GH1,sys_gh_rh,44.7500,normal,1.00,2025-02-20 00:00:00+00,2025-08-09 07:02:02.956467+00
3261,5c5bc271-66b8-4b72-bb5f-66a5695222df,GH1,sys_gh_rh,43.0000,normal,1.00,2025-02-21 00:00:00+00,2025-08-09 07:02:02.956467+00
3262,5c5bc271-66b8-4b72-bb5f-66a5695222df,GH1,sys_gh_rh,35.5000,normal,1.00,2025-02-22 00:00:00+00,2025-08-09 07:02:02.956467+00
3263,5c5bc271-66b8-4b72-bb5f-66a5695222df,GH1,sys_gh_rh,33.5000,normal,1.00,2025-02-23 00:00:00+00,2025-08-09 07:02:02.956467+00
3264,5c5bc271-66b8-4b72-bb5f-66a5695222df,GH1,sys_gh_rh,37.5000,normal,1.00,2025-02-24 00:00:00+00,2025-08-09 07:02:02.956467+00
3265,5c5bc271-66b8-4b72-bb5f-66a5695222df,GH1,sys_gh_rh,38.5000,normal,1.00,2025-02-25 00:00:00+00,2025-08-09 07:02:02.956467+00
3266,5c5bc271-66b8-4b72-bb5f-66a5695222df,GH1,sys_gh_rh,36.5000,normal,1.00,2025-02-26 00:00:00+00,2025-08-09 07:02:02.956467+00
3267,5c5bc271-66b8-4b72-bb5f-66a5695222df,GH1,sys_gh_rh,36.2500,normal,1.00,2025-02-27 00:00:00+00,2025-08-09 07:02:02.956467+00
3268,5c5bc271-66b8-4b72-bb5f-66a5695222df,GH1,sys_gh_rh,45.7500,normal,1.00,2025-02-28 00:00:00+00,2025-08-09 07:02:02.956467+00
3269,5c5bc271-66b8-4b72-bb5f-66a5695222df,GH1,sys_gh_rh,52.2500,normal,1.00,2025-03-01 00:00:00+00,2025-08-09 07:02:02.956467+00
3270,5c5bc271-66b8-4b72-bb5f-66a5695222df,GH1,sys_gh_rh,53.7500,normal,1.00,2025-03-02 00:00:00+00,2025-08-09 07:02:02.956467+00
3271,5c5bc271-66b8-4b72-bb5f-66a5695222df,GH1,sys_gh_rh,61.0000,normal,1.00,2025-03-03 00:00:00+00,2025-08-09 07:02:02.956467+00
3272,5c5bc271-66b8-4b72-bb5f-66a5695222df,GH1,sys_gh_rh,52.0000,normal,1.00,2025-03-04 00:00:00+00,2025-08-09 07:02:02.956467+00
3273,5c5bc271-66b8-4b72-bb5f-66a5695222df,GH1,sys_gh_rh,51.0000,normal,1.00,2025-03-05 00:00:00+00,2025-08-09 07:02:02.956467+00
3274,5c5bc271-66b8-4b72-bb5f-66a5695222df,GH1,sys_gh_rh,52.0000,normal,1.00,2025-03-06 00:00:00+00,2025-08-09 07:02:02.956467+00
3275,5c5bc271-66b8-4b72-bb5f-66a5695222df,GH1,sys_gh_rh,59.7500,normal,1.00,2025-03-07 00:00:00+00,2025-08-09 07:02:02.956467+00
3276,5c5bc271-66b8-4b72-bb5f-66a5695222df,GH1,sys_gh_rh,72.8000,normal,1.00,2025-03-08 00:00:00+00,2025-08-09 07:02:02.956467+00
3277,5c5bc271-66b8-4b72-bb5f-66a5695222df,GH1,sys_gh_rh,65.7500,normal,1.00,2025-03-09 00:00:00+00,2025-08-09 07:02:02.956467+00
3278,5c5bc271-66b8-4b72-bb5f-66a5695222df,GH1,sys_gh_rh,57.5000,normal,1.00,2025-03-10 00:00:00+00,2025-08-09 07:02:02.956467+00
3279,5c5bc271-66b8-4b72-bb5f-66a5695222df,GH1,sys_gh_rh,59.0000,normal,1.00,2025-03-11 00:00:00+00,2025-08-09 07:02:02.956467+00
3280,5c5bc271-66b8-4b72-bb5f-66a5695222df,GH1,sys_gh_rh,53.5000,normal,1.00,2025-03-12 00:00:00+00,2025-08-09 07:02:02.956467+00
3281,5c5bc271-66b8-4b72-bb5f-66a5695222df,GH1,sys_gh_rh,49.7500,normal,1.00,2025-03-13 00:00:00+00,2025-08-09 07:02:02.956467+00
3282,5c5bc271-66b8-4b72-bb5f-66a5695222df,GH1,sys_gh_rh,53.5000,normal,1.00,2025-03-14 00:00:00+00,2025-08-09 07:02:02.956467+00
3283,5c5bc271-66b8-4b72-bb5f-66a5695222df,GH1,sys_gh_rh,56.5000,normal,1.00,2025-03-15 00:00:00+00,2025-08-09 07:02:02.956467+00
3284,5c5bc271-66b8-4b72-bb5f-66a5695222df,GH1,sys_gh_rh,50.2500,normal,1.00,2025-03-17 00:00:00+00,2025-08-09 07:02:02.956467+00
3285,5c5bc271-66b8-4b72-bb5f-66a5695222df,GH1,sys_gh_rh,66.7500,normal,1.00,2025-03-18 00:00:00+00,2025-08-09 07:02:02.956467+00
3286,5c5bc271-66b8-4b72-bb5f-66a5695222df,GH1,sys_gh_rh,68.0000,normal,1.00,2025-03-19 00:00:00+00,2025-08-09 07:02:02.956467+00
3287,5c5bc271-66b8-4b72-bb5f-66a5695222df,GH1,sys_gh_rh,73.7500,normal,1.00,2025-03-20 00:00:00+00,2025-08-09 07:02:02.956467+00
3288,5c5bc271-66b8-4b72-bb5f-66a5695222df,GH1,sys_gh_rh,66.7500,normal,1.00,2025-03-21 00:00:00+00,2025-08-09 07:02:02.956467+00
3289,5c5bc271-66b8-4b72-bb5f-66a5695222df,GH1,sys_gh_rh,58.0000,normal,1.00,2025-03-22 00:00:00+00,2025-08-09 07:02:02.956467+00
3290,5c5bc271-66b8-4b72-bb5f-66a5695222df,GH1,sys_gh_rh,55.7530,normal,1.00,2025-03-23 00:00:00+00,2025-08-09 07:02:02.956467+00
3291,5c5bc271-66b8-4b72-bb5f-66a5695222df,GH1,sys_gh_rh,62.0000,normal,1.00,2025-03-24 00:00:00+00,2025-08-09 07:02:02.956467+00
3292,5c5bc271-66b8-4b72-bb5f-66a5695222df,GH1,sys_gh_rh,5.0000,normal,1.00,2025-03-25 00:00:00+00,2025-08-09 07:02:02.956467+00
3293,5c5bc271-66b8-4b72-bb5f-66a5695222df,GH1,sys_gh_rh,54.5000,normal,1.00,2025-03-26 00:00:00+00,2025-08-09 07:02:02.956467+00
3294,5c5bc271-66b8-4b72-bb5f-66a5695222df,GH1,sys_gh_rh,65.0000,normal,1.00,2025-03-27 00:00:00+00,2025-08-09 07:02:02.956467+00
3295,5c5bc271-66b8-4b72-bb5f-66a5695222df,GH1,sys_gh_rh,54.5000,normal,1.00,2025-03-28 00:00:00+00,2025-08-09 07:02:02.956467+00
3296,5c5bc271-66b8-4b72-bb5f-66a5695222df,GH1,sys_gh_rh,74.5000,normal,1.00,2025-03-29 00:00:00+00,2025-08-09 07:02:02.956467+00
3297,5c5bc271-66b8-4b72-bb5f-66a5695222df,GH1,sys_gh_rh,62.7500,normal,1.00,2025-03-30 00:00:00+00,2025-08-09 07:02:02.956467+00
3298,5c5bc271-66b8-4b72-bb5f-66a5695222df,GH1,sys_gh_rh,59.2500,normal,1.00,2025-03-31 00:00:00+00,2025-08-09 07:02:02.956467+00
3299,5c5bc271-66b8-4b72-bb5f-66a5695222df,GH1,sys_gh_rh,53.7500,normal,1.00,2025-04-01 00:00:00+00,2025-08-09 07:02:02.956467+00
3300,5c5bc271-66b8-4b72-bb5f-66a5695222df,GH1,sys_gh_rh,52.5000,normal,1.00,2025-04-02 00:00:00+00,2025-08-09 07:02:02.956467+00
3301,5c5bc271-66b8-4b72-bb5f-66a5695222df,GH1,sys_gh_rh,55.5000,normal,1.00,2025-04-03 00:00:00+00,2025-08-09 07:02:02.956467+00
3302,5c5bc271-66b8-4b72-bb5f-66a5695222df,GH1,sys_gh_rh,54.5000,normal,1.00,2025-04-04 00:00:00+00,2025-08-09 07:02:02.956467+00
3303,5c5bc271-66b8-4b72-bb5f-66a5695222df,GH1,sys_gh_rh,56.2500,normal,1.00,2025-04-05 00:00:00+00,2025-08-09 07:02:02.956467+00
3304,5c5bc271-66b8-4b72-bb5f-66a5695222df,GH1,sys_gh_rh,55.0000,normal,1.00,2025-04-06 00:00:00+00,2025-08-09 07:02:02.956467+00
3305,5c5bc271-66b8-4b72-bb5f-66a5695222df,GH1,sys_gh_rh,56.0000,normal,1.00,2025-04-07 00:00:00+00,2025-08-09 07:02:02.956467+00
3306,5c5bc271-66b8-4b72-bb5f-66a5695222df,GH1,sys_gh_rh,57.7500,normal,1.00,2025-04-08 00:00:00+00,2025-08-09 07:02:02.956467+00
3307,5c5bc271-66b8-4b72-bb5f-66a5695222df,GH1,sys_gh_rh,52.0000,normal,1.00,2025-04-09 00:00:00+00,2025-08-09 07:02:02.956467+00
3308,5c5bc271-66b8-4b72-bb5f-66a5695222df,GH1,sys_gh_rh,52.0000,normal,1.00,2025-04-10 00:00:00+00,2025-08-09 07:02:02.956467+00
3309,5c5bc271-66b8-4b72-bb5f-66a5695222df,GH1,sys_gh_rh,60.2500,normal,1.00,2025-04-11 00:00:00+00,2025-08-09 07:02:02.956467+00
3310,5c5bc271-66b8-4b72-bb5f-66a5695222df,GH1,sys_gh_rh,54.0000,normal,1.00,2025-04-12 00:00:00+00,2025-08-09 07:02:02.956467+00
3311,5c5bc271-66b8-4b72-bb5f-66a5695222df,GH1,sys_gh_rh,56.5000,normal,1.00,2025-04-13 00:00:00+00,2025-08-09 07:02:02.956467+00
3312,5c5bc271-66b8-4b72-bb5f-66a5695222df,GH1,sys_gh_rh,56.0000,normal,1.00,2025-04-14 00:00:00+00,2025-08-09 07:02:02.956467+00
3313,5c5bc271-66b8-4b72-bb5f-66a5695222df,GH1,sys_gh_rh,58.2500,normal,1.00,2025-04-15 00:00:00+00,2025-08-09 07:02:02.956467+00
3314,5c5bc271-66b8-4b72-bb5f-66a5695222df,GH1,sys_gh_rh,53.5000,normal,1.00,2025-04-16 00:00:00+00,2025-08-09 07:02:02.956467+00
3315,5c5bc271-66b8-4b72-bb5f-66a5695222df,GH1,sys_gh_rh,49.2500,normal,1.00,2025-04-17 00:00:00+00,2025-08-09 07:02:02.956467+00
3316,5c5bc271-66b8-4b72-bb5f-66a5695222df,GH1,sys_gh_rh,48.0000,normal,1.00,2025-04-18 00:00:00+00,2025-08-09 07:02:02.956467+00
3317,5c5bc271-66b8-4b72-bb5f-66a5695222df,GH1,sys_gh_rh,53.7500,normal,1.00,2025-04-19 00:00:00+00,2025-08-09 07:02:02.956467+00
3318,5c5bc271-66b8-4b72-bb5f-66a5695222df,GH1,sys_gh_rh,50.7500,normal,1.00,2025-04-20 00:00:00+00,2025-08-09 07:02:02.956467+00
3319,5c5bc271-66b8-4b72-bb5f-66a5695222df,GH1,fwater_ec,0.1650,normal,1.00,2024-12-30 00:00:00+00,2025-08-09 07:02:02.956467+00
3320,5c5bc271-66b8-4b72-bb5f-66a5695222df,GH1,fwater_ec,0.1650,normal,1.00,2024-12-31 00:00:00+00,2025-08-09 07:02:02.956467+00
3321,5c5bc271-66b8-4b72-bb5f-66a5695222df,GH1,fwater_ec,0.1660,normal,1.00,2025-01-01 00:00:00+00,2025-08-09 07:02:02.956467+00
3322,5c5bc271-66b8-4b72-bb5f-66a5695222df,GH1,fwater_ec,0.1670,normal,1.00,2025-01-02 00:00:00+00,2025-08-09 07:02:02.956467+00
3323,5c5bc271-66b8-4b72-bb5f-66a5695222df,GH1,fwater_ec,0.1640,normal,1.00,2025-01-03 00:00:00+00,2025-08-09 07:02:02.956467+00
3324,5c5bc271-66b8-4b72-bb5f-66a5695222df,GH1,fwater_ec,0.1640,normal,1.00,2025-01-04 00:00:00+00,2025-08-09 07:02:02.956467+00
3325,5c5bc271-66b8-4b72-bb5f-66a5695222df,GH1,fwater_ec,0.1600,normal,1.00,2025-01-05 00:00:00+00,2025-08-09 07:02:02.956467+00
3326,5c5bc271-66b8-4b72-bb5f-66a5695222df,GH1,fwater_ec,0.1620,normal,1.00,2025-01-06 00:00:00+00,2025-08-09 07:02:02.956467+00
3327,5c5bc271-66b8-4b72-bb5f-66a5695222df,GH1,fwater_ec,0.1570,normal,1.00,2025-01-07 00:00:00+00,2025-08-09 07:02:02.956467+00
3328,5c5bc271-66b8-4b72-bb5f-66a5695222df,GH1,fwater_ec,0.1610,normal,1.00,2025-01-08 00:00:00+00,2025-08-09 07:02:02.956467+00
3329,5c5bc271-66b8-4b72-bb5f-66a5695222df,GH1,fwater_ec,0.1550,normal,1.00,2025-01-09 00:00:00+00,2025-08-09 07:02:02.956467+00
3330,5c5bc271-66b8-4b72-bb5f-66a5695222df,GH1,fwater_ec,0.1580,normal,1.00,2025-01-10 00:00:00+00,2025-08-09 07:02:02.956467+00
3331,5c5bc271-66b8-4b72-bb5f-66a5695222df,GH1,fwater_ec,0.1580,normal,1.00,2025-01-11 00:00:00+00,2025-08-09 07:02:02.956467+00
3332,5c5bc271-66b8-4b72-bb5f-66a5695222df,GH1,fwater_ec,0.1500,normal,1.00,2025-01-12 00:00:00+00,2025-08-09 07:02:02.956467+00
3333,5c5bc271-66b8-4b72-bb5f-66a5695222df,GH1,fwater_ec,0.1580,normal,1.00,2025-01-13 00:00:00+00,2025-08-09 07:02:02.956467+00
3334,5c5bc271-66b8-4b72-bb5f-66a5695222df,GH1,fwater_ec,0.1510,normal,1.00,2025-01-14 00:00:00+00,2025-08-09 07:02:02.956467+00
3335,5c5bc271-66b8-4b72-bb5f-66a5695222df,GH1,fwater_ec,0.1500,normal,1.00,2025-01-15 00:00:00+00,2025-08-09 07:02:02.956467+00
3336,5c5bc271-66b8-4b72-bb5f-66a5695222df,GH1,fwater_ec,0.1490,normal,1.00,2025-01-16 00:00:00+00,2025-08-09 07:02:02.956467+00
3337,5c5bc271-66b8-4b72-bb5f-66a5695222df,GH1,fwater_ec,0.1470,normal,1.00,2025-01-17 00:00:00+00,2025-08-09 07:02:02.956467+00
3338,5c5bc271-66b8-4b72-bb5f-66a5695222df,GH1,fwater_ec,0.1520,normal,1.00,2025-01-18 00:00:00+00,2025-08-09 07:02:02.956467+00
3339,5c5bc271-66b8-4b72-bb5f-66a5695222df,GH1,fwater_ec,0.1560,normal,1.00,2025-01-19 00:00:00+00,2025-08-09 07:02:02.956467+00
3340,5c5bc271-66b8-4b72-bb5f-66a5695222df,GH1,fwater_ec,0.1510,normal,1.00,2025-01-20 00:00:00+00,2025-08-09 07:02:02.956467+00
3341,5c5bc271-66b8-4b72-bb5f-66a5695222df,GH1,fwater_ec,0.1550,normal,1.00,2025-01-21 00:00:00+00,2025-08-09 07:02:02.956467+00
3342,5c5bc271-66b8-4b72-bb5f-66a5695222df,GH1,fwater_ec,0.1510,normal,1.00,2025-01-22 00:00:00+00,2025-08-09 07:02:02.956467+00
3343,5c5bc271-66b8-4b72-bb5f-66a5695222df,GH1,fwater_ec,0.1490,normal,1.00,2025-01-23 00:00:00+00,2025-08-09 07:02:02.956467+00
3344,5c5bc271-66b8-4b72-bb5f-66a5695222df,GH1,fwater_ec,0.1510,normal,1.00,2025-01-24 00:00:00+00,2025-08-09 07:02:02.956467+00
3345,5c5bc271-66b8-4b72-bb5f-66a5695222df,GH1,fwater_ec,0.1550,normal,1.00,2025-01-25 00:00:00+00,2025-08-09 07:02:02.956467+00
3346,5c5bc271-66b8-4b72-bb5f-66a5695222df,GH1,fwater_ec,0.1480,normal,1.00,2025-01-26 00:00:00+00,2025-08-09 07:02:02.956467+00
3347,5c5bc271-66b8-4b72-bb5f-66a5695222df,GH1,fwater_ec,0.1480,normal,1.00,2025-01-27 00:00:00+00,2025-08-09 07:02:02.956467+00
3348,5c5bc271-66b8-4b72-bb5f-66a5695222df,GH1,fwater_ec,0.1470,normal,1.00,2025-01-28 00:00:00+00,2025-08-09 07:02:02.956467+00
3349,5c5bc271-66b8-4b72-bb5f-66a5695222df,GH1,fwater_ec,0.1500,normal,1.00,2025-01-29 00:00:00+00,2025-08-09 07:02:02.956467+00
3350,5c5bc271-66b8-4b72-bb5f-66a5695222df,GH1,fwater_ec,0.1510,normal,1.00,2025-01-30 00:00:00+00,2025-08-09 07:02:02.956467+00
3351,5c5bc271-66b8-4b72-bb5f-66a5695222df,GH1,fwater_ec,0.1470,normal,1.00,2025-01-31 00:00:00+00,2025-08-09 07:02:02.956467+00
3352,5c5bc271-66b8-4b72-bb5f-66a5695222df,GH1,fwater_ec,0.1480,normal,1.00,2025-02-01 00:00:00+00,2025-08-09 07:02:02.956467+00
3353,5c5bc271-66b8-4b72-bb5f-66a5695222df,GH1,fwater_ec,0.1580,normal,1.00,2025-02-02 00:00:00+00,2025-08-09 07:02:02.956467+00
3354,5c5bc271-66b8-4b72-bb5f-66a5695222df,GH1,fwater_ec,0.1470,normal,1.00,2025-02-03 00:00:00+00,2025-08-09 07:02:02.956467+00
3355,5c5bc271-66b8-4b72-bb5f-66a5695222df,GH1,fwater_ec,0.1460,normal,1.00,2025-02-04 00:00:00+00,2025-08-09 07:02:02.956467+00
3356,5c5bc271-66b8-4b72-bb5f-66a5695222df,GH1,fwater_ec,0.1470,normal,1.00,2025-02-05 00:00:00+00,2025-08-09 07:02:02.956467+00
3357,5c5bc271-66b8-4b72-bb5f-66a5695222df,GH1,fwater_ec,0.1520,normal,1.00,2025-02-06 00:00:00+00,2025-08-09 07:02:02.956467+00
3358,5c5bc271-66b8-4b72-bb5f-66a5695222df,GH1,fwater_ec,0.1490,normal,1.00,2025-02-07 00:00:00+00,2025-08-09 07:02:02.956467+00
3359,5c5bc271-66b8-4b72-bb5f-66a5695222df,GH1,fwater_ec,0.1490,normal,1.00,2025-02-08 00:00:00+00,2025-08-09 07:02:02.956467+00
3360,5c5bc271-66b8-4b72-bb5f-66a5695222df,GH1,fwater_ec,0.1520,normal,1.00,2025-02-09 00:00:00+00,2025-08-09 07:02:02.956467+00
3361,5c5bc271-66b8-4b72-bb5f-66a5695222df,GH1,fwater_ec,0.1475,normal,1.00,2025-02-10 00:00:00+00,2025-08-09 07:02:02.956467+00
3362,5c5bc271-66b8-4b72-bb5f-66a5695222df,GH1,fwater_ec,0.1478,normal,1.00,2025-02-11 00:00:00+00,2025-08-09 07:02:02.956467+00
3363,5c5bc271-66b8-4b72-bb5f-66a5695222df,GH1,fwater_ec,0.1508,normal,1.00,2025-02-12 00:00:00+00,2025-08-09 07:02:02.956467+00
3364,5c5bc271-66b8-4b72-bb5f-66a5695222df,GH1,fwater_ec,0.1480,normal,1.00,2025-02-13 00:00:00+00,2025-08-09 07:02:02.956467+00
3365,5c5bc271-66b8-4b72-bb5f-66a5695222df,GH1,fwater_ec,0.1500,normal,1.00,2025-02-14 00:00:00+00,2025-08-09 07:02:02.956467+00
3366,5c5bc271-66b8-4b72-bb5f-66a5695222df,GH1,fwater_ec,0.1555,normal,1.00,2025-02-15 00:00:00+00,2025-08-09 07:02:02.956467+00
3367,5c5bc271-66b8-4b72-bb5f-66a5695222df,GH1,fwater_ec,0.1528,normal,1.00,2025-02-16 00:00:00+00,2025-08-09 07:02:02.956467+00
3368,5c5bc271-66b8-4b72-bb5f-66a5695222df,GH1,fwater_ec,0.1500,normal,1.00,2025-02-17 00:00:00+00,2025-08-09 07:02:02.956467+00
3369,5c5bc271-66b8-4b72-bb5f-66a5695222df,GH1,fwater_ec,0.1520,normal,1.00,2025-02-18 00:00:00+00,2025-08-09 07:02:02.956467+00
3370,5c5bc271-66b8-4b72-bb5f-66a5695222df,GH1,fwater_ec,0.1525,normal,1.00,2025-02-19 00:00:00+00,2025-08-09 07:02:02.956467+00
3371,5c5bc271-66b8-4b72-bb5f-66a5695222df,GH1,fwater_ec,0.1488,normal,1.00,2025-02-20 00:00:00+00,2025-08-09 07:02:02.956467+00
3372,5c5bc271-66b8-4b72-bb5f-66a5695222df,GH1,fwater_ec,0.1490,normal,1.00,2025-02-21 00:00:00+00,2025-08-09 07:02:02.956467+00
3373,5c5bc271-66b8-4b72-bb5f-66a5695222df,GH1,fwater_ec,0.1540,normal,1.00,2025-02-22 00:00:00+00,2025-08-09 07:02:02.956467+00
3374,5c5bc271-66b8-4b72-bb5f-66a5695222df,GH1,fwater_ec,0.1485,normal,1.00,2025-02-23 00:00:00+00,2025-08-09 07:02:02.956467+00
3375,5c5bc271-66b8-4b72-bb5f-66a5695222df,GH1,fwater_ec,0.1500,normal,1.00,2025-02-24 00:00:00+00,2025-08-09 07:02:02.956467+00
3376,5c5bc271-66b8-4b72-bb5f-66a5695222df,GH1,fwater_ec,0.1493,normal,1.00,2025-02-25 00:00:00+00,2025-08-09 07:02:02.956467+00
3377,5c5bc271-66b8-4b72-bb5f-66a5695222df,GH1,fwater_ec,0.1485,normal,1.00,2025-02-26 00:00:00+00,2025-08-09 07:02:02.956467+00
3378,5c5bc271-66b8-4b72-bb5f-66a5695222df,GH1,fwater_ec,0.1460,normal,1.00,2025-02-27 00:00:00+00,2025-08-09 07:02:02.956467+00
3379,5c5bc271-66b8-4b72-bb5f-66a5695222df,GH1,fwater_ec,0.1458,normal,1.00,2025-02-28 00:00:00+00,2025-08-09 07:02:02.956467+00
3380,5c5bc271-66b8-4b72-bb5f-66a5695222df,GH1,fwater_ec,0.1458,normal,1.00,2025-03-01 00:00:00+00,2025-08-09 07:02:02.956467+00
3381,5c5bc271-66b8-4b72-bb5f-66a5695222df,GH1,fwater_ec,0.1523,normal,1.00,2025-03-02 00:00:00+00,2025-08-09 07:02:02.956467+00
3382,5c5bc271-66b8-4b72-bb5f-66a5695222df,GH1,fwater_ec,0.1400,normal,1.00,2025-03-03 00:00:00+00,2025-08-09 07:02:02.956467+00
3383,5c5bc271-66b8-4b72-bb5f-66a5695222df,GH1,fwater_ec,0.1428,normal,1.00,2025-03-04 00:00:00+00,2025-08-09 07:02:02.956467+00
3384,5c5bc271-66b8-4b72-bb5f-66a5695222df,GH1,fwater_ec,0.1425,normal,1.00,2025-03-05 00:00:00+00,2025-08-09 07:02:02.956467+00
3385,5c5bc271-66b8-4b72-bb5f-66a5695222df,GH1,fwater_ec,0.1420,normal,1.00,2025-03-06 00:00:00+00,2025-08-09 07:02:02.956467+00
3386,5c5bc271-66b8-4b72-bb5f-66a5695222df,GH1,fwater_ec,0.1420,normal,1.00,2025-03-07 00:00:00+00,2025-08-09 07:02:02.956467+00
3387,5c5bc271-66b8-4b72-bb5f-66a5695222df,GH1,fwater_ec,0.1428,normal,1.00,2025-03-08 00:00:00+00,2025-08-09 07:02:02.956467+00
3388,5c5bc271-66b8-4b72-bb5f-66a5695222df,GH1,fwater_ec,0.1435,normal,1.00,2025-03-09 00:00:00+00,2025-08-09 07:02:02.956467+00
3389,5c5bc271-66b8-4b72-bb5f-66a5695222df,GH1,fwater_ec,0.1340,normal,1.00,2025-03-10 00:00:00+00,2025-08-09 07:02:02.956467+00
3390,5c5bc271-66b8-4b72-bb5f-66a5695222df,GH1,fwater_ec,0.1428,normal,1.00,2025-03-11 00:00:00+00,2025-08-09 07:02:02.956467+00
3391,5c5bc271-66b8-4b72-bb5f-66a5695222df,GH1,fwater_ec,0.1388,normal,1.00,2025-03-12 00:00:00+00,2025-08-09 07:02:02.956467+00
3392,5c5bc271-66b8-4b72-bb5f-66a5695222df,GH1,fwater_ec,0.1433,normal,1.00,2025-03-13 00:00:00+00,2025-08-09 07:02:02.956467+00
3393,5c5bc271-66b8-4b72-bb5f-66a5695222df,GH1,fwater_ec,0.1380,normal,1.00,2025-03-14 00:00:00+00,2025-08-09 07:02:02.956467+00
3394,5c5bc271-66b8-4b72-bb5f-66a5695222df,GH1,fwater_ec,0.1398,normal,1.00,2025-03-15 00:00:00+00,2025-08-09 07:02:02.956467+00
3395,5c5bc271-66b8-4b72-bb5f-66a5695222df,GH1,fwater_ec,0.1360,normal,1.00,2025-03-16 00:00:00+00,2025-08-09 07:02:02.956467+00
3396,5c5bc271-66b8-4b72-bb5f-66a5695222df,GH1,fwater_ec,0.1405,normal,1.00,2025-03-17 00:00:00+00,2025-08-09 07:02:02.956467+00
3397,5c5bc271-66b8-4b72-bb5f-66a5695222df,GH1,fwater_ec,0.1350,normal,1.00,2025-03-18 00:00:00+00,2025-08-09 07:02:02.956467+00
3398,5c5bc271-66b8-4b72-bb5f-66a5695222df,GH1,fwater_ec,0.1430,normal,1.00,2025-03-19 00:00:00+00,2025-08-09 07:02:02.956467+00
3399,5c5bc271-66b8-4b72-bb5f-66a5695222df,GH1,fwater_ec,0.1355,normal,1.00,2025-03-20 00:00:00+00,2025-08-09 07:02:02.956467+00
3400,5c5bc271-66b8-4b72-bb5f-66a5695222df,GH1,fwater_ec,0.1353,normal,1.00,2025-03-21 00:00:00+00,2025-08-09 07:02:02.956467+00
3401,5c5bc271-66b8-4b72-bb5f-66a5695222df,GH1,fwater_ec,0.1363,normal,1.00,2025-03-22 00:00:00+00,2025-08-09 07:02:02.956467+00
3402,5c5bc271-66b8-4b72-bb5f-66a5695222df,GH1,fwater_ec,0.1353,normal,1.00,2025-03-23 00:00:00+00,2025-08-09 07:02:02.956467+00
3403,5c5bc271-66b8-4b72-bb5f-66a5695222df,GH1,fwater_ec,0.1380,normal,1.00,2025-03-24 00:00:00+00,2025-08-09 07:02:02.956467+00
3404,5c5bc271-66b8-4b72-bb5f-66a5695222df,GH1,fwater_ec,0.1390,normal,1.00,2025-03-25 00:00:00+00,2025-08-09 07:02:02.956467+00
3405,5c5bc271-66b8-4b72-bb5f-66a5695222df,GH1,fwater_ec,0.1390,normal,1.00,2025-03-26 00:00:00+00,2025-08-09 07:02:02.956467+00
3406,5c5bc271-66b8-4b72-bb5f-66a5695222df,GH1,fwater_ec,0.1410,normal,1.00,2025-03-27 00:00:00+00,2025-08-09 07:02:02.956467+00
3407,5c5bc271-66b8-4b72-bb5f-66a5695222df,GH1,fwater_ec,0.1360,normal,1.00,2025-03-28 00:00:00+00,2025-08-09 07:02:02.956467+00
3408,5c5bc271-66b8-4b72-bb5f-66a5695222df,GH1,fwater_ec,0.0370,normal,1.00,2025-03-29 00:00:00+00,2025-08-09 07:02:02.956467+00
3409,5c5bc271-66b8-4b72-bb5f-66a5695222df,GH1,fwater_ec,0.1410,normal,1.00,2025-03-30 00:00:00+00,2025-08-09 07:02:02.956467+00
3410,5c5bc271-66b8-4b72-bb5f-66a5695222df,GH1,fwater_ec,0.1130,normal,1.00,2025-03-31 00:00:00+00,2025-08-09 07:02:02.956467+00
3411,5c5bc271-66b8-4b72-bb5f-66a5695222df,GH1,fwater_ec,0.1400,normal,1.00,2025-04-01 00:00:00+00,2025-08-09 07:02:02.956467+00
3412,5c5bc271-66b8-4b72-bb5f-66a5695222df,GH1,fwater_ec,0.1390,normal,1.00,2025-04-02 00:00:00+00,2025-08-09 07:02:02.956467+00
3413,5c5bc271-66b8-4b72-bb5f-66a5695222df,GH1,fwater_ec,0.1380,normal,1.00,2025-04-03 00:00:00+00,2025-08-09 07:02:02.956467+00
3414,5c5bc271-66b8-4b72-bb5f-66a5695222df,GH1,fwater_ec,0.1470,normal,1.00,2025-04-04 00:00:00+00,2025-08-09 07:02:02.956467+00
3415,5c5bc271-66b8-4b72-bb5f-66a5695222df,GH1,fwater_ec,0.1380,normal,1.00,2025-04-05 00:00:00+00,2025-08-09 07:02:02.956467+00
3416,5c5bc271-66b8-4b72-bb5f-66a5695222df,GH1,fwater_ec,0.1440,normal,1.00,2025-04-06 00:00:00+00,2025-08-09 07:02:02.956467+00
3417,5c5bc271-66b8-4b72-bb5f-66a5695222df,GH1,fwater_ec,0.1435,normal,1.00,2025-04-07 00:00:00+00,2025-08-09 07:02:02.956467+00
3418,5c5bc271-66b8-4b72-bb5f-66a5695222df,GH1,fwater_ec,0.1433,normal,1.00,2025-04-08 00:00:00+00,2025-08-09 07:02:02.956467+00
3419,5c5bc271-66b8-4b72-bb5f-66a5695222df,GH1,fwater_ec,0.1465,normal,1.00,2025-04-09 00:00:00+00,2025-08-09 07:02:02.956467+00
3420,5c5bc271-66b8-4b72-bb5f-66a5695222df,GH1,fwater_ec,0.1548,normal,1.00,2025-04-10 00:00:00+00,2025-08-09 07:02:02.956467+00
3421,5c5bc271-66b8-4b72-bb5f-66a5695222df,GH1,fwater_ec,0.1468,normal,1.00,2025-04-11 00:00:00+00,2025-08-09 07:02:02.956467+00
3422,5c5bc271-66b8-4b72-bb5f-66a5695222df,GH1,fwater_ec,0.1488,normal,1.00,2025-04-12 00:00:00+00,2025-08-09 07:02:02.956467+00
3423,5c5bc271-66b8-4b72-bb5f-66a5695222df,GH1,fwater_ec,0.1405,normal,1.00,2025-04-13 00:00:00+00,2025-08-09 07:02:02.956467+00
3424,5c5bc271-66b8-4b72-bb5f-66a5695222df,GH1,fwater_ec,0.1598,normal,1.00,2025-04-14 00:00:00+00,2025-08-09 07:02:02.956467+00
3425,5c5bc271-66b8-4b72-bb5f-66a5695222df,GH1,fwater_ec,0.1485,normal,1.00,2025-04-15 00:00:00+00,2025-08-09 07:02:02.956467+00
3426,5c5bc271-66b8-4b72-bb5f-66a5695222df,GH1,fwater_ec,0.1570,normal,1.00,2025-04-16 00:00:00+00,2025-08-09 07:02:02.956467+00
3427,5c5bc271-66b8-4b72-bb5f-66a5695222df,GH1,fwater_ec,0.1545,normal,1.00,2025-04-17 00:00:00+00,2025-08-09 07:02:02.956467+00
3428,5c5bc271-66b8-4b72-bb5f-66a5695222df,GH1,fwater_ec,0.1680,normal,1.00,2025-04-18 00:00:00+00,2025-08-09 07:02:02.956467+00
3429,5c5bc271-66b8-4b72-bb5f-66a5695222df,GH1,fwater_ec,0.1623,normal,1.00,2025-04-19 00:00:00+00,2025-08-09 07:02:02.956467+00
3430,5c5bc271-66b8-4b72-bb5f-66a5695222df,GH1,fwater_ec,0.1540,normal,1.00,2025-04-20 00:00:00+00,2025-08-09 07:02:02.956467+00
3431,5c5bc271-66b8-4b72-bb5f-66a5695222df,GH1,fwater_ph,7.1000,normal,1.00,2024-12-30 00:00:00+00,2025-08-09 07:02:02.956467+00
3432,5c5bc271-66b8-4b72-bb5f-66a5695222df,GH1,fwater_ph,6.9000,normal,1.00,2024-12-31 00:00:00+00,2025-08-09 07:02:02.956467+00
3433,5c5bc271-66b8-4b72-bb5f-66a5695222df,GH1,fwater_ph,7.0000,normal,1.00,2025-01-01 00:00:00+00,2025-08-09 07:02:02.956467+00
3434,5c5bc271-66b8-4b72-bb5f-66a5695222df,GH1,fwater_ph,7.0000,normal,1.00,2025-01-02 00:00:00+00,2025-08-09 07:02:02.956467+00
3435,5c5bc271-66b8-4b72-bb5f-66a5695222df,GH1,fwater_ph,7.1000,normal,1.00,2025-01-03 00:00:00+00,2025-08-09 07:02:02.956467+00
3436,5c5bc271-66b8-4b72-bb5f-66a5695222df,GH1,fwater_ph,7.0000,normal,1.00,2025-01-04 00:00:00+00,2025-08-09 07:02:02.956467+00
3437,5c5bc271-66b8-4b72-bb5f-66a5695222df,GH1,fwater_ph,7.0000,normal,1.00,2025-01-05 00:00:00+00,2025-08-09 07:02:02.956467+00
3438,5c5bc271-66b8-4b72-bb5f-66a5695222df,GH1,fwater_ph,6.9000,normal,1.00,2025-01-06 00:00:00+00,2025-08-09 07:02:02.956467+00
3439,5c5bc271-66b8-4b72-bb5f-66a5695222df,GH1,fwater_ph,7.0000,normal,1.00,2025-01-07 00:00:00+00,2025-08-09 07:02:02.956467+00
3440,5c5bc271-66b8-4b72-bb5f-66a5695222df,GH1,fwater_ph,6.9000,normal,1.00,2025-01-08 00:00:00+00,2025-08-09 07:02:02.956467+00
3441,5c5bc271-66b8-4b72-bb5f-66a5695222df,GH1,fwater_ph,7.0000,normal,1.00,2025-01-09 00:00:00+00,2025-08-09 07:02:02.956467+00
3442,5c5bc271-66b8-4b72-bb5f-66a5695222df,GH1,fwater_ph,6.8000,normal,1.00,2025-01-10 00:00:00+00,2025-08-09 07:02:02.956467+00
3443,5c5bc271-66b8-4b72-bb5f-66a5695222df,GH1,fwater_ph,7.0000,normal,1.00,2025-01-11 00:00:00+00,2025-08-09 07:02:02.956467+00
3444,5c5bc271-66b8-4b72-bb5f-66a5695222df,GH1,fwater_ph,7.1000,normal,1.00,2025-01-12 00:00:00+00,2025-08-09 07:02:02.956467+00
3445,5c5bc271-66b8-4b72-bb5f-66a5695222df,GH1,fwater_ph,6.8000,normal,1.00,2025-01-13 00:00:00+00,2025-08-09 07:02:02.956467+00
3446,5c5bc271-66b8-4b72-bb5f-66a5695222df,GH1,fwater_ph,6.9000,normal,1.00,2025-01-14 00:00:00+00,2025-08-09 07:02:02.956467+00
3447,5c5bc271-66b8-4b72-bb5f-66a5695222df,GH1,fwater_ph,6.9000,normal,1.00,2025-01-15 00:00:00+00,2025-08-09 07:02:02.956467+00
3448,5c5bc271-66b8-4b72-bb5f-66a5695222df,GH1,fwater_ph,6.7000,normal,1.00,2025-01-16 00:00:00+00,2025-08-09 07:02:02.956467+00
3449,5c5bc271-66b8-4b72-bb5f-66a5695222df,GH1,fwater_ph,6.9000,normal,1.00,2025-01-17 00:00:00+00,2025-08-09 07:02:02.956467+00
3450,5c5bc271-66b8-4b72-bb5f-66a5695222df,GH1,fwater_ph,6.7000,normal,1.00,2025-01-18 00:00:00+00,2025-08-09 07:02:02.956467+00
3451,5c5bc271-66b8-4b72-bb5f-66a5695222df,GH1,fwater_ph,6.9000,normal,1.00,2025-01-19 00:00:00+00,2025-08-09 07:02:02.956467+00
3452,5c5bc271-66b8-4b72-bb5f-66a5695222df,GH1,fwater_ph,6.9000,normal,1.00,2025-01-20 00:00:00+00,2025-08-09 07:02:02.956467+00
3453,5c5bc271-66b8-4b72-bb5f-66a5695222df,GH1,fwater_ph,6.7000,normal,1.00,2025-01-21 00:00:00+00,2025-08-09 07:02:02.956467+00
3454,5c5bc271-66b8-4b72-bb5f-66a5695222df,GH1,fwater_ph,6.8000,normal,1.00,2025-01-22 00:00:00+00,2025-08-09 07:02:02.956467+00
3455,5c5bc271-66b8-4b72-bb5f-66a5695222df,GH1,fwater_ph,6.9000,normal,1.00,2025-01-23 00:00:00+00,2025-08-09 07:02:02.956467+00
3456,5c5bc271-66b8-4b72-bb5f-66a5695222df,GH1,fwater_ph,6.8000,normal,1.00,2025-01-24 00:00:00+00,2025-08-09 07:02:02.956467+00
3457,5c5bc271-66b8-4b72-bb5f-66a5695222df,GH1,fwater_ph,6.9000,normal,1.00,2025-01-25 00:00:00+00,2025-08-09 07:02:02.956467+00
3458,5c5bc271-66b8-4b72-bb5f-66a5695222df,GH1,fwater_ph,7.0000,normal,1.00,2025-01-26 00:00:00+00,2025-08-09 07:02:02.956467+00
3459,5c5bc271-66b8-4b72-bb5f-66a5695222df,GH1,fwater_ph,6.9000,normal,1.00,2025-01-27 00:00:00+00,2025-08-09 07:02:02.956467+00
3460,5c5bc271-66b8-4b72-bb5f-66a5695222df,GH1,fwater_ph,6.8000,normal,1.00,2025-01-28 00:00:00+00,2025-08-09 07:02:02.956467+00
3461,5c5bc271-66b8-4b72-bb5f-66a5695222df,GH1,fwater_ph,6.9000,normal,1.00,2025-01-29 00:00:00+00,2025-08-09 07:02:02.956467+00
3462,5c5bc271-66b8-4b72-bb5f-66a5695222df,GH1,fwater_ph,7.0000,normal,1.00,2025-01-30 00:00:00+00,2025-08-09 07:02:02.956467+00
3463,5c5bc271-66b8-4b72-bb5f-66a5695222df,GH1,fwater_ph,6.8000,normal,1.00,2025-01-31 00:00:00+00,2025-08-09 07:02:02.956467+00
3464,5c5bc271-66b8-4b72-bb5f-66a5695222df,GH1,fwater_ph,6.8000,normal,1.00,2025-02-01 00:00:00+00,2025-08-09 07:02:02.956467+00
3465,5c5bc271-66b8-4b72-bb5f-66a5695222df,GH1,fwater_ph,7.0000,normal,1.00,2025-02-02 00:00:00+00,2025-08-09 07:02:02.956467+00
3466,5c5bc271-66b8-4b72-bb5f-66a5695222df,GH1,fwater_ph,7.1000,normal,1.00,2025-02-03 00:00:00+00,2025-08-09 07:02:02.956467+00
3467,5c5bc271-66b8-4b72-bb5f-66a5695222df,GH1,fwater_ph,6.8000,normal,1.00,2025-02-04 00:00:00+00,2025-08-09 07:02:02.956467+00
3468,5c5bc271-66b8-4b72-bb5f-66a5695222df,GH1,fwater_ph,6.8000,normal,1.00,2025-02-05 00:00:00+00,2025-08-09 07:02:02.956467+00
3469,5c5bc271-66b8-4b72-bb5f-66a5695222df,GH1,fwater_ph,6.9000,normal,1.00,2025-02-06 00:00:00+00,2025-08-09 07:02:02.956467+00
3470,5c5bc271-66b8-4b72-bb5f-66a5695222df,GH1,fwater_ph,6.9000,normal,1.00,2025-02-07 00:00:00+00,2025-08-09 07:02:02.956467+00
3471,5c5bc271-66b8-4b72-bb5f-66a5695222df,GH1,fwater_ph,6.8000,normal,1.00,2025-02-08 00:00:00+00,2025-08-09 07:02:02.956467+00
3472,5c5bc271-66b8-4b72-bb5f-66a5695222df,GH1,fwater_ph,7.0000,normal,1.00,2025-02-09 00:00:00+00,2025-08-09 07:02:02.956467+00
3473,5c5bc271-66b8-4b72-bb5f-66a5695222df,GH1,fwater_ph,6.8300,normal,1.00,2025-02-10 00:00:00+00,2025-08-09 07:02:02.956467+00
3474,5c5bc271-66b8-4b72-bb5f-66a5695222df,GH1,fwater_ph,6.7500,normal,1.00,2025-02-11 00:00:00+00,2025-08-09 07:02:02.956467+00
3475,5c5bc271-66b8-4b72-bb5f-66a5695222df,GH1,fwater_ph,7.0000,normal,1.00,2025-02-12 00:00:00+00,2025-08-09 07:02:02.956467+00
3476,5c5bc271-66b8-4b72-bb5f-66a5695222df,GH1,fwater_ph,6.9000,normal,1.00,2025-02-13 00:00:00+00,2025-08-09 07:02:02.956467+00
3477,5c5bc271-66b8-4b72-bb5f-66a5695222df,GH1,fwater_ph,6.9500,normal,1.00,2025-02-14 00:00:00+00,2025-08-09 07:02:02.956467+00
3478,5c5bc271-66b8-4b72-bb5f-66a5695222df,GH1,fwater_ph,6.9800,normal,1.00,2025-02-15 00:00:00+00,2025-08-09 07:02:02.956467+00
3479,5c5bc271-66b8-4b72-bb5f-66a5695222df,GH1,fwater_ph,6.9500,normal,1.00,2025-02-16 00:00:00+00,2025-08-09 07:02:02.956467+00
3480,5c5bc271-66b8-4b72-bb5f-66a5695222df,GH1,fwater_ph,7.0000,normal,1.00,2025-02-17 00:00:00+00,2025-08-09 07:02:02.956467+00
3481,5c5bc271-66b8-4b72-bb5f-66a5695222df,GH1,fwater_ph,6.8800,normal,1.00,2025-02-18 00:00:00+00,2025-08-09 07:02:02.956467+00
3482,5c5bc271-66b8-4b72-bb5f-66a5695222df,GH1,fwater_ph,6.9300,normal,1.00,2025-02-19 00:00:00+00,2025-08-09 07:02:02.956467+00
3483,5c5bc271-66b8-4b72-bb5f-66a5695222df,GH1,fwater_ph,6.8800,normal,1.00,2025-02-20 00:00:00+00,2025-08-09 07:02:02.956467+00
3484,5c5bc271-66b8-4b72-bb5f-66a5695222df,GH1,fwater_ph,7.0000,normal,1.00,2025-02-21 00:00:00+00,2025-08-09 07:02:02.956467+00
3485,5c5bc271-66b8-4b72-bb5f-66a5695222df,GH1,fwater_ph,6.9500,normal,1.00,2025-02-22 00:00:00+00,2025-08-09 07:02:02.956467+00
3486,5c5bc271-66b8-4b72-bb5f-66a5695222df,GH1,fwater_ph,7.1500,normal,1.00,2025-02-23 00:00:00+00,2025-08-09 07:02:02.956467+00
3487,5c5bc271-66b8-4b72-bb5f-66a5695222df,GH1,fwater_ph,7.0000,normal,1.00,2025-02-24 00:00:00+00,2025-08-09 07:02:02.956467+00
3488,5c5bc271-66b8-4b72-bb5f-66a5695222df,GH1,fwater_ph,7.0000,normal,1.00,2025-02-25 00:00:00+00,2025-08-09 07:02:02.956467+00
3489,5c5bc271-66b8-4b72-bb5f-66a5695222df,GH1,fwater_ph,7.0000,normal,1.00,2025-02-26 00:00:00+00,2025-08-09 07:02:02.956467+00
3490,5c5bc271-66b8-4b72-bb5f-66a5695222df,GH1,fwater_ph,6.9000,normal,1.00,2025-02-27 00:00:00+00,2025-08-09 07:02:02.956467+00
3491,5c5bc271-66b8-4b72-bb5f-66a5695222df,GH1,fwater_ph,6.9500,normal,1.00,2025-02-28 00:00:00+00,2025-08-09 07:02:02.956467+00
3492,5c5bc271-66b8-4b72-bb5f-66a5695222df,GH1,fwater_ph,6.9500,normal,1.00,2025-03-01 00:00:00+00,2025-08-09 07:02:02.956467+00
3493,5c5bc271-66b8-4b72-bb5f-66a5695222df,GH1,fwater_ph,6.8300,normal,1.00,2025-03-02 00:00:00+00,2025-08-09 07:02:02.956467+00
3494,5c5bc271-66b8-4b72-bb5f-66a5695222df,GH1,fwater_ph,7.0500,normal,1.00,2025-03-03 00:00:00+00,2025-08-09 07:02:02.956467+00
3495,5c5bc271-66b8-4b72-bb5f-66a5695222df,GH1,fwater_ph,6.7800,normal,1.00,2025-03-04 00:00:00+00,2025-08-09 07:02:02.956467+00
3496,5c5bc271-66b8-4b72-bb5f-66a5695222df,GH1,fwater_ph,7.0800,normal,1.00,2025-03-05 00:00:00+00,2025-08-09 07:02:02.956467+00
3497,5c5bc271-66b8-4b72-bb5f-66a5695222df,GH1,fwater_ph,7.1500,normal,1.00,2025-03-06 00:00:00+00,2025-08-09 07:02:02.956467+00
3498,5c5bc271-66b8-4b72-bb5f-66a5695222df,GH1,fwater_ph,7.1300,normal,1.00,2025-03-07 00:00:00+00,2025-08-09 07:02:02.956467+00
3499,5c5bc271-66b8-4b72-bb5f-66a5695222df,GH1,fwater_ph,7.2500,normal,1.00,2025-03-08 00:00:00+00,2025-08-09 07:02:02.956467+00
3500,5c5bc271-66b8-4b72-bb5f-66a5695222df,GH1,fwater_ph,7.1800,normal,1.00,2025-03-09 00:00:00+00,2025-08-09 07:02:02.956467+00
3501,5c5bc271-66b8-4b72-bb5f-66a5695222df,GH1,fwater_ph,6.8000,normal,1.00,2025-03-10 00:00:00+00,2025-08-09 07:02:02.956467+00
3502,5c5bc271-66b8-4b72-bb5f-66a5695222df,GH1,fwater_ph,6.9000,normal,1.00,2025-03-11 00:00:00+00,2025-08-09 07:02:02.956467+00
3503,5c5bc271-66b8-4b72-bb5f-66a5695222df,GH1,fwater_ph,6.7500,normal,1.00,2025-03-12 00:00:00+00,2025-08-09 07:02:02.956467+00
3504,5c5bc271-66b8-4b72-bb5f-66a5695222df,GH1,fwater_ph,6.7300,normal,1.00,2025-03-13 00:00:00+00,2025-08-09 07:02:02.956467+00
3505,5c5bc271-66b8-4b72-bb5f-66a5695222df,GH1,fwater_ph,6.8800,normal,1.00,2025-03-14 00:00:00+00,2025-08-09 07:02:02.956467+00
3506,5c5bc271-66b8-4b72-bb5f-66a5695222df,GH1,fwater_ph,7.0000,normal,1.00,2025-03-15 00:00:00+00,2025-08-09 07:02:02.956467+00
3507,5c5bc271-66b8-4b72-bb5f-66a5695222df,GH1,fwater_ph,7.1000,normal,1.00,2025-03-16 00:00:00+00,2025-08-09 07:02:02.956467+00
3508,5c5bc271-66b8-4b72-bb5f-66a5695222df,GH1,fwater_ph,7.0000,normal,1.00,2025-03-17 00:00:00+00,2025-08-09 07:02:02.956467+00
3509,5c5bc271-66b8-4b72-bb5f-66a5695222df,GH1,fwater_ph,6.8500,normal,1.00,2025-03-18 00:00:00+00,2025-08-09 07:02:02.956467+00
3510,5c5bc271-66b8-4b72-bb5f-66a5695222df,GH1,fwater_ph,6.9000,normal,1.00,2025-03-19 00:00:00+00,2025-08-09 07:02:02.956467+00
3511,5c5bc271-66b8-4b72-bb5f-66a5695222df,GH1,fwater_ph,7.1800,normal,1.00,2025-03-20 00:00:00+00,2025-08-09 07:02:02.956467+00
3512,5c5bc271-66b8-4b72-bb5f-66a5695222df,GH1,fwater_ph,6.9300,normal,1.00,2025-03-21 00:00:00+00,2025-08-09 07:02:02.956467+00
3513,5c5bc271-66b8-4b72-bb5f-66a5695222df,GH1,fwater_ph,7.1300,normal,1.00,2025-03-22 00:00:00+00,2025-08-09 07:02:02.956467+00
3514,5c5bc271-66b8-4b72-bb5f-66a5695222df,GH1,fwater_ph,7.2000,normal,1.00,2025-03-23 00:00:00+00,2025-08-09 07:02:02.956467+00
3515,5c5bc271-66b8-4b72-bb5f-66a5695222df,GH1,fwater_ph,7.1800,normal,1.00,2025-03-24 00:00:00+00,2025-08-09 07:02:02.956467+00
3516,5c5bc271-66b8-4b72-bb5f-66a5695222df,GH1,fwater_ph,7.3400,normal,1.00,2025-03-25 00:00:00+00,2025-08-09 07:02:02.956467+00
3517,5c5bc271-66b8-4b72-bb5f-66a5695222df,GH1,fwater_ph,7.3000,normal,1.00,2025-03-26 00:00:00+00,2025-08-09 07:02:02.956467+00
3518,5c5bc271-66b8-4b72-bb5f-66a5695222df,GH1,fwater_ph,7.3800,normal,1.00,2025-03-27 00:00:00+00,2025-08-09 07:02:02.956467+00
3519,5c5bc271-66b8-4b72-bb5f-66a5695222df,GH1,fwater_ph,7.5800,normal,1.00,2025-03-28 00:00:00+00,2025-08-09 07:02:02.956467+00
3520,5c5bc271-66b8-4b72-bb5f-66a5695222df,GH1,fwater_ph,7.2500,normal,1.00,2025-03-29 00:00:00+00,2025-08-09 07:02:02.956467+00
3521,5c5bc271-66b8-4b72-bb5f-66a5695222df,GH1,fwater_ph,7.3500,normal,1.00,2025-03-30 00:00:00+00,2025-08-09 07:02:02.956467+00
3522,5c5bc271-66b8-4b72-bb5f-66a5695222df,GH1,fwater_ph,7.4800,normal,1.00,2025-03-31 00:00:00+00,2025-08-09 07:02:02.956467+00
3523,5c5bc271-66b8-4b72-bb5f-66a5695222df,GH1,fwater_ph,7.4800,normal,1.00,2025-04-01 00:00:00+00,2025-08-09 07:02:02.956467+00
3524,5c5bc271-66b8-4b72-bb5f-66a5695222df,GH1,fwater_ph,7.4700,normal,1.00,2025-04-02 00:00:00+00,2025-08-09 07:02:02.956467+00
3525,5c5bc271-66b8-4b72-bb5f-66a5695222df,GH1,fwater_ph,7.4500,normal,1.00,2025-04-03 00:00:00+00,2025-08-09 07:02:02.956467+00
3526,5c5bc271-66b8-4b72-bb5f-66a5695222df,GH1,fwater_ph,7.4000,normal,1.00,2025-04-04 00:00:00+00,2025-08-09 07:02:02.956467+00
3527,5c5bc271-66b8-4b72-bb5f-66a5695222df,GH1,fwater_ph,7.3800,normal,1.00,2025-04-05 00:00:00+00,2025-08-09 07:02:02.956467+00
3528,5c5bc271-66b8-4b72-bb5f-66a5695222df,GH1,fwater_ph,7.4500,normal,1.00,2025-04-06 00:00:00+00,2025-08-09 07:02:02.956467+00
3529,5c5bc271-66b8-4b72-bb5f-66a5695222df,GH1,fwater_ph,7.6000,normal,1.00,2025-04-07 00:00:00+00,2025-08-09 07:02:02.956467+00
3530,5c5bc271-66b8-4b72-bb5f-66a5695222df,GH1,fwater_ph,4.7000,normal,1.00,2025-04-08 00:00:00+00,2025-08-09 07:02:02.956467+00
3531,5c5bc271-66b8-4b72-bb5f-66a5695222df,GH1,fwater_ph,7.6300,normal,1.00,2025-04-09 00:00:00+00,2025-08-09 07:02:02.956467+00
3532,5c5bc271-66b8-4b72-bb5f-66a5695222df,GH1,fwater_ph,7.5000,normal,1.00,2025-04-10 00:00:00+00,2025-08-09 07:02:02.956467+00
3533,5c5bc271-66b8-4b72-bb5f-66a5695222df,GH1,fwater_ph,7.4000,normal,1.00,2025-04-11 00:00:00+00,2025-08-09 07:02:02.956467+00
3534,5c5bc271-66b8-4b72-bb5f-66a5695222df,GH1,fwater_ph,7.3300,normal,1.00,2025-04-12 00:00:00+00,2025-08-09 07:02:02.956467+00
3535,5c5bc271-66b8-4b72-bb5f-66a5695222df,GH1,fwater_ph,7.5800,normal,1.00,2025-04-13 00:00:00+00,2025-08-09 07:02:02.956467+00
3536,5c5bc271-66b8-4b72-bb5f-66a5695222df,GH1,fwater_ph,7.2500,normal,1.00,2025-04-14 00:00:00+00,2025-08-09 07:02:02.956467+00
3537,5c5bc271-66b8-4b72-bb5f-66a5695222df,GH1,fwater_ph,7.0500,normal,1.00,2025-04-15 00:00:00+00,2025-08-09 07:02:02.956467+00
3538,5c5bc271-66b8-4b72-bb5f-66a5695222df,GH1,fwater_ph,7.1800,normal,1.00,2025-04-16 00:00:00+00,2025-08-09 07:02:02.956467+00
3539,5c5bc271-66b8-4b72-bb5f-66a5695222df,GH1,fwater_ph,6.9000,normal,1.00,2025-04-17 00:00:00+00,2025-08-09 07:02:02.956467+00
3540,5c5bc271-66b8-4b72-bb5f-66a5695222df,GH1,fwater_ph,6.5300,normal,1.00,2025-04-18 00:00:00+00,2025-08-09 07:02:02.956467+00
3541,5c5bc271-66b8-4b72-bb5f-66a5695222df,GH1,fwater_ph,7.3300,normal,1.00,2025-04-19 00:00:00+00,2025-08-09 07:02:02.956467+00
3542,5c5bc271-66b8-4b72-bb5f-66a5695222df,GH1,fwater_ph,7.4000,normal,1.00,2025-04-20 00:00:00+00,2025-08-09 07:02:02.956467+00
3543,5c5bc271-66b8-4b72-bb5f-66a5695222df,GH1,fwater_temp,28.5000,normal,1.00,2024-12-30 00:00:00+00,2025-08-09 07:02:02.956467+00
3544,5c5bc271-66b8-4b72-bb5f-66a5695222df,GH1,fwater_temp,30.8000,normal,1.00,2024-12-31 00:00:00+00,2025-08-09 07:02:02.956467+00
3545,5c5bc271-66b8-4b72-bb5f-66a5695222df,GH1,fwater_temp,28.8000,normal,1.00,2025-01-01 00:00:00+00,2025-08-09 07:02:02.956467+00
3546,5c5bc271-66b8-4b72-bb5f-66a5695222df,GH1,fwater_temp,30.0000,normal,1.00,2025-01-02 00:00:00+00,2025-08-09 07:02:02.956467+00
3547,5c5bc271-66b8-4b72-bb5f-66a5695222df,GH1,fwater_temp,29.8000,normal,1.00,2025-01-03 00:00:00+00,2025-08-09 07:02:02.956467+00
3548,5c5bc271-66b8-4b72-bb5f-66a5695222df,GH1,fwater_temp,31.5000,normal,1.00,2025-01-04 00:00:00+00,2025-08-09 07:02:02.956467+00
3549,5c5bc271-66b8-4b72-bb5f-66a5695222df,GH1,fwater_temp,29.1000,normal,1.00,2025-01-05 00:00:00+00,2025-08-09 07:02:02.956467+00
3550,5c5bc271-66b8-4b72-bb5f-66a5695222df,GH1,fwater_temp,29.2000,normal,1.00,2025-01-06 00:00:00+00,2025-08-09 07:02:02.956467+00
3551,5c5bc271-66b8-4b72-bb5f-66a5695222df,GH1,fwater_temp,28.3000,normal,1.00,2025-01-07 00:00:00+00,2025-08-09 07:02:02.956467+00
3552,5c5bc271-66b8-4b72-bb5f-66a5695222df,GH1,fwater_temp,28.9000,normal,1.00,2025-01-08 00:00:00+00,2025-08-09 07:02:02.956467+00
3553,5c5bc271-66b8-4b72-bb5f-66a5695222df,GH1,fwater_temp,29.3000,normal,1.00,2025-01-09 00:00:00+00,2025-08-09 07:02:02.956467+00
3554,5c5bc271-66b8-4b72-bb5f-66a5695222df,GH1,fwater_temp,28.4000,normal,1.00,2025-01-10 00:00:00+00,2025-08-09 07:02:02.956467+00
3555,5c5bc271-66b8-4b72-bb5f-66a5695222df,GH1,fwater_temp,29.3000,normal,1.00,2025-01-11 00:00:00+00,2025-08-09 07:02:02.956467+00
3556,5c5bc271-66b8-4b72-bb5f-66a5695222df,GH1,fwater_temp,28.0000,normal,1.00,2025-01-12 00:00:00+00,2025-08-09 07:02:02.956467+00
3557,5c5bc271-66b8-4b72-bb5f-66a5695222df,GH1,fwater_temp,28.8000,normal,1.00,2025-01-13 00:00:00+00,2025-08-09 07:02:02.956467+00
3558,5c5bc271-66b8-4b72-bb5f-66a5695222df,GH1,fwater_temp,28.8000,normal,1.00,2025-01-14 00:00:00+00,2025-08-09 07:02:02.956467+00
3559,5c5bc271-66b8-4b72-bb5f-66a5695222df,GH1,fwater_temp,29.9000,normal,1.00,2025-01-15 00:00:00+00,2025-08-09 07:02:02.956467+00
3560,5c5bc271-66b8-4b72-bb5f-66a5695222df,GH1,fwater_temp,29.5000,normal,1.00,2025-01-16 00:00:00+00,2025-08-09 07:02:02.956467+00
3561,5c5bc271-66b8-4b72-bb5f-66a5695222df,GH1,fwater_temp,29.7000,normal,1.00,2025-01-17 00:00:00+00,2025-08-09 07:02:02.956467+00
3562,5c5bc271-66b8-4b72-bb5f-66a5695222df,GH1,fwater_temp,30.3000,normal,1.00,2025-01-18 00:00:00+00,2025-08-09 07:02:02.956467+00
3563,5c5bc271-66b8-4b72-bb5f-66a5695222df,GH1,fwater_temp,30.8000,normal,1.00,2025-01-19 00:00:00+00,2025-08-09 07:02:02.956467+00
3564,5c5bc271-66b8-4b72-bb5f-66a5695222df,GH1,fwater_temp,30.2000,normal,1.00,2025-01-20 00:00:00+00,2025-08-09 07:02:02.956467+00
3565,5c5bc271-66b8-4b72-bb5f-66a5695222df,GH1,fwater_temp,29.9000,normal,1.00,2025-01-21 00:00:00+00,2025-08-09 07:02:02.956467+00
3566,5c5bc271-66b8-4b72-bb5f-66a5695222df,GH1,fwater_temp,29.7000,normal,1.00,2025-01-22 00:00:00+00,2025-08-09 07:02:02.956467+00
3567,5c5bc271-66b8-4b72-bb5f-66a5695222df,GH1,fwater_temp,30.0000,normal,1.00,2025-01-23 00:00:00+00,2025-08-09 07:02:02.956467+00
3568,5c5bc271-66b8-4b72-bb5f-66a5695222df,GH1,fwater_temp,30.4000,normal,1.00,2025-01-24 00:00:00+00,2025-08-09 07:02:02.956467+00
3569,5c5bc271-66b8-4b72-bb5f-66a5695222df,GH1,fwater_temp,30.7000,normal,1.00,2025-01-25 00:00:00+00,2025-08-09 07:02:02.956467+00
3570,5c5bc271-66b8-4b72-bb5f-66a5695222df,GH1,fwater_temp,30.4000,normal,1.00,2025-01-26 00:00:00+00,2025-08-09 07:02:02.956467+00
3571,5c5bc271-66b8-4b72-bb5f-66a5695222df,GH1,fwater_temp,29.8000,normal,1.00,2025-01-27 00:00:00+00,2025-08-09 07:02:02.956467+00
3572,5c5bc271-66b8-4b72-bb5f-66a5695222df,GH1,fwater_temp,28.0000,normal,1.00,2025-01-28 00:00:00+00,2025-08-09 07:02:02.956467+00
3573,5c5bc271-66b8-4b72-bb5f-66a5695222df,GH1,fwater_temp,28.9000,normal,1.00,2025-01-29 00:00:00+00,2025-08-09 07:02:02.956467+00
3574,5c5bc271-66b8-4b72-bb5f-66a5695222df,GH1,fwater_temp,28.9000,normal,1.00,2025-01-30 00:00:00+00,2025-08-09 07:02:02.956467+00
3575,5c5bc271-66b8-4b72-bb5f-66a5695222df,GH1,fwater_temp,29.5000,normal,1.00,2025-01-31 00:00:00+00,2025-08-09 07:02:02.956467+00
3576,5c5bc271-66b8-4b72-bb5f-66a5695222df,GH1,fwater_temp,31.0000,normal,1.00,2025-02-01 00:00:00+00,2025-08-09 07:02:02.956467+00
3577,5c5bc271-66b8-4b72-bb5f-66a5695222df,GH1,fwater_temp,30.0000,normal,1.00,2025-02-02 00:00:00+00,2025-08-09 07:02:02.956467+00
3578,5c5bc271-66b8-4b72-bb5f-66a5695222df,GH1,fwater_temp,30.6000,normal,1.00,2025-02-03 00:00:00+00,2025-08-09 07:02:02.956467+00
3579,5c5bc271-66b8-4b72-bb5f-66a5695222df,GH1,fwater_temp,28.7000,normal,1.00,2025-02-04 00:00:00+00,2025-08-09 07:02:02.956467+00
3580,5c5bc271-66b8-4b72-bb5f-66a5695222df,GH1,fwater_temp,30.4000,normal,1.00,2025-02-05 00:00:00+00,2025-08-09 07:02:02.956467+00
3581,5c5bc271-66b8-4b72-bb5f-66a5695222df,GH1,fwater_temp,28.8000,normal,1.00,2025-02-06 00:00:00+00,2025-08-09 07:02:02.956467+00
3582,5c5bc271-66b8-4b72-bb5f-66a5695222df,GH1,fwater_temp,28.0000,normal,1.00,2025-02-07 00:00:00+00,2025-08-09 07:02:02.956467+00
3583,5c5bc271-66b8-4b72-bb5f-66a5695222df,GH1,fwater_temp,28.7000,normal,1.00,2025-02-08 00:00:00+00,2025-08-09 07:02:02.956467+00
3584,5c5bc271-66b8-4b72-bb5f-66a5695222df,GH1,fwater_temp,29.3000,normal,1.00,2025-02-09 00:00:00+00,2025-08-09 07:02:02.956467+00
3585,5c5bc271-66b8-4b72-bb5f-66a5695222df,GH1,fwater_temp,28.2300,normal,1.00,2025-02-10 00:00:00+00,2025-08-09 07:02:02.956467+00
3586,5c5bc271-66b8-4b72-bb5f-66a5695222df,GH1,fwater_temp,27.9800,normal,1.00,2025-02-11 00:00:00+00,2025-08-09 07:02:02.956467+00
3587,5c5bc271-66b8-4b72-bb5f-66a5695222df,GH1,fwater_temp,31.4000,normal,1.00,2025-02-12 00:00:00+00,2025-08-09 07:02:02.956467+00
3588,5c5bc271-66b8-4b72-bb5f-66a5695222df,GH1,fwater_temp,31.0500,normal,1.00,2025-02-13 00:00:00+00,2025-08-09 07:02:02.956467+00
3589,5c5bc271-66b8-4b72-bb5f-66a5695222df,GH1,fwater_temp,30.4300,normal,1.00,2025-02-14 00:00:00+00,2025-08-09 07:02:02.956467+00
3590,5c5bc271-66b8-4b72-bb5f-66a5695222df,GH1,fwater_temp,31.2000,normal,1.00,2025-02-15 00:00:00+00,2025-08-09 07:02:02.956467+00
3591,5c5bc271-66b8-4b72-bb5f-66a5695222df,GH1,fwater_temp,31.2300,normal,1.00,2025-02-16 00:00:00+00,2025-08-09 07:02:02.956467+00
3592,5c5bc271-66b8-4b72-bb5f-66a5695222df,GH1,fwater_temp,31.5000,normal,1.00,2025-02-17 00:00:00+00,2025-08-09 07:02:02.956467+00
3593,5c5bc271-66b8-4b72-bb5f-66a5695222df,GH1,fwater_temp,30.4500,normal,1.00,2025-02-18 00:00:00+00,2025-08-09 07:02:02.956467+00
3594,5c5bc271-66b8-4b72-bb5f-66a5695222df,GH1,fwater_temp,29.6800,normal,1.00,2025-02-19 00:00:00+00,2025-08-09 07:02:02.956467+00
3595,5c5bc271-66b8-4b72-bb5f-66a5695222df,GH1,fwater_temp,28.6500,normal,1.00,2025-02-20 00:00:00+00,2025-08-09 07:02:02.956467+00
3596,5c5bc271-66b8-4b72-bb5f-66a5695222df,GH1,fwater_temp,29.1800,normal,1.00,2025-02-21 00:00:00+00,2025-08-09 07:02:02.956467+00
3597,5c5bc271-66b8-4b72-bb5f-66a5695222df,GH1,fwater_temp,31.0500,normal,1.00,2025-02-22 00:00:00+00,2025-08-09 07:02:02.956467+00
3598,5c5bc271-66b8-4b72-bb5f-66a5695222df,GH1,fwater_temp,29.3500,normal,1.00,2025-02-24 00:00:00+00,2025-08-09 07:02:02.956467+00
3599,5c5bc271-66b8-4b72-bb5f-66a5695222df,GH1,fwater_temp,28.9300,normal,1.00,2025-02-25 00:00:00+00,2025-08-09 07:02:02.956467+00
3600,5c5bc271-66b8-4b72-bb5f-66a5695222df,GH1,fwater_temp,29.1500,normal,1.00,2025-02-26 00:00:00+00,2025-08-09 07:02:02.956467+00
3601,5c5bc271-66b8-4b72-bb5f-66a5695222df,GH1,fwater_temp,29.1000,normal,1.00,2025-02-27 00:00:00+00,2025-08-09 07:02:02.956467+00
3602,5c5bc271-66b8-4b72-bb5f-66a5695222df,GH1,fwater_temp,29.7300,normal,1.00,2025-02-28 00:00:00+00,2025-08-09 07:02:02.956467+00
3603,5c5bc271-66b8-4b72-bb5f-66a5695222df,GH1,fwater_temp,30.1800,normal,1.00,2025-03-01 00:00:00+00,2025-08-09 07:02:02.956467+00
3604,5c5bc271-66b8-4b72-bb5f-66a5695222df,GH1,fwater_temp,33.4800,normal,1.00,2025-03-02 00:00:00+00,2025-08-09 07:02:02.956467+00
3605,5c5bc271-66b8-4b72-bb5f-66a5695222df,GH1,fwater_temp,30.1500,normal,1.00,2025-03-03 00:00:00+00,2025-08-09 07:02:02.956467+00
3606,5c5bc271-66b8-4b72-bb5f-66a5695222df,GH1,fwater_temp,32.3800,normal,1.00,2025-03-04 00:00:00+00,2025-08-09 07:02:02.956467+00
3607,5c5bc271-66b8-4b72-bb5f-66a5695222df,GH1,fwater_temp,33.8500,normal,1.00,2025-03-05 00:00:00+00,2025-08-09 07:02:02.956467+00
3608,5c5bc271-66b8-4b72-bb5f-66a5695222df,GH1,fwater_temp,32.9500,normal,1.00,2025-03-06 00:00:00+00,2025-08-09 07:02:02.956467+00
3609,5c5bc271-66b8-4b72-bb5f-66a5695222df,GH1,fwater_temp,31.0300,normal,1.00,2025-03-07 00:00:00+00,2025-08-09 07:02:02.956467+00
3610,5c5bc271-66b8-4b72-bb5f-66a5695222df,GH1,fwater_temp,31.4800,normal,1.00,2025-03-08 00:00:00+00,2025-08-09 07:02:02.956467+00
3611,5c5bc271-66b8-4b72-bb5f-66a5695222df,GH1,fwater_temp,32.0300,normal,1.00,2025-03-09 00:00:00+00,2025-08-09 07:02:02.956467+00
3612,5c5bc271-66b8-4b72-bb5f-66a5695222df,GH1,fwater_temp,31.3300,normal,1.00,2025-03-10 00:00:00+00,2025-08-09 07:02:02.956467+00
3613,5c5bc271-66b8-4b72-bb5f-66a5695222df,GH1,fwater_temp,32.0000,normal,1.00,2025-03-11 00:00:00+00,2025-08-09 07:02:02.956467+00
3614,5c5bc271-66b8-4b72-bb5f-66a5695222df,GH1,fwater_temp,31.3300,normal,1.00,2025-03-12 00:00:00+00,2025-08-09 07:02:02.956467+00
3615,5c5bc271-66b8-4b72-bb5f-66a5695222df,GH1,fwater_temp,30.5500,normal,1.00,2025-03-13 00:00:00+00,2025-08-09 07:02:02.956467+00
3616,5c5bc271-66b8-4b72-bb5f-66a5695222df,GH1,fwater_temp,30.6300,normal,1.00,2025-03-14 00:00:00+00,2025-08-09 07:02:02.956467+00
3617,5c5bc271-66b8-4b72-bb5f-66a5695222df,GH1,fwater_temp,30.4500,normal,1.00,2025-03-15 00:00:00+00,2025-08-09 07:02:02.956467+00
3618,5c5bc271-66b8-4b72-bb5f-66a5695222df,GH1,fwater_temp,31.8300,normal,1.00,2025-03-16 00:00:00+00,2025-08-09 07:02:02.956467+00
3619,5c5bc271-66b8-4b72-bb5f-66a5695222df,GH1,fwater_temp,28.6800,normal,1.00,2025-03-17 00:00:00+00,2025-08-09 07:02:02.956467+00
3620,5c5bc271-66b8-4b72-bb5f-66a5695222df,GH1,fwater_temp,29.1300,normal,1.00,2025-03-18 00:00:00+00,2025-08-09 07:02:02.956467+00
3621,5c5bc271-66b8-4b72-bb5f-66a5695222df,GH1,fwater_temp,28.7800,normal,1.00,2025-03-19 00:00:00+00,2025-08-09 07:02:02.956467+00
3622,5c5bc271-66b8-4b72-bb5f-66a5695222df,GH1,fwater_temp,27.6500,normal,1.00,2025-03-20 00:00:00+00,2025-08-09 07:02:02.956467+00
3623,5c5bc271-66b8-4b72-bb5f-66a5695222df,GH1,fwater_temp,27.9500,normal,1.00,2025-03-21 00:00:00+00,2025-08-09 07:02:02.956467+00
3624,5c5bc271-66b8-4b72-bb5f-66a5695222df,GH1,fwater_temp,29.0000,normal,1.00,2025-03-22 00:00:00+00,2025-08-09 07:02:02.956467+00
3625,5c5bc271-66b8-4b72-bb5f-66a5695222df,GH1,fwater_temp,29.8000,normal,1.00,2025-03-23 00:00:00+00,2025-08-09 07:02:02.956467+00
3626,5c5bc271-66b8-4b72-bb5f-66a5695222df,GH1,fwater_temp,30.1500,normal,1.00,2025-03-24 00:00:00+00,2025-08-09 07:02:02.956467+00
3627,5c5bc271-66b8-4b72-bb5f-66a5695222df,GH1,fwater_temp,31.2300,normal,1.00,2025-03-25 00:00:00+00,2025-08-09 07:02:02.956467+00
3628,5c5bc271-66b8-4b72-bb5f-66a5695222df,GH1,fwater_temp,32.0300,normal,1.00,2025-03-26 00:00:00+00,2025-08-09 07:02:02.956467+00
3629,5c5bc271-66b8-4b72-bb5f-66a5695222df,GH1,fwater_temp,31.3300,normal,1.00,2025-03-27 00:00:00+00,2025-08-09 07:02:02.956467+00
3630,5c5bc271-66b8-4b72-bb5f-66a5695222df,GH1,fwater_temp,31.8000,normal,1.00,2025-03-28 00:00:00+00,2025-08-09 07:02:02.956467+00
3631,5c5bc271-66b8-4b72-bb5f-66a5695222df,GH1,fwater_temp,28.4000,normal,1.00,2025-03-29 00:00:00+00,2025-08-09 07:02:02.956467+00
3632,5c5bc271-66b8-4b72-bb5f-66a5695222df,GH1,fwater_temp,29.9500,normal,1.00,2025-03-30 00:00:00+00,2025-08-09 07:02:02.956467+00
3633,5c5bc271-66b8-4b72-bb5f-66a5695222df,GH1,fwater_temp,30.2500,normal,1.00,2025-03-31 00:00:00+00,2025-08-09 07:02:02.956467+00
3634,5c5bc271-66b8-4b72-bb5f-66a5695222df,GH1,fwater_temp,31.4000,normal,1.00,2025-04-01 00:00:00+00,2025-08-09 07:02:02.956467+00
3635,5c5bc271-66b8-4b72-bb5f-66a5695222df,GH1,fwater_temp,31.5000,normal,1.00,2025-04-02 00:00:00+00,2025-08-09 07:02:02.956467+00
3636,5c5bc271-66b8-4b72-bb5f-66a5695222df,GH1,fwater_temp,32.4800,normal,1.00,2025-04-03 00:00:00+00,2025-08-09 07:02:02.956467+00
3637,5c5bc271-66b8-4b72-bb5f-66a5695222df,GH1,fwater_temp,31.7800,normal,1.00,2025-04-04 00:00:00+00,2025-08-09 07:02:02.956467+00
3638,5c5bc271-66b8-4b72-bb5f-66a5695222df,GH1,fwater_temp,32.0300,normal,1.00,2025-04-05 00:00:00+00,2025-08-09 07:02:02.956467+00
3639,5c5bc271-66b8-4b72-bb5f-66a5695222df,GH1,fwater_temp,32.7800,normal,1.00,2025-04-06 00:00:00+00,2025-08-09 07:02:02.956467+00
3640,5c5bc271-66b8-4b72-bb5f-66a5695222df,GH1,fwater_temp,31.8500,normal,1.00,2025-04-07 00:00:00+00,2025-08-09 07:02:02.956467+00
3641,5c5bc271-66b8-4b72-bb5f-66a5695222df,GH1,fwater_temp,31.6000,normal,1.00,2025-04-08 00:00:00+00,2025-08-09 07:02:02.956467+00
3642,5c5bc271-66b8-4b72-bb5f-66a5695222df,GH1,fwater_temp,32.4000,normal,1.00,2025-04-09 00:00:00+00,2025-08-09 07:02:02.956467+00
3643,5c5bc271-66b8-4b72-bb5f-66a5695222df,GH1,fwater_temp,31.8000,normal,1.00,2025-04-10 00:00:00+00,2025-08-09 07:02:02.956467+00
3644,5c5bc271-66b8-4b72-bb5f-66a5695222df,GH1,fwater_temp,31.7300,normal,1.00,2025-04-11 00:00:00+00,2025-08-09 07:02:02.956467+00
3645,5c5bc271-66b8-4b72-bb5f-66a5695222df,GH1,fwater_temp,35.0300,normal,1.00,2025-04-12 00:00:00+00,2025-08-09 07:02:02.956467+00
3646,5c5bc271-66b8-4b72-bb5f-66a5695222df,GH1,fwater_temp,30.0300,normal,1.00,2025-04-13 00:00:00+00,2025-08-09 07:02:02.956467+00
3647,5c5bc271-66b8-4b72-bb5f-66a5695222df,GH1,fwater_temp,32.1500,normal,1.00,2025-04-14 00:00:00+00,2025-08-09 07:02:02.956467+00
3648,5c5bc271-66b8-4b72-bb5f-66a5695222df,GH1,fwater_temp,32.3500,normal,1.00,2025-04-15 00:00:00+00,2025-08-09 07:02:02.956467+00
3649,5c5bc271-66b8-4b72-bb5f-66a5695222df,GH1,fwater_temp,33.1500,normal,1.00,2025-04-16 00:00:00+00,2025-08-09 07:02:02.956467+00
3650,5c5bc271-66b8-4b72-bb5f-66a5695222df,GH1,fwater_temp,31.0000,normal,1.00,2025-04-17 00:00:00+00,2025-08-09 07:02:02.956467+00
3651,5c5bc271-66b8-4b72-bb5f-66a5695222df,GH1,fwater_temp,34.0000,normal,1.00,2025-04-18 00:00:00+00,2025-08-09 07:02:02.956467+00
3652,5c5bc271-66b8-4b72-bb5f-66a5695222df,GH1,fwater_temp,32.8000,normal,1.00,2025-04-19 00:00:00+00,2025-08-09 07:02:02.956467+00
3653,5c5bc271-66b8-4b72-bb5f-66a5695222df,GH1,fwater_temp,33.6300,normal,1.00,2025-04-20 00:00:00+00,2025-08-09 07:02:02.956467+00
3654,5c5bc271-66b8-4b72-bb5f-66a5695222df,GH1,sys_ec,1.1530,normal,1.00,2025-04-21 00:00:00+00,2025-08-09 07:02:02.956467+00
3655,5c5bc271-66b8-4b72-bb5f-66a5695222df,GH1,sys_ec,1.1340,normal,1.00,2025-04-22 00:00:00+00,2025-08-09 07:02:02.956467+00
3656,5c5bc271-66b8-4b72-bb5f-66a5695222df,GH1,sys_ec,1.0880,normal,1.00,2025-04-23 00:00:00+00,2025-08-09 07:02:02.956467+00
3657,5c5bc271-66b8-4b72-bb5f-66a5695222df,GH1,sys_ec,1.1890,normal,1.00,2025-04-24 00:00:00+00,2025-08-09 07:02:02.956467+00
3658,5c5bc271-66b8-4b72-bb5f-66a5695222df,GH1,sys_ec,1.2100,normal,1.00,2025-04-25 00:00:00+00,2025-08-09 07:02:02.956467+00
3659,5c5bc271-66b8-4b72-bb5f-66a5695222df,GH1,sys_ec,1.2940,normal,1.00,2025-04-26 00:00:00+00,2025-08-09 07:02:02.956467+00
3660,5c5bc271-66b8-4b72-bb5f-66a5695222df,GH1,sys_ec,1.3210,normal,1.00,2025-04-27 00:00:00+00,2025-08-09 07:02:02.956467+00
3661,5c5bc271-66b8-4b72-bb5f-66a5695222df,GH1,sys_ec,1.2390,normal,1.00,2025-04-28 00:00:00+00,2025-08-09 07:02:02.956467+00
3662,5c5bc271-66b8-4b72-bb5f-66a5695222df,GH1,sys_ec,1.2250,normal,1.00,2025-04-29 00:00:00+00,2025-08-09 07:02:02.956467+00
3663,5c5bc271-66b8-4b72-bb5f-66a5695222df,GH1,sys_ec,1.2050,normal,1.00,2025-04-30 00:00:00+00,2025-08-09 07:02:02.956467+00
3664,5c5bc271-66b8-4b72-bb5f-66a5695222df,GH1,sys_ec,1.1720,normal,1.00,2025-05-01 00:00:00+00,2025-08-09 07:02:02.956467+00
3665,5c5bc271-66b8-4b72-bb5f-66a5695222df,GH1,sys_ec,1.2390,normal,1.00,2025-05-02 00:00:00+00,2025-08-09 07:02:02.956467+00
3666,5c5bc271-66b8-4b72-bb5f-66a5695222df,GH1,sys_ec,1.2660,normal,1.00,2025-05-03 00:00:00+00,2025-08-09 07:02:02.956467+00
3667,5c5bc271-66b8-4b72-bb5f-66a5695222df,GH1,sys_ec,1.2240,normal,1.00,2025-05-04 00:00:00+00,2025-08-09 07:02:02.956467+00
3668,5c5bc271-66b8-4b72-bb5f-66a5695222df,GH1,sys_ec,1.1610,normal,1.00,2025-05-05 00:00:00+00,2025-08-09 07:02:02.956467+00
3669,5c5bc271-66b8-4b72-bb5f-66a5695222df,GH1,sys_ec,1.1660,normal,1.00,2025-05-06 00:00:00+00,2025-08-09 07:02:02.956467+00
3670,5c5bc271-66b8-4b72-bb5f-66a5695222df,GH1,sys_ec,1.1320,normal,1.00,2025-05-07 00:00:00+00,2025-08-09 07:02:02.956467+00
3671,5c5bc271-66b8-4b72-bb5f-66a5695222df,GH1,sys_ec,0.1120,normal,1.00,2025-05-08 00:00:00+00,2025-08-09 07:02:02.956467+00
3672,5c5bc271-66b8-4b72-bb5f-66a5695222df,GH1,sys_ec,1.1600,normal,1.00,2025-05-09 00:00:00+00,2025-08-09 07:02:02.956467+00
3673,5c5bc271-66b8-4b72-bb5f-66a5695222df,GH1,sys_ec,1.3220,normal,1.00,2025-05-10 00:00:00+00,2025-08-09 07:02:02.956467+00
3674,5c5bc271-66b8-4b72-bb5f-66a5695222df,GH1,sys_ec,1.2360,normal,1.00,2025-05-11 00:00:00+00,2025-08-09 07:02:02.956467+00
3675,5c5bc271-66b8-4b72-bb5f-66a5695222df,GH1,sys_ec,1.1270,normal,1.00,2025-05-12 00:00:00+00,2025-08-09 07:02:02.956467+00
3676,5c5bc271-66b8-4b72-bb5f-66a5695222df,GH1,sys_ec,1.0750,normal,1.00,2025-05-13 00:00:00+00,2025-08-09 07:02:02.956467+00
3677,5c5bc271-66b8-4b72-bb5f-66a5695222df,GH1,sys_ec,1.0470,normal,1.00,2025-05-14 00:00:00+00,2025-08-09 07:02:02.956467+00
3678,5c5bc271-66b8-4b72-bb5f-66a5695222df,GH1,sys_ec,1.1480,normal,1.00,2025-05-15 00:00:00+00,2025-08-09 07:02:02.956467+00
3679,5c5bc271-66b8-4b72-bb5f-66a5695222df,GH1,sys_ec,1.1600,normal,1.00,2025-05-16 00:00:00+00,2025-08-09 07:02:02.956467+00
3680,5c5bc271-66b8-4b72-bb5f-66a5695222df,GH1,sys_ec,1.1740,normal,1.00,2025-05-17 00:00:00+00,2025-08-09 07:02:02.956467+00
3681,5c5bc271-66b8-4b72-bb5f-66a5695222df,GH1,sys_ec,1.1820,normal,1.00,2025-05-18 00:00:00+00,2025-08-09 07:02:02.956467+00
3682,5c5bc271-66b8-4b72-bb5f-66a5695222df,GH1,sys_ec,1.2290,normal,1.00,2025-05-19 00:00:00+00,2025-08-09 07:02:02.956467+00
3683,5c5bc271-66b8-4b72-bb5f-66a5695222df,GH1,sys_ec,1.2520,normal,1.00,2025-05-20 00:00:00+00,2025-08-09 07:02:02.956467+00
3684,5c5bc271-66b8-4b72-bb5f-66a5695222df,GH1,sys_ec,1.2130,normal,1.00,2025-05-21 00:00:00+00,2025-08-09 07:02:02.956467+00
3685,5c5bc271-66b8-4b72-bb5f-66a5695222df,GH1,sys_ec,1.1610,normal,1.00,2025-05-22 00:00:00+00,2025-08-09 07:02:02.956467+00
3686,5c5bc271-66b8-4b72-bb5f-66a5695222df,GH1,sys_ec,1.2000,normal,1.00,2025-05-23 00:00:00+00,2025-08-09 07:02:02.956467+00
3687,5c5bc271-66b8-4b72-bb5f-66a5695222df,GH1,sys_ec,1.0980,normal,1.00,2025-05-24 00:00:00+00,2025-08-09 07:02:02.956467+00
3688,5c5bc271-66b8-4b72-bb5f-66a5695222df,GH1,sys_ec,1.0110,normal,1.00,2025-05-25 00:00:00+00,2025-08-09 07:02:02.956467+00
3689,5c5bc271-66b8-4b72-bb5f-66a5695222df,GH1,sys_ec,1.0720,normal,1.00,2025-05-26 00:00:00+00,2025-08-09 07:02:02.956467+00
3690,5c5bc271-66b8-4b72-bb5f-66a5695222df,GH1,sys_ec,1.0780,normal,1.00,2025-05-27 00:00:00+00,2025-08-09 07:02:02.956467+00
3691,5c5bc271-66b8-4b72-bb5f-66a5695222df,GH1,sys_ec,1.1290,normal,1.00,2025-05-28 00:00:00+00,2025-08-09 07:02:02.956467+00
3692,5c5bc271-66b8-4b72-bb5f-66a5695222df,GH1,sys_ec,1.1590,normal,1.00,2025-05-29 00:00:00+00,2025-08-09 07:02:02.956467+00
3693,5c5bc271-66b8-4b72-bb5f-66a5695222df,GH1,sys_ec,1.1560,normal,1.00,2025-05-30 00:00:00+00,2025-08-09 07:02:02.956467+00
3694,5c5bc271-66b8-4b72-bb5f-66a5695222df,GH1,sys_ec,1.0260,normal,1.00,2025-05-31 00:00:00+00,2025-08-09 07:02:02.956467+00
3695,5c5bc271-66b8-4b72-bb5f-66a5695222df,GH1,sys_ec,1.1060,normal,1.00,2025-06-01 00:00:00+00,2025-08-09 07:02:02.956467+00
3696,5c5bc271-66b8-4b72-bb5f-66a5695222df,GH1,sys_ec,1.2460,normal,1.00,2025-06-02 00:00:00+00,2025-08-09 07:02:02.956467+00
3697,5c5bc271-66b8-4b72-bb5f-66a5695222df,GH1,sys_ec,1.2600,normal,1.00,2025-06-03 00:00:00+00,2025-08-09 07:02:02.956467+00
3698,5c5bc271-66b8-4b72-bb5f-66a5695222df,GH1,sys_ec,1.2300,normal,1.00,2025-06-04 00:00:00+00,2025-08-09 07:02:02.956467+00
3699,5c5bc271-66b8-4b72-bb5f-66a5695222df,GH1,sys_ec,1.1360,normal,1.00,2025-06-05 00:00:00+00,2025-08-09 07:02:02.956467+00
3700,5c5bc271-66b8-4b72-bb5f-66a5695222df,GH1,sys_ec,1.0790,normal,1.00,2025-06-06 00:00:00+00,2025-08-09 07:02:02.956467+00
3701,5c5bc271-66b8-4b72-bb5f-66a5695222df,GH1,sys_ec,1.1560,normal,1.00,2025-06-07 00:00:00+00,2025-08-09 07:02:02.956467+00
3702,5c5bc271-66b8-4b72-bb5f-66a5695222df,GH1,sys_ec,1.0660,normal,1.00,2025-06-08 00:00:00+00,2025-08-09 07:02:02.956467+00
3703,5c5bc271-66b8-4b72-bb5f-66a5695222df,GH1,sys_ec,1.1040,normal,1.00,2025-06-09 00:00:00+00,2025-08-09 07:02:02.956467+00
3704,5c5bc271-66b8-4b72-bb5f-66a5695222df,GH1,sys_ec,1.1670,normal,1.00,2025-06-10 00:00:00+00,2025-08-09 07:02:02.956467+00
3705,5c5bc271-66b8-4b72-bb5f-66a5695222df,GH1,sys_ec,1.2070,normal,1.00,2025-06-11 00:00:00+00,2025-08-09 07:02:02.956467+00
3706,5c5bc271-66b8-4b72-bb5f-66a5695222df,GH1,sys_ec,1.1820,normal,1.00,2025-06-12 00:00:00+00,2025-08-09 07:02:02.956467+00
3707,5c5bc271-66b8-4b72-bb5f-66a5695222df,GH1,sys_ec,1.1570,normal,1.00,2025-06-13 00:00:00+00,2025-08-09 07:02:02.956467+00
3708,5c5bc271-66b8-4b72-bb5f-66a5695222df,GH1,sys_ec,1.1630,normal,1.00,2025-06-14 00:00:00+00,2025-08-09 07:02:02.956467+00
3709,5c5bc271-66b8-4b72-bb5f-66a5695222df,GH1,sys_ec,1.2060,normal,1.00,2025-06-15 00:00:00+00,2025-08-09 07:02:02.956467+00
3710,5c5bc271-66b8-4b72-bb5f-66a5695222df,GH1,sys_ec,1.1710,normal,1.00,2025-06-16 00:00:00+00,2025-08-09 07:02:02.956467+00
3711,5c5bc271-66b8-4b72-bb5f-66a5695222df,GH1,sys_ec,1.2110,normal,1.00,2025-06-17 00:00:00+00,2025-08-09 07:02:02.956467+00
3712,5c5bc271-66b8-4b72-bb5f-66a5695222df,GH1,sys_ec,1.2110,normal,1.00,2025-06-18 00:00:00+00,2025-08-09 07:02:02.956467+00
3713,5c5bc271-66b8-4b72-bb5f-66a5695222df,GH1,sys_ec,1.1650,normal,1.00,2025-06-19 00:00:00+00,2025-08-09 07:02:02.956467+00
3714,5c5bc271-66b8-4b72-bb5f-66a5695222df,GH1,sys_ec,1.1510,normal,1.00,2025-06-20 00:00:00+00,2025-08-09 07:02:02.956467+00
3715,5c5bc271-66b8-4b72-bb5f-66a5695222df,GH1,sys_ec,1.1560,normal,1.00,2025-06-21 00:00:00+00,2025-08-09 07:02:02.956467+00
3716,5c5bc271-66b8-4b72-bb5f-66a5695222df,GH1,sys_ec,1.1510,normal,1.00,2025-06-22 00:00:00+00,2025-08-09 07:02:02.956467+00
3717,5c5bc271-66b8-4b72-bb5f-66a5695222df,GH1,sys_ph,7.4000,normal,1.00,2025-04-21 00:00:00+00,2025-08-09 07:02:02.956467+00
3718,5c5bc271-66b8-4b72-bb5f-66a5695222df,GH1,sys_ph,7.6000,normal,1.00,2025-04-22 00:00:00+00,2025-08-09 07:02:02.956467+00
3719,5c5bc271-66b8-4b72-bb5f-66a5695222df,GH1,sys_ph,7.3500,normal,1.00,2025-04-23 00:00:00+00,2025-08-09 07:02:02.956467+00
3720,5c5bc271-66b8-4b72-bb5f-66a5695222df,GH1,sys_ph,7.2000,normal,1.00,2025-04-24 00:00:00+00,2025-08-09 07:02:02.956467+00
3721,5c5bc271-66b8-4b72-bb5f-66a5695222df,GH1,sys_ph,7.2800,normal,1.00,2025-04-25 00:00:00+00,2025-08-09 07:02:02.956467+00
3722,5c5bc271-66b8-4b72-bb5f-66a5695222df,GH1,sys_ph,6.9500,normal,1.00,2025-04-26 00:00:00+00,2025-08-09 07:02:02.956467+00
3723,5c5bc271-66b8-4b72-bb5f-66a5695222df,GH1,sys_ph,7.2500,normal,1.00,2025-04-27 00:00:00+00,2025-08-09 07:02:02.956467+00
3724,5c5bc271-66b8-4b72-bb5f-66a5695222df,GH1,sys_ph,7.2300,normal,1.00,2025-04-28 00:00:00+00,2025-08-09 07:02:02.956467+00
3725,5c5bc271-66b8-4b72-bb5f-66a5695222df,GH1,sys_ph,7.1800,normal,1.00,2025-04-29 00:00:00+00,2025-08-09 07:02:02.956467+00
3726,5c5bc271-66b8-4b72-bb5f-66a5695222df,GH1,sys_ph,7.2000,normal,1.00,2025-04-30 00:00:00+00,2025-08-09 07:02:02.956467+00
3727,5c5bc271-66b8-4b72-bb5f-66a5695222df,GH1,sys_ph,7.3800,normal,1.00,2025-05-01 00:00:00+00,2025-08-09 07:02:02.956467+00
3728,5c5bc271-66b8-4b72-bb5f-66a5695222df,GH1,sys_ph,7.2000,normal,1.00,2025-05-02 00:00:00+00,2025-08-09 07:02:02.956467+00
3729,5c5bc271-66b8-4b72-bb5f-66a5695222df,GH1,sys_ph,7.1300,normal,1.00,2025-05-03 00:00:00+00,2025-08-09 07:02:02.956467+00
3730,5c5bc271-66b8-4b72-bb5f-66a5695222df,GH1,sys_ph,7.3800,normal,1.00,2025-05-04 00:00:00+00,2025-08-09 07:02:02.956467+00
3731,5c5bc271-66b8-4b72-bb5f-66a5695222df,GH1,sys_ph,7.6000,normal,1.00,2025-05-05 00:00:00+00,2025-08-09 07:02:02.956467+00
3732,5c5bc271-66b8-4b72-bb5f-66a5695222df,GH1,sys_ph,7.6500,normal,1.00,2025-05-06 00:00:00+00,2025-08-09 07:02:02.956467+00
3733,5c5bc271-66b8-4b72-bb5f-66a5695222df,GH1,sys_ph,7.5300,normal,1.00,2025-05-07 00:00:00+00,2025-08-09 07:02:02.956467+00
3734,5c5bc271-66b8-4b72-bb5f-66a5695222df,GH1,sys_ph,7.3300,normal,1.00,2025-05-08 00:00:00+00,2025-08-09 07:02:02.956467+00
3735,5c5bc271-66b8-4b72-bb5f-66a5695222df,GH1,sys_ph,7.4500,normal,1.00,2025-05-09 00:00:00+00,2025-08-09 07:02:02.956467+00
3736,5c5bc271-66b8-4b72-bb5f-66a5695222df,GH1,sys_ph,7.3500,normal,1.00,2025-05-10 00:00:00+00,2025-08-09 07:02:02.956467+00
3737,5c5bc271-66b8-4b72-bb5f-66a5695222df,GH1,sys_ph,5.8600,normal,1.00,2025-05-11 00:00:00+00,2025-08-09 07:02:02.956467+00
3738,5c5bc271-66b8-4b72-bb5f-66a5695222df,GH1,sys_ph,7.6500,normal,1.00,2025-05-12 00:00:00+00,2025-08-09 07:02:02.956467+00
3739,5c5bc271-66b8-4b72-bb5f-66a5695222df,GH1,sys_ph,7.5700,normal,1.00,2025-05-13 00:00:00+00,2025-08-09 07:02:02.956467+00
3740,5c5bc271-66b8-4b72-bb5f-66a5695222df,GH1,sys_ph,7.3000,normal,1.00,2025-05-14 00:00:00+00,2025-08-09 07:02:02.956467+00
3741,5c5bc271-66b8-4b72-bb5f-66a5695222df,GH1,sys_ph,7.2800,normal,1.00,2025-05-15 00:00:00+00,2025-08-09 07:02:02.956467+00
3742,5c5bc271-66b8-4b72-bb5f-66a5695222df,GH1,sys_ph,7.3300,normal,1.00,2025-05-16 00:00:00+00,2025-08-09 07:02:02.956467+00
3743,5c5bc271-66b8-4b72-bb5f-66a5695222df,GH1,sys_ph,7.3000,normal,1.00,2025-05-17 00:00:00+00,2025-08-09 07:02:02.956467+00
3744,5c5bc271-66b8-4b72-bb5f-66a5695222df,GH1,sys_ph,7.3300,normal,1.00,2025-05-18 00:00:00+00,2025-08-09 07:02:02.956467+00
3745,5c5bc271-66b8-4b72-bb5f-66a5695222df,GH1,sys_ph,7.4500,normal,1.00,2025-05-19 00:00:00+00,2025-08-09 07:02:02.956467+00
3746,5c5bc271-66b8-4b72-bb5f-66a5695222df,GH1,sys_ph,7.5000,normal,1.00,2025-05-20 00:00:00+00,2025-08-09 07:02:02.956467+00
3747,5c5bc271-66b8-4b72-bb5f-66a5695222df,GH1,sys_ph,7.5800,normal,1.00,2025-05-21 00:00:00+00,2025-08-09 07:02:02.956467+00
3748,5c5bc271-66b8-4b72-bb5f-66a5695222df,GH1,sys_ph,7.6540,normal,1.00,2025-05-22 00:00:00+00,2025-08-09 07:02:02.956467+00
3749,5c5bc271-66b8-4b72-bb5f-66a5695222df,GH1,sys_ph,7.5800,normal,1.00,2025-05-23 00:00:00+00,2025-08-09 07:02:02.956467+00
3750,5c5bc271-66b8-4b72-bb5f-66a5695222df,GH1,sys_ph,7.7000,normal,1.00,2025-05-24 00:00:00+00,2025-08-09 07:02:02.956467+00
3751,5c5bc271-66b8-4b72-bb5f-66a5695222df,GH1,sys_ph,7.7000,normal,1.00,2025-05-25 00:00:00+00,2025-08-09 07:02:02.956467+00
3752,5c5bc271-66b8-4b72-bb5f-66a5695222df,GH1,sys_ph,7.5000,normal,1.00,2025-05-26 00:00:00+00,2025-08-09 07:02:02.956467+00
3753,5c5bc271-66b8-4b72-bb5f-66a5695222df,GH1,sys_ph,7.5300,normal,1.00,2025-05-27 00:00:00+00,2025-08-09 07:02:02.956467+00
3754,5c5bc271-66b8-4b72-bb5f-66a5695222df,GH1,sys_ph,7.3000,normal,1.00,2025-05-28 00:00:00+00,2025-08-09 07:02:02.956467+00
3755,5c5bc271-66b8-4b72-bb5f-66a5695222df,GH1,sys_ph,7.2000,normal,1.00,2025-05-29 00:00:00+00,2025-08-09 07:02:02.956467+00
3756,5c5bc271-66b8-4b72-bb5f-66a5695222df,GH1,sys_ph,7.2000,normal,1.00,2025-05-30 00:00:00+00,2025-08-09 07:02:02.956467+00
3757,5c5bc271-66b8-4b72-bb5f-66a5695222df,GH1,sys_ph,7.3000,normal,1.00,2025-05-31 00:00:00+00,2025-08-09 07:02:02.956467+00
3758,5c5bc271-66b8-4b72-bb5f-66a5695222df,GH1,sys_ph,7.2000,normal,1.00,2025-06-01 00:00:00+00,2025-08-09 07:02:02.956467+00
3759,5c5bc271-66b8-4b72-bb5f-66a5695222df,GH1,sys_ph,7.0000,normal,1.00,2025-06-02 00:00:00+00,2025-08-09 07:02:02.956467+00
3760,5c5bc271-66b8-4b72-bb5f-66a5695222df,GH1,sys_ph,6.9300,normal,1.00,2025-06-03 00:00:00+00,2025-08-09 07:02:02.956467+00
3761,5c5bc271-66b8-4b72-bb5f-66a5695222df,GH1,sys_ph,7.0000,normal,1.00,2025-06-04 00:00:00+00,2025-08-09 07:02:02.956467+00
3762,5c5bc271-66b8-4b72-bb5f-66a5695222df,GH1,sys_ph,7.0500,normal,1.00,2025-06-05 00:00:00+00,2025-08-09 07:02:02.956467+00
3763,5c5bc271-66b8-4b72-bb5f-66a5695222df,GH1,sys_ph,7.3000,normal,1.00,2025-06-06 00:00:00+00,2025-08-09 07:02:02.956467+00
3764,5c5bc271-66b8-4b72-bb5f-66a5695222df,GH1,sys_ph,7.1800,normal,1.00,2025-06-07 00:00:00+00,2025-08-09 07:02:02.956467+00
3765,5c5bc271-66b8-4b72-bb5f-66a5695222df,GH1,sys_ph,7.2800,normal,1.00,2025-06-08 00:00:00+00,2025-08-09 07:02:02.956467+00
3766,5c5bc271-66b8-4b72-bb5f-66a5695222df,GH1,sys_ph,6.9300,normal,1.00,2025-06-09 00:00:00+00,2025-08-09 07:02:02.956467+00
3767,5c5bc271-66b8-4b72-bb5f-66a5695222df,GH1,sys_ph,6.8300,normal,1.00,2025-06-10 00:00:00+00,2025-08-09 07:02:02.956467+00
3768,5c5bc271-66b8-4b72-bb5f-66a5695222df,GH1,sys_ph,6.8300,normal,1.00,2025-06-11 00:00:00+00,2025-08-09 07:02:02.956467+00
3769,5c5bc271-66b8-4b72-bb5f-66a5695222df,GH1,sys_ph,6.6500,normal,1.00,2025-06-12 00:00:00+00,2025-08-09 07:02:02.956467+00
3770,5c5bc271-66b8-4b72-bb5f-66a5695222df,GH1,sys_ph,6.8800,normal,1.00,2025-06-13 00:00:00+00,2025-08-09 07:02:02.956467+00
3771,5c5bc271-66b8-4b72-bb5f-66a5695222df,GH1,sys_ph,6.8800,normal,1.00,2025-06-14 00:00:00+00,2025-08-09 07:02:02.956467+00
3772,5c5bc271-66b8-4b72-bb5f-66a5695222df,GH1,sys_ph,6.6500,normal,1.00,2025-06-15 00:00:00+00,2025-08-09 07:02:02.956467+00
3773,5c5bc271-66b8-4b72-bb5f-66a5695222df,GH1,sys_ph,6.5300,normal,1.00,2025-06-16 00:00:00+00,2025-08-09 07:02:02.956467+00
3774,5c5bc271-66b8-4b72-bb5f-66a5695222df,GH1,sys_ph,6.6500,normal,1.00,2025-06-17 00:00:00+00,2025-08-09 07:02:02.956467+00
3775,5c5bc271-66b8-4b72-bb5f-66a5695222df,GH1,sys_ph,6.6300,normal,1.00,2025-06-18 00:00:00+00,2025-08-09 07:02:02.956467+00
3776,5c5bc271-66b8-4b72-bb5f-66a5695222df,GH1,sys_ph,6.9300,normal,1.00,2025-06-19 00:00:00+00,2025-08-09 07:02:02.956467+00
3777,5c5bc271-66b8-4b72-bb5f-66a5695222df,GH1,sys_ph,6.8800,normal,1.00,2025-06-20 00:00:00+00,2025-08-09 07:02:02.956467+00
3778,5c5bc271-66b8-4b72-bb5f-66a5695222df,GH1,sys_ph,6.8500,normal,1.00,2025-06-21 00:00:00+00,2025-08-09 07:02:02.956467+00
3779,5c5bc271-66b8-4b72-bb5f-66a5695222df,GH1,sys_ph,6.7000,normal,1.00,2025-06-22 00:00:00+00,2025-08-09 07:02:02.956467+00
3780,5c5bc271-66b8-4b72-bb5f-66a5695222df,GH1,sys_ph,6.8000,normal,1.00,2025-06-23 00:00:00+00,2025-08-09 07:02:02.956467+00
3781,5c5bc271-66b8-4b72-bb5f-66a5695222df,GH1,sys_ph,6.8000,normal,1.00,2025-06-24 00:00:00+00,2025-08-09 07:02:02.956467+00
3782,5c5bc271-66b8-4b72-bb5f-66a5695222df,GH1,sys_ph,6.8000,normal,1.00,2025-06-25 00:00:00+00,2025-08-09 07:02:02.956467+00
3783,5c5bc271-66b8-4b72-bb5f-66a5695222df,GH1,sys_ph,6.7000,normal,1.00,2025-06-26 00:00:00+00,2025-08-09 07:02:02.956467+00
3784,5c5bc271-66b8-4b72-bb5f-66a5695222df,GH1,sys_ph,6.9000,normal,1.00,2025-06-27 00:00:00+00,2025-08-09 07:02:02.956467+00
3785,5c5bc271-66b8-4b72-bb5f-66a5695222df,GH1,sys_ph,7.0000,normal,1.00,2025-06-28 00:00:00+00,2025-08-09 07:02:02.956467+00
3786,5c5bc271-66b8-4b72-bb5f-66a5695222df,GH1,sys_ph,6.9000,normal,1.00,2025-06-29 00:00:00+00,2025-08-09 07:02:02.956467+00
3787,5c5bc271-66b8-4b72-bb5f-66a5695222df,GH1,sys_h20_temp,31.0800,normal,1.00,2025-04-21 00:00:00+00,2025-08-09 07:02:02.956467+00
3788,5c5bc271-66b8-4b72-bb5f-66a5695222df,GH1,sys_h20_temp,31.0800,normal,1.00,2025-04-22 00:00:00+00,2025-08-09 07:02:02.956467+00
3789,5c5bc271-66b8-4b72-bb5f-66a5695222df,GH1,sys_h20_temp,31.2500,normal,1.00,2025-04-23 00:00:00+00,2025-08-09 07:02:02.956467+00
3790,5c5bc271-66b8-4b72-bb5f-66a5695222df,GH1,sys_h20_temp,31.0500,normal,1.00,2025-04-24 00:00:00+00,2025-08-09 07:02:02.956467+00
3791,5c5bc271-66b8-4b72-bb5f-66a5695222df,GH1,sys_h20_temp,31.5300,normal,1.00,2025-04-25 00:00:00+00,2025-08-09 07:02:02.956467+00
3792,5c5bc271-66b8-4b72-bb5f-66a5695222df,GH1,sys_h20_temp,32.8300,normal,1.00,2025-04-26 00:00:00+00,2025-08-09 07:02:02.956467+00
3793,5c5bc271-66b8-4b72-bb5f-66a5695222df,GH1,sys_h20_temp,30.3500,normal,1.00,2025-04-27 00:00:00+00,2025-08-09 07:02:02.956467+00
3794,5c5bc271-66b8-4b72-bb5f-66a5695222df,GH1,sys_h20_temp,35.8300,normal,1.00,2025-04-28 00:00:00+00,2025-08-09 07:02:02.956467+00
3795,5c5bc271-66b8-4b72-bb5f-66a5695222df,GH1,sys_h20_temp,34.6500,normal,1.00,2025-04-29 00:00:00+00,2025-08-09 07:02:02.956467+00
3796,5c5bc271-66b8-4b72-bb5f-66a5695222df,GH1,sys_h20_temp,35.6300,normal,1.00,2025-04-30 00:00:00+00,2025-08-09 07:02:02.956467+00
3797,5c5bc271-66b8-4b72-bb5f-66a5695222df,GH1,sys_h20_temp,35.8500,normal,1.00,2025-05-01 00:00:00+00,2025-08-09 07:02:02.956467+00
3798,5c5bc271-66b8-4b72-bb5f-66a5695222df,GH1,sys_h20_temp,32.5800,normal,1.00,2025-05-02 00:00:00+00,2025-08-09 07:02:02.956467+00
3799,5c5bc271-66b8-4b72-bb5f-66a5695222df,GH1,sys_h20_temp,32.2800,normal,1.00,2025-05-03 00:00:00+00,2025-08-09 07:02:02.956467+00
3800,5c5bc271-66b8-4b72-bb5f-66a5695222df,GH1,sys_h20_temp,32.2800,normal,1.00,2025-05-04 00:00:00+00,2025-08-09 07:02:02.956467+00
3801,5c5bc271-66b8-4b72-bb5f-66a5695222df,GH1,sys_h20_temp,31.2500,normal,1.00,2025-05-05 00:00:00+00,2025-08-09 07:02:02.956467+00
3802,5c5bc271-66b8-4b72-bb5f-66a5695222df,GH1,sys_h20_temp,30.1000,normal,1.00,2025-05-06 00:00:00+00,2025-08-09 07:02:02.956467+00
3803,5c5bc271-66b8-4b72-bb5f-66a5695222df,GH1,sys_h20_temp,28.8500,normal,1.00,2025-05-07 00:00:00+00,2025-08-09 07:02:02.956467+00
3804,5c5bc271-66b8-4b72-bb5f-66a5695222df,GH1,sys_h20_temp,29.5800,normal,1.00,2025-05-08 00:00:00+00,2025-08-09 07:02:02.956467+00
3805,5c5bc271-66b8-4b72-bb5f-66a5695222df,GH1,sys_h20_temp,26.1800,normal,1.00,2025-05-09 00:00:00+00,2025-08-09 07:02:02.956467+00
3806,5c5bc271-66b8-4b72-bb5f-66a5695222df,GH1,sys_h20_temp,33.2800,normal,1.00,2025-05-10 00:00:00+00,2025-08-09 07:02:02.956467+00
3807,5c5bc271-66b8-4b72-bb5f-66a5695222df,GH1,sys_h20_temp,33.2800,normal,1.00,2025-05-11 00:00:00+00,2025-08-09 07:02:02.956467+00
3808,5c5bc271-66b8-4b72-bb5f-66a5695222df,GH1,sys_h20_temp,30.3000,normal,1.00,2025-05-12 00:00:00+00,2025-08-09 07:02:02.956467+00
3809,5c5bc271-66b8-4b72-bb5f-66a5695222df,GH1,sys_h20_temp,28.5000,normal,1.00,2025-05-13 00:00:00+00,2025-08-09 07:02:02.956467+00
3810,5c5bc271-66b8-4b72-bb5f-66a5695222df,GH1,sys_h20_temp,32.1000,normal,1.00,2025-05-14 00:00:00+00,2025-08-09 07:02:02.956467+00
3811,5c5bc271-66b8-4b72-bb5f-66a5695222df,GH1,sys_h20_temp,31.5500,normal,1.00,2025-05-15 00:00:00+00,2025-08-09 07:02:02.956467+00
3812,5c5bc271-66b8-4b72-bb5f-66a5695222df,GH1,sys_h20_temp,32.8500,normal,1.00,2025-05-16 00:00:00+00,2025-08-09 07:02:02.956467+00
3813,5c5bc271-66b8-4b72-bb5f-66a5695222df,GH1,sys_h20_temp,33.3500,normal,1.00,2025-05-17 00:00:00+00,2025-08-09 07:02:02.956467+00
3814,5c5bc271-66b8-4b72-bb5f-66a5695222df,GH1,sys_h20_temp,35.5800,normal,1.00,2025-05-18 00:00:00+00,2025-08-09 07:02:02.956467+00
3815,5c5bc271-66b8-4b72-bb5f-66a5695222df,GH1,sys_h20_temp,33.0000,normal,1.00,2025-05-19 00:00:00+00,2025-08-09 07:02:02.956467+00
3816,5c5bc271-66b8-4b72-bb5f-66a5695222df,GH1,sys_h20_temp,31.3500,normal,1.00,2025-05-20 00:00:00+00,2025-08-09 07:02:02.956467+00
3817,5c5bc271-66b8-4b72-bb5f-66a5695222df,GH1,sys_h20_temp,32.5000,normal,1.00,2025-05-21 00:00:00+00,2025-08-09 07:02:02.956467+00
3818,5c5bc271-66b8-4b72-bb5f-66a5695222df,GH1,sys_h20_temp,32.7500,normal,1.00,2025-05-22 00:00:00+00,2025-08-09 07:02:02.956467+00
3819,5c5bc271-66b8-4b72-bb5f-66a5695222df,GH1,sys_h20_temp,35.9000,normal,1.00,2025-05-23 00:00:00+00,2025-08-09 07:02:02.956467+00
3820,5c5bc271-66b8-4b72-bb5f-66a5695222df,GH1,sys_h20_temp,33.2300,normal,1.00,2025-05-24 00:00:00+00,2025-08-09 07:02:02.956467+00
3821,5c5bc271-66b8-4b72-bb5f-66a5695222df,GH1,sys_h20_temp,33.0500,normal,1.00,2025-05-25 00:00:00+00,2025-08-09 07:02:02.956467+00
3822,5c5bc271-66b8-4b72-bb5f-66a5695222df,GH1,sys_h20_temp,32.6500,normal,1.00,2025-05-26 00:00:00+00,2025-08-09 07:02:02.956467+00
3823,5c5bc271-66b8-4b72-bb5f-66a5695222df,GH1,sys_h20_temp,31.9300,normal,1.00,2025-05-27 00:00:00+00,2025-08-09 07:02:02.956467+00
3824,5c5bc271-66b8-4b72-bb5f-66a5695222df,GH1,sys_h20_temp,29.2800,normal,1.00,2025-05-28 00:00:00+00,2025-08-09 07:02:02.956467+00
3825,5c5bc271-66b8-4b72-bb5f-66a5695222df,GH1,sys_h20_temp,29.0000,normal,1.00,2025-05-29 00:00:00+00,2025-08-09 07:02:02.956467+00
3826,5c5bc271-66b8-4b72-bb5f-66a5695222df,GH1,sys_h20_temp,29.0000,normal,1.00,2025-05-30 00:00:00+00,2025-08-09 07:02:02.956467+00
3827,5c5bc271-66b8-4b72-bb5f-66a5695222df,GH1,sys_h20_temp,29.0000,normal,1.00,2025-05-31 00:00:00+00,2025-08-09 07:02:02.956467+00
3828,5c5bc271-66b8-4b72-bb5f-66a5695222df,GH1,sys_h20_temp,28.0000,normal,1.00,2025-06-01 00:00:00+00,2025-08-09 07:02:02.956467+00
3829,5c5bc271-66b8-4b72-bb5f-66a5695222df,GH1,sys_h20_temp,29.4300,normal,1.00,2025-06-02 00:00:00+00,2025-08-09 07:02:02.956467+00
3830,5c5bc271-66b8-4b72-bb5f-66a5695222df,GH1,sys_h20_temp,31.7300,normal,1.00,2025-06-03 00:00:00+00,2025-08-09 07:02:02.956467+00
3831,5c5bc271-66b8-4b72-bb5f-66a5695222df,GH1,sys_h20_temp,29.7800,normal,1.00,2025-06-04 00:00:00+00,2025-08-09 07:02:02.956467+00
3832,5c5bc271-66b8-4b72-bb5f-66a5695222df,GH1,sys_h20_temp,29.3500,normal,1.00,2025-06-05 00:00:00+00,2025-08-09 07:02:02.956467+00
3833,5c5bc271-66b8-4b72-bb5f-66a5695222df,GH1,sys_h20_temp,27.9000,normal,1.00,2025-06-06 00:00:00+00,2025-08-09 07:02:02.956467+00
3834,5c5bc271-66b8-4b72-bb5f-66a5695222df,GH1,sys_h20_temp,28.9000,normal,1.00,2025-06-07 00:00:00+00,2025-08-09 07:02:02.956467+00
3835,5c5bc271-66b8-4b72-bb5f-66a5695222df,GH1,sys_h20_temp,28.4000,normal,1.00,2025-06-08 00:00:00+00,2025-08-09 07:02:02.956467+00
3836,5c5bc271-66b8-4b72-bb5f-66a5695222df,GH1,sys_h20_temp,28.7800,normal,1.00,2025-06-09 00:00:00+00,2025-08-09 07:02:02.956467+00
3837,5c5bc271-66b8-4b72-bb5f-66a5695222df,GH1,sys_h20_temp,29.5500,normal,1.00,2025-06-10 00:00:00+00,2025-08-09 07:02:02.956467+00
3838,5c5bc271-66b8-4b72-bb5f-66a5695222df,GH1,sys_h20_temp,28.9500,normal,1.00,2025-06-11 00:00:00+00,2025-08-09 07:02:02.956467+00
3839,5c5bc271-66b8-4b72-bb5f-66a5695222df,GH1,sys_h20_temp,29.4800,normal,1.00,2025-06-12 00:00:00+00,2025-08-09 07:02:02.956467+00
3840,5c5bc271-66b8-4b72-bb5f-66a5695222df,GH1,sys_h20_temp,30.8000,normal,1.00,2025-06-13 00:00:00+00,2025-08-09 07:02:02.956467+00
3841,5c5bc271-66b8-4b72-bb5f-66a5695222df,GH1,sys_h20_temp,33.4300,normal,1.00,2025-06-14 00:00:00+00,2025-08-09 07:02:02.956467+00
3842,5c5bc271-66b8-4b72-bb5f-66a5695222df,GH1,sys_h20_temp,31.3800,normal,1.00,2025-06-15 00:00:00+00,2025-08-09 07:02:02.956467+00
3843,5c5bc271-66b8-4b72-bb5f-66a5695222df,GH1,sys_h20_temp,30.5500,normal,1.00,2025-06-16 00:00:00+00,2025-08-09 07:02:02.956467+00
3844,5c5bc271-66b8-4b72-bb5f-66a5695222df,GH1,sys_h20_temp,30.3000,normal,1.00,2025-06-17 00:00:00+00,2025-08-09 07:02:02.956467+00
3845,5c5bc271-66b8-4b72-bb5f-66a5695222df,GH1,sys_h20_temp,27.3800,normal,1.00,2025-06-18 00:00:00+00,2025-08-09 07:02:02.956467+00
3846,5c5bc271-66b8-4b72-bb5f-66a5695222df,GH1,sys_h20_temp,30.8000,normal,1.00,2025-06-19 00:00:00+00,2025-08-09 07:02:02.956467+00
3847,5c5bc271-66b8-4b72-bb5f-66a5695222df,GH1,sys_h20_temp,30.4300,normal,1.00,2025-06-20 00:00:00+00,2025-08-09 07:02:02.956467+00
3848,5c5bc271-66b8-4b72-bb5f-66a5695222df,GH1,sys_h20_temp,31.9500,normal,1.00,2025-06-21 00:00:00+00,2025-08-09 07:02:02.956467+00
3849,5c5bc271-66b8-4b72-bb5f-66a5695222df,GH1,sys_h20_temp,26.9300,normal,1.00,2025-06-22 00:00:00+00,2025-08-09 07:02:02.956467+00
3850,5c5bc271-66b8-4b72-bb5f-66a5695222df,GH1,sys_h20_temp,28.5000,normal,1.00,2025-06-23 00:00:00+00,2025-08-09 07:02:02.956467+00
3851,5c5bc271-66b8-4b72-bb5f-66a5695222df,GH1,sys_h20_temp,30.0000,normal,1.00,2025-06-24 00:00:00+00,2025-08-09 07:02:02.956467+00
3852,5c5bc271-66b8-4b72-bb5f-66a5695222df,GH1,sys_h20_temp,27.1000,normal,1.00,2025-06-25 00:00:00+00,2025-08-09 07:02:02.956467+00
3853,5c5bc271-66b8-4b72-bb5f-66a5695222df,GH1,sys_h20_temp,29.5000,normal,1.00,2025-06-26 00:00:00+00,2025-08-09 07:02:02.956467+00
3854,5c5bc271-66b8-4b72-bb5f-66a5695222df,GH1,sys_h20_temp,29.9000,normal,1.00,2025-06-27 00:00:00+00,2025-08-09 07:02:02.956467+00
3855,5c5bc271-66b8-4b72-bb5f-66a5695222df,GH1,sys_h20_temp,27.8000,normal,1.00,2025-06-28 00:00:00+00,2025-08-09 07:02:02.956467+00
3856,5c5bc271-66b8-4b72-bb5f-66a5695222df,GH1,sys_h20_temp,27.8000,normal,1.00,2025-06-29 00:00:00+00,2025-08-09 07:02:02.956467+00
3857,5c5bc271-66b8-4b72-bb5f-66a5695222df,GH1,sys_gh_temp,35.7300,normal,1.00,2025-04-21 00:00:00+00,2025-08-09 07:02:02.956467+00
3858,5c5bc271-66b8-4b72-bb5f-66a5695222df,GH1,sys_gh_temp,36.4800,normal,1.00,2025-04-22 00:00:00+00,2025-08-09 07:02:02.956467+00
3859,5c5bc271-66b8-4b72-bb5f-66a5695222df,GH1,sys_gh_temp,36.2300,normal,1.00,2025-04-23 00:00:00+00,2025-08-09 07:02:02.956467+00
3860,5c5bc271-66b8-4b72-bb5f-66a5695222df,GH1,sys_gh_temp,36.7500,normal,1.00,2025-04-24 00:00:00+00,2025-08-09 07:02:02.956467+00
3861,5c5bc271-66b8-4b72-bb5f-66a5695222df,GH1,sys_gh_temp,36.1800,normal,1.00,2025-04-25 00:00:00+00,2025-08-09 07:02:02.956467+00
3862,5c5bc271-66b8-4b72-bb5f-66a5695222df,GH1,sys_gh_temp,36.7300,normal,1.00,2025-04-26 00:00:00+00,2025-08-09 07:02:02.956467+00
3863,5c5bc271-66b8-4b72-bb5f-66a5695222df,GH1,sys_gh_temp,36.1800,normal,1.00,2025-04-27 00:00:00+00,2025-08-09 07:02:02.956467+00
3864,5c5bc271-66b8-4b72-bb5f-66a5695222df,GH1,sys_gh_temp,35.8300,normal,1.00,2025-04-28 00:00:00+00,2025-08-09 07:02:02.956467+00
3865,5c5bc271-66b8-4b72-bb5f-66a5695222df,GH1,sys_gh_temp,34.6500,normal,1.00,2025-04-29 00:00:00+00,2025-08-09 07:02:02.956467+00
3866,5c5bc271-66b8-4b72-bb5f-66a5695222df,GH1,sys_gh_temp,35.6300,normal,1.00,2025-04-30 00:00:00+00,2025-08-09 07:02:02.956467+00
3867,5c5bc271-66b8-4b72-bb5f-66a5695222df,GH1,sys_gh_temp,33.8300,normal,1.00,2025-05-01 00:00:00+00,2025-08-09 07:02:02.956467+00
3868,5c5bc271-66b8-4b72-bb5f-66a5695222df,GH1,sys_gh_temp,33.6500,normal,1.00,2025-05-02 00:00:00+00,2025-08-09 07:02:02.956467+00
3869,5c5bc271-66b8-4b72-bb5f-66a5695222df,GH1,sys_gh_temp,36.4300,normal,1.00,2025-05-03 00:00:00+00,2025-08-09 07:02:02.956467+00
3870,5c5bc271-66b8-4b72-bb5f-66a5695222df,GH1,sys_gh_temp,35.3300,normal,1.00,2025-05-04 00:00:00+00,2025-08-09 07:02:02.956467+00
3871,5c5bc271-66b8-4b72-bb5f-66a5695222df,GH1,sys_gh_temp,33.7500,normal,1.00,2025-05-05 00:00:00+00,2025-08-09 07:02:02.956467+00
3872,5c5bc271-66b8-4b72-bb5f-66a5695222df,GH1,sys_gh_temp,33.7300,normal,1.00,2025-05-06 00:00:00+00,2025-08-09 07:02:02.956467+00
3873,5c5bc271-66b8-4b72-bb5f-66a5695222df,GH1,sys_gh_temp,31.7300,normal,1.00,2025-05-07 00:00:00+00,2025-08-09 07:02:02.956467+00
3874,5c5bc271-66b8-4b72-bb5f-66a5695222df,GH1,sys_gh_temp,33.1800,normal,1.00,2025-05-08 00:00:00+00,2025-08-09 07:02:02.956467+00
3875,5c5bc271-66b8-4b72-bb5f-66a5695222df,GH1,sys_gh_temp,35.0000,normal,1.00,2025-05-09 00:00:00+00,2025-08-09 07:02:02.956467+00
3876,5c5bc271-66b8-4b72-bb5f-66a5695222df,GH1,sys_gh_temp,36.5300,normal,1.00,2025-05-10 00:00:00+00,2025-08-09 07:02:02.956467+00
3877,5c5bc271-66b8-4b72-bb5f-66a5695222df,GH1,sys_gh_temp,33.0300,normal,1.00,2025-05-12 00:00:00+00,2025-08-09 07:02:02.956467+00
3878,5c5bc271-66b8-4b72-bb5f-66a5695222df,GH1,sys_gh_temp,31.5000,normal,1.00,2025-05-13 00:00:00+00,2025-08-09 07:02:02.956467+00
3879,5c5bc271-66b8-4b72-bb5f-66a5695222df,GH1,sys_gh_temp,36.3000,normal,1.00,2025-05-14 00:00:00+00,2025-08-09 07:02:02.956467+00
3880,5c5bc271-66b8-4b72-bb5f-66a5695222df,GH1,sys_gh_temp,35.4300,normal,1.00,2025-05-15 00:00:00+00,2025-08-09 07:02:02.956467+00
3881,5c5bc271-66b8-4b72-bb5f-66a5695222df,GH1,sys_gh_temp,35.1500,normal,1.00,2025-05-16 00:00:00+00,2025-08-09 07:02:02.956467+00
3882,5c5bc271-66b8-4b72-bb5f-66a5695222df,GH1,sys_gh_temp,37.0800,normal,1.00,2025-05-17 00:00:00+00,2025-08-09 07:02:02.956467+00
3883,5c5bc271-66b8-4b72-bb5f-66a5695222df,GH1,sys_gh_temp,36.6000,normal,1.00,2025-05-18 00:00:00+00,2025-08-09 07:02:02.956467+00
3884,5c5bc271-66b8-4b72-bb5f-66a5695222df,GH1,sys_gh_temp,36.3500,normal,1.00,2025-05-19 00:00:00+00,2025-08-09 07:02:02.956467+00
3885,5c5bc271-66b8-4b72-bb5f-66a5695222df,GH1,sys_gh_temp,34.8300,normal,1.00,2025-05-20 00:00:00+00,2025-08-09 07:02:02.956467+00
3886,5c5bc271-66b8-4b72-bb5f-66a5695222df,GH1,sys_gh_temp,34.1000,normal,1.00,2025-05-21 00:00:00+00,2025-08-09 07:02:02.956467+00
3887,5c5bc271-66b8-4b72-bb5f-66a5695222df,GH1,sys_gh_temp,36.0500,normal,1.00,2025-05-22 00:00:00+00,2025-08-09 07:02:02.956467+00
3888,5c5bc271-66b8-4b72-bb5f-66a5695222df,GH1,sys_gh_temp,35.8500,normal,1.00,2025-05-23 00:00:00+00,2025-08-09 07:02:02.956467+00
3889,5c5bc271-66b8-4b72-bb5f-66a5695222df,GH1,sys_gh_temp,35.6000,normal,1.00,2025-05-24 00:00:00+00,2025-08-09 07:02:02.956467+00
3890,5c5bc271-66b8-4b72-bb5f-66a5695222df,GH1,sys_gh_temp,36.8300,normal,1.00,2025-05-25 00:00:00+00,2025-08-09 07:02:02.956467+00
3891,5c5bc271-66b8-4b72-bb5f-66a5695222df,GH1,sys_gh_temp,33.7300,normal,1.00,2025-05-26 00:00:00+00,2025-08-09 07:02:02.956467+00
3892,5c5bc271-66b8-4b72-bb5f-66a5695222df,GH1,sys_gh_temp,33.4500,normal,1.00,2025-05-27 00:00:00+00,2025-08-09 07:02:02.956467+00
3893,5c5bc271-66b8-4b72-bb5f-66a5695222df,GH1,sys_gh_temp,31.1000,normal,1.00,2025-05-28 00:00:00+00,2025-08-09 07:02:02.956467+00
3894,5c5bc271-66b8-4b72-bb5f-66a5695222df,GH1,sys_gh_temp,30.9300,normal,1.00,2025-05-29 00:00:00+00,2025-08-09 07:02:02.956467+00
3895,5c5bc271-66b8-4b72-bb5f-66a5695222df,GH1,sys_gh_temp,32.0000,normal,1.00,2025-05-30 00:00:00+00,2025-08-09 07:02:02.956467+00
3896,5c5bc271-66b8-4b72-bb5f-66a5695222df,GH1,sys_gh_temp,31.0000,normal,1.00,2025-05-31 00:00:00+00,2025-08-09 07:02:02.956467+00
3897,5c5bc271-66b8-4b72-bb5f-66a5695222df,GH1,sys_gh_temp,32.0000,normal,1.00,2025-06-01 00:00:00+00,2025-08-09 07:02:02.956467+00
3898,5c5bc271-66b8-4b72-bb5f-66a5695222df,GH1,sys_gh_temp,32.6000,normal,1.00,2025-06-02 00:00:00+00,2025-08-09 07:02:02.956467+00
3899,5c5bc271-66b8-4b72-bb5f-66a5695222df,GH1,sys_gh_temp,32.3000,normal,1.00,2025-06-03 00:00:00+00,2025-08-09 07:02:02.956467+00
3900,5c5bc271-66b8-4b72-bb5f-66a5695222df,GH1,sys_gh_temp,32.2000,normal,1.00,2025-06-04 00:00:00+00,2025-08-09 07:02:02.956467+00
3901,5c5bc271-66b8-4b72-bb5f-66a5695222df,GH1,sys_gh_temp,31.5300,normal,1.00,2025-06-05 00:00:00+00,2025-08-09 07:02:02.956467+00
3902,5c5bc271-66b8-4b72-bb5f-66a5695222df,GH1,sys_gh_temp,29.1800,normal,1.00,2025-06-06 00:00:00+00,2025-08-09 07:02:02.956467+00
3903,5c5bc271-66b8-4b72-bb5f-66a5695222df,GH1,sys_gh_temp,28.8300,normal,1.00,2025-06-07 00:00:00+00,2025-08-09 07:02:02.956467+00
3904,5c5bc271-66b8-4b72-bb5f-66a5695222df,GH1,sys_gh_temp,27.0000,normal,1.00,2025-06-08 00:00:00+00,2025-08-09 07:02:02.956467+00
3905,5c5bc271-66b8-4b72-bb5f-66a5695222df,GH1,sys_gh_temp,30.1800,normal,1.00,2025-06-09 00:00:00+00,2025-08-09 07:02:02.956467+00
3906,5c5bc271-66b8-4b72-bb5f-66a5695222df,GH1,sys_gh_temp,29.4500,normal,1.00,2025-06-10 00:00:00+00,2025-08-09 07:02:02.956467+00
3907,5c5bc271-66b8-4b72-bb5f-66a5695222df,GH1,sys_gh_temp,28.9800,normal,1.00,2025-06-11 00:00:00+00,2025-08-09 07:02:02.956467+00
3908,5c5bc271-66b8-4b72-bb5f-66a5695222df,GH1,sys_gh_temp,30.5000,normal,1.00,2025-06-12 00:00:00+00,2025-08-09 07:02:02.956467+00
3909,5c5bc271-66b8-4b72-bb5f-66a5695222df,GH1,sys_gh_temp,33.0800,normal,1.00,2025-06-13 00:00:00+00,2025-08-09 07:02:02.956467+00
3910,5c5bc271-66b8-4b72-bb5f-66a5695222df,GH1,sys_gh_temp,37.8000,normal,1.00,2025-06-14 00:00:00+00,2025-08-09 07:02:02.956467+00
3911,5c5bc271-66b8-4b72-bb5f-66a5695222df,GH1,sys_gh_temp,37.9000,normal,1.00,2025-06-15 00:00:00+00,2025-08-09 07:02:02.956467+00
3912,5c5bc271-66b8-4b72-bb5f-66a5695222df,GH1,sys_gh_temp,32.5000,normal,1.00,2025-06-16 00:00:00+00,2025-08-09 07:02:02.956467+00
3913,5c5bc271-66b8-4b72-bb5f-66a5695222df,GH1,sys_gh_temp,31.9800,normal,1.00,2025-06-17 00:00:00+00,2025-08-09 07:02:02.956467+00
3914,5c5bc271-66b8-4b72-bb5f-66a5695222df,GH1,sys_gh_temp,29.2500,normal,1.00,2025-06-18 00:00:00+00,2025-08-09 07:02:02.956467+00
3915,5c5bc271-66b8-4b72-bb5f-66a5695222df,GH1,sys_gh_temp,31.0500,normal,1.00,2025-06-19 00:00:00+00,2025-08-09 07:02:02.956467+00
3916,5c5bc271-66b8-4b72-bb5f-66a5695222df,GH1,sys_gh_temp,31.8000,normal,1.00,2025-06-20 00:00:00+00,2025-08-09 07:02:02.956467+00
3917,5c5bc271-66b8-4b72-bb5f-66a5695222df,GH1,sys_gh_temp,34.3800,normal,1.00,2025-06-21 00:00:00+00,2025-08-09 07:02:02.956467+00
3918,5c5bc271-66b8-4b72-bb5f-66a5695222df,GH1,sys_gh_temp,30.4000,normal,1.00,2025-06-22 00:00:00+00,2025-08-09 07:02:02.956467+00
3919,5c5bc271-66b8-4b72-bb5f-66a5695222df,GH1,sys_gh_temp,26.9500,normal,1.00,2025-06-23 00:00:00+00,2025-08-09 07:02:02.956467+00
3920,5c5bc271-66b8-4b72-bb5f-66a5695222df,GH1,sys_gh_temp,28.9500,normal,1.00,2025-06-24 00:00:00+00,2025-08-09 07:02:02.956467+00
3921,5c5bc271-66b8-4b72-bb5f-66a5695222df,GH1,sys_gh_temp,29.9800,normal,1.00,2025-06-25 00:00:00+00,2025-08-09 07:02:02.956467+00
3922,5c5bc271-66b8-4b72-bb5f-66a5695222df,GH1,sys_gh_temp,27.0700,normal,1.00,2025-06-26 00:00:00+00,2025-08-09 07:02:02.956467+00
3923,5c5bc271-66b8-4b72-bb5f-66a5695222df,GH1,sys_gh_temp,29.5000,normal,1.00,2025-06-27 00:00:00+00,2025-08-09 07:02:02.956467+00
3924,5c5bc271-66b8-4b72-bb5f-66a5695222df,GH1,sys_gh_temp,29.9000,normal,1.00,2025-06-28 00:00:00+00,2025-08-09 07:02:02.956467+00
3925,5c5bc271-66b8-4b72-bb5f-66a5695222df,GH1,sys_gh_temp,27.8000,normal,1.00,2025-06-29 00:00:00+00,2025-08-09 07:02:02.956467+00
3926,5c5bc271-66b8-4b72-bb5f-66a5695222df,GH1,sys_gh_rh,54.2500,normal,1.00,2025-04-21 00:00:00+00,2025-08-09 07:02:02.956467+00
3927,5c5bc271-66b8-4b72-bb5f-66a5695222df,GH1,sys_gh_rh,51.7500,normal,1.00,2025-04-22 00:00:00+00,2025-08-09 07:02:02.956467+00
3928,5c5bc271-66b8-4b72-bb5f-66a5695222df,GH1,sys_gh_rh,58.0000,normal,1.00,2025-04-23 00:00:00+00,2025-08-09 07:02:02.956467+00
3929,5c5bc271-66b8-4b72-bb5f-66a5695222df,GH1,sys_gh_rh,51.5000,normal,1.00,2025-04-24 00:00:00+00,2025-08-09 07:02:02.956467+00
3930,5c5bc271-66b8-4b72-bb5f-66a5695222df,GH1,sys_gh_rh,51.5000,normal,1.00,2025-04-25 00:00:00+00,2025-08-09 07:02:02.956467+00
3931,5c5bc271-66b8-4b72-bb5f-66a5695222df,GH1,sys_gh_rh,49.5000,normal,1.00,2025-04-26 00:00:00+00,2025-08-09 07:02:02.956467+00
3932,5c5bc271-66b8-4b72-bb5f-66a5695222df,GH1,sys_gh_rh,49.2500,normal,1.00,2025-04-27 00:00:00+00,2025-08-09 07:02:02.956467+00
3933,5c5bc271-66b8-4b72-bb5f-66a5695222df,GH1,sys_gh_rh,54.2500,normal,1.00,2025-04-28 00:00:00+00,2025-08-09 07:02:02.956467+00
3934,5c5bc271-66b8-4b72-bb5f-66a5695222df,GH1,sys_gh_rh,57.2000,normal,1.00,2025-04-29 00:00:00+00,2025-08-09 07:02:02.956467+00
3935,5c5bc271-66b8-4b72-bb5f-66a5695222df,GH1,sys_gh_rh,55.5000,normal,1.00,2025-04-30 00:00:00+00,2025-08-09 07:02:02.956467+00
3936,5c5bc271-66b8-4b72-bb5f-66a5695222df,GH1,sys_gh_rh,51.0000,normal,1.00,2025-05-01 00:00:00+00,2025-08-09 07:02:02.956467+00
3937,5c5bc271-66b8-4b72-bb5f-66a5695222df,GH1,sys_gh_rh,65.0000,normal,1.00,2025-05-02 00:00:00+00,2025-08-09 07:02:02.956467+00
3938,5c5bc271-66b8-4b72-bb5f-66a5695222df,GH1,sys_gh_rh,56.2500,normal,1.00,2025-05-03 00:00:00+00,2025-08-09 07:02:02.956467+00
3939,5c5bc271-66b8-4b72-bb5f-66a5695222df,GH1,sys_gh_rh,58.5000,normal,1.00,2025-05-04 00:00:00+00,2025-08-09 07:02:02.956467+00
3940,5c5bc271-66b8-4b72-bb5f-66a5695222df,GH1,sys_gh_rh,62.2500,normal,1.00,2025-05-05 00:00:00+00,2025-08-09 07:02:02.956467+00
3941,5c5bc271-66b8-4b72-bb5f-66a5695222df,GH1,sys_gh_rh,65.0000,normal,1.00,2025-05-06 00:00:00+00,2025-08-09 07:02:02.956467+00
3942,5c5bc271-66b8-4b72-bb5f-66a5695222df,GH1,sys_gh_rh,58.7500,normal,1.00,2025-05-07 00:00:00+00,2025-08-09 07:02:02.956467+00
3943,5c5bc271-66b8-4b72-bb5f-66a5695222df,GH1,sys_gh_rh,66.5000,normal,1.00,2025-05-08 00:00:00+00,2025-08-09 07:02:02.956467+00
3944,5c5bc271-66b8-4b72-bb5f-66a5695222df,GH1,sys_gh_rh,63.0000,normal,1.00,2025-05-09 00:00:00+00,2025-08-09 07:02:02.956467+00
3945,5c5bc271-66b8-4b72-bb5f-66a5695222df,GH1,sys_gh_rh,56.0000,normal,1.00,2025-05-10 00:00:00+00,2025-08-09 07:02:02.956467+00
3946,5c5bc271-66b8-4b72-bb5f-66a5695222df,GH1,sys_gh_rh,69.5000,normal,1.00,2025-05-12 00:00:00+00,2025-08-09 07:02:02.956467+00
3947,5c5bc271-66b8-4b72-bb5f-66a5695222df,GH1,sys_gh_rh,67.5000,normal,1.00,2025-05-13 00:00:00+00,2025-08-09 07:02:02.956467+00
3948,5c5bc271-66b8-4b72-bb5f-66a5695222df,GH1,sys_gh_rh,57.0000,normal,1.00,2025-05-14 00:00:00+00,2025-08-09 07:02:02.956467+00
3949,5c5bc271-66b8-4b72-bb5f-66a5695222df,GH1,sys_gh_rh,55.7500,normal,1.00,2025-05-15 00:00:00+00,2025-08-09 07:02:02.956467+00
3950,5c5bc271-66b8-4b72-bb5f-66a5695222df,GH1,sys_gh_rh,55.7500,normal,1.00,2025-05-16 00:00:00+00,2025-08-09 07:02:02.956467+00
3951,5c5bc271-66b8-4b72-bb5f-66a5695222df,GH1,sys_gh_rh,54.2500,normal,1.00,2025-05-17 00:00:00+00,2025-08-09 07:02:02.956467+00
3952,5c5bc271-66b8-4b72-bb5f-66a5695222df,GH1,sys_gh_rh,54.2500,normal,1.00,2025-05-18 00:00:00+00,2025-08-09 07:02:02.956467+00
3953,5c5bc271-66b8-4b72-bb5f-66a5695222df,GH1,sys_gh_rh,54.0000,normal,1.00,2025-05-19 00:00:00+00,2025-08-09 07:02:02.956467+00
3954,5c5bc271-66b8-4b72-bb5f-66a5695222df,GH1,sys_gh_rh,5.7500,normal,1.00,2025-05-20 00:00:00+00,2025-08-09 07:02:02.956467+00
3955,5c5bc271-66b8-4b72-bb5f-66a5695222df,GH1,sys_gh_rh,58.7500,normal,1.00,2025-05-21 00:00:00+00,2025-08-09 07:02:02.956467+00
3956,5c5bc271-66b8-4b72-bb5f-66a5695222df,GH1,sys_gh_rh,55.2500,normal,1.00,2025-05-22 00:00:00+00,2025-08-09 07:02:02.956467+00
3957,5c5bc271-66b8-4b72-bb5f-66a5695222df,GH1,sys_gh_rh,5.3000,normal,1.00,2025-05-23 00:00:00+00,2025-08-09 07:02:02.956467+00
3958,5c5bc271-66b8-4b72-bb5f-66a5695222df,GH1,sys_gh_rh,56.5000,normal,1.00,2025-05-24 00:00:00+00,2025-08-09 07:02:02.956467+00
3959,5c5bc271-66b8-4b72-bb5f-66a5695222df,GH1,sys_gh_rh,54.0000,normal,1.00,2025-05-25 00:00:00+00,2025-08-09 07:02:02.956467+00
3960,5c5bc271-66b8-4b72-bb5f-66a5695222df,GH1,sys_gh_rh,62.2500,normal,1.00,2025-05-26 00:00:00+00,2025-08-09 07:02:02.956467+00
3961,5c5bc271-66b8-4b72-bb5f-66a5695222df,GH1,sys_gh_rh,62.5000,normal,1.00,2025-05-27 00:00:00+00,2025-08-09 07:02:02.956467+00
3962,5c5bc271-66b8-4b72-bb5f-66a5695222df,GH1,sys_gh_rh,73.0000,normal,1.00,2025-05-28 00:00:00+00,2025-08-09 07:02:02.956467+00
3963,5c5bc271-66b8-4b72-bb5f-66a5695222df,GH1,sys_gh_rh,74.7500,normal,1.00,2025-05-29 00:00:00+00,2025-08-09 07:02:02.956467+00
3964,5c5bc271-66b8-4b72-bb5f-66a5695222df,GH1,sys_gh_rh,75.0000,normal,1.00,2025-05-30 00:00:00+00,2025-08-09 07:02:02.956467+00
3965,5c5bc271-66b8-4b72-bb5f-66a5695222df,GH1,sys_gh_rh,75.0000,normal,1.00,2025-05-31 00:00:00+00,2025-08-09 07:02:02.956467+00
3966,5c5bc271-66b8-4b72-bb5f-66a5695222df,GH1,sys_gh_rh,72.0000,normal,1.00,2025-06-01 00:00:00+00,2025-08-09 07:02:02.956467+00
3967,5c5bc271-66b8-4b72-bb5f-66a5695222df,GH1,sys_gh_rh,67.2500,normal,1.00,2025-06-02 00:00:00+00,2025-08-09 07:02:02.956467+00
3968,5c5bc271-66b8-4b72-bb5f-66a5695222df,GH1,sys_gh_rh,70.2500,normal,1.00,2025-06-03 00:00:00+00,2025-08-09 07:02:02.956467+00
3969,5c5bc271-66b8-4b72-bb5f-66a5695222df,GH1,sys_gh_rh,70.5000,normal,1.00,2025-06-04 00:00:00+00,2025-08-09 07:02:02.956467+00
3970,5c5bc271-66b8-4b72-bb5f-66a5695222df,GH1,sys_gh_rh,74.0000,normal,1.00,2025-06-05 00:00:00+00,2025-08-09 07:02:02.956467+00
3971,5c5bc271-66b8-4b72-bb5f-66a5695222df,GH1,sys_gh_rh,79.2500,normal,1.00,2025-06-06 00:00:00+00,2025-08-09 07:02:02.956467+00
3972,5c5bc271-66b8-4b72-bb5f-66a5695222df,GH1,sys_gh_rh,80.0000,normal,1.00,2025-06-07 00:00:00+00,2025-08-09 07:02:02.956467+00
3973,5c5bc271-66b8-4b72-bb5f-66a5695222df,GH1,sys_gh_rh,86.2500,normal,1.00,2025-06-08 00:00:00+00,2025-08-09 07:02:02.956467+00
3974,5c5bc271-66b8-4b72-bb5f-66a5695222df,GH1,sys_gh_rh,76.0000,normal,1.00,2025-06-09 00:00:00+00,2025-08-09 07:02:02.956467+00
3975,5c5bc271-66b8-4b72-bb5f-66a5695222df,GH1,sys_gh_rh,79.7500,normal,1.00,2025-06-10 00:00:00+00,2025-08-09 07:02:02.956467+00
3976,5c5bc271-66b8-4b72-bb5f-66a5695222df,GH1,sys_gh_rh,80.0000,normal,1.00,2025-06-11 00:00:00+00,2025-08-09 07:02:02.956467+00
3977,5c5bc271-66b8-4b72-bb5f-66a5695222df,GH1,sys_gh_rh,76.7500,normal,1.00,2025-06-12 00:00:00+00,2025-08-09 07:02:02.956467+00
3978,5c5bc271-66b8-4b72-bb5f-66a5695222df,GH1,sys_gh_rh,67.2500,normal,1.00,2025-06-13 00:00:00+00,2025-08-09 07:02:02.956467+00
3979,5c5bc271-66b8-4b72-bb5f-66a5695222df,GH1,sys_gh_rh,55.0000,normal,1.00,2025-06-14 00:00:00+00,2025-08-09 07:02:02.956467+00
3980,5c5bc271-66b8-4b72-bb5f-66a5695222df,GH1,sys_gh_rh,54.5000,normal,1.00,2025-06-15 00:00:00+00,2025-08-09 07:02:02.956467+00
3981,5c5bc271-66b8-4b72-bb5f-66a5695222df,GH1,sys_gh_rh,68.0000,normal,1.00,2025-06-16 00:00:00+00,2025-08-09 07:02:02.956467+00
3982,5c5bc271-66b8-4b72-bb5f-66a5695222df,GH1,sys_gh_rh,68.0000,normal,1.00,2025-06-17 00:00:00+00,2025-08-09 07:02:02.956467+00
3983,5c5bc271-66b8-4b72-bb5f-66a5695222df,GH1,sys_gh_rh,78.0000,normal,1.00,2025-06-18 00:00:00+00,2025-08-09 07:02:02.956467+00
3984,5c5bc271-66b8-4b72-bb5f-66a5695222df,GH1,sys_gh_rh,76.0000,normal,1.00,2025-06-19 00:00:00+00,2025-08-09 07:02:02.956467+00
3985,5c5bc271-66b8-4b72-bb5f-66a5695222df,GH1,sys_gh_rh,71.0000,normal,1.00,2025-06-20 00:00:00+00,2025-08-09 07:02:02.956467+00
3986,5c5bc271-66b8-4b72-bb5f-66a5695222df,GH1,sys_gh_rh,62.0000,normal,1.00,2025-06-21 00:00:00+00,2025-08-09 07:02:02.956467+00
3987,5c5bc271-66b8-4b72-bb5f-66a5695222df,GH1,sys_gh_rh,75.0000,normal,1.00,2025-06-22 00:00:00+00,2025-08-09 07:02:02.956467+00
3988,5c5bc271-66b8-4b72-bb5f-66a5695222df,GH1,sys_gh_rh,86.0000,normal,1.00,2025-06-23 00:00:00+00,2025-08-09 07:02:02.956467+00
3989,5c5bc271-66b8-4b72-bb5f-66a5695222df,GH1,sys_gh_rh,73.5000,normal,1.00,2025-06-24 00:00:00+00,2025-08-09 07:02:02.956467+00
3990,5c5bc271-66b8-4b72-bb5f-66a5695222df,GH1,sys_gh_rh,68.5000,normal,1.00,2025-06-25 00:00:00+00,2025-08-09 07:02:02.956467+00
3991,5c5bc271-66b8-4b72-bb5f-66a5695222df,GH1,sys_gh_rh,81.6700,normal,1.00,2025-06-26 00:00:00+00,2025-08-09 07:02:02.956467+00
3992,5c5bc271-66b8-4b72-bb5f-66a5695222df,GH1,sys_gh_rh,69.2500,normal,1.00,2025-06-27 00:00:00+00,2025-08-09 07:02:02.956467+00
3993,5c5bc271-66b8-4b72-bb5f-66a5695222df,GH1,sys_gh_rh,66.7500,normal,1.00,2025-06-28 00:00:00+00,2025-08-09 07:02:02.956467+00
3994,5c5bc271-66b8-4b72-bb5f-66a5695222df,GH1,sys_gh_rh,80.0000,normal,1.00,2025-06-29 00:00:00+00,2025-08-09 07:02:02.956467+00
3995,5c5bc271-66b8-4b72-bb5f-66a5695222df,GH1,fwater_ec,0.1503,normal,1.00,2025-04-21 00:00:00+00,2025-08-09 07:02:02.956467+00
3996,5c5bc271-66b8-4b72-bb5f-66a5695222df,GH1,fwater_ec,0.1473,normal,1.00,2025-04-22 00:00:00+00,2025-08-09 07:02:02.956467+00
3997,5c5bc271-66b8-4b72-bb5f-66a5695222df,GH1,fwater_ec,0.1488,normal,1.00,2025-04-23 00:00:00+00,2025-08-09 07:02:02.956467+00
3998,5c5bc271-66b8-4b72-bb5f-66a5695222df,GH1,fwater_ec,0.1580,normal,1.00,2025-04-24 00:00:00+00,2025-08-09 07:02:02.956467+00
3999,5c5bc271-66b8-4b72-bb5f-66a5695222df,GH1,fwater_ec,0.1550,normal,1.00,2025-04-25 00:00:00+00,2025-08-09 07:02:02.956467+00
4000,5c5bc271-66b8-4b72-bb5f-66a5695222df,GH1,fwater_ec,0.1520,normal,1.00,2025-04-26 00:00:00+00,2025-08-09 07:02:02.956467+00
4001,5c5bc271-66b8-4b72-bb5f-66a5695222df,GH1,fwater_ec,0.1525,normal,1.00,2025-04-27 00:00:00+00,2025-08-09 07:02:02.956467+00
4002,5c5bc271-66b8-4b72-bb5f-66a5695222df,GH1,fwater_ec,0.1520,normal,1.00,2025-04-28 00:00:00+00,2025-08-09 07:02:02.956467+00
4003,5c5bc271-66b8-4b72-bb5f-66a5695222df,GH1,fwater_ec,0.1525,normal,1.00,2025-04-29 00:00:00+00,2025-08-09 07:02:02.956467+00
4004,5c5bc271-66b8-4b72-bb5f-66a5695222df,GH1,fwater_ec,0.1505,normal,1.00,2025-04-30 00:00:00+00,2025-08-09 07:02:02.956467+00
4005,5c5bc271-66b8-4b72-bb5f-66a5695222df,GH1,fwater_ec,0.1475,normal,1.00,2025-05-01 00:00:00+00,2025-08-09 07:02:02.956467+00
4006,5c5bc271-66b8-4b72-bb5f-66a5695222df,GH1,fwater_ec,0.1535,normal,1.00,2025-05-02 00:00:00+00,2025-08-09 07:02:02.956467+00
4007,5c5bc271-66b8-4b72-bb5f-66a5695222df,GH1,fwater_ec,0.1568,normal,1.00,2025-05-03 00:00:00+00,2025-08-09 07:02:02.956467+00
4008,5c5bc271-66b8-4b72-bb5f-66a5695222df,GH1,fwater_ec,0.1498,normal,1.00,2025-05-04 00:00:00+00,2025-08-09 07:02:02.956467+00
4009,5c5bc271-66b8-4b72-bb5f-66a5695222df,GH1,fwater_ec,0.1538,normal,1.00,2025-05-05 00:00:00+00,2025-08-09 07:02:02.956467+00
4010,5c5bc271-66b8-4b72-bb5f-66a5695222df,GH1,fwater_ec,0.1535,normal,1.00,2025-05-06 00:00:00+00,2025-08-09 07:02:02.956467+00
4011,5c5bc271-66b8-4b72-bb5f-66a5695222df,GH1,fwater_ec,0.1563,normal,1.00,2025-05-07 00:00:00+00,2025-08-09 07:02:02.956467+00
4012,5c5bc271-66b8-4b72-bb5f-66a5695222df,GH1,fwater_ec,0.1478,normal,1.00,2025-05-08 00:00:00+00,2025-08-09 07:02:02.956467+00
4013,5c5bc271-66b8-4b72-bb5f-66a5695222df,GH1,fwater_ec,0.1585,normal,1.00,2025-05-09 00:00:00+00,2025-08-09 07:02:02.956467+00
4014,5c5bc271-66b8-4b72-bb5f-66a5695222df,GH1,fwater_ec,0.1563,normal,1.00,2025-05-10 00:00:00+00,2025-08-09 07:02:02.956467+00
4015,5c5bc271-66b8-4b72-bb5f-66a5695222df,GH1,fwater_ec,0.1520,normal,1.00,2025-05-12 00:00:00+00,2025-08-09 07:02:02.956467+00
4016,5c5bc271-66b8-4b72-bb5f-66a5695222df,GH1,fwater_ec,0.1520,normal,1.00,2025-05-13 00:00:00+00,2025-08-09 07:02:02.956467+00
4017,5c5bc271-66b8-4b72-bb5f-66a5695222df,GH1,fwater_ec,0.1480,normal,1.00,2025-05-14 00:00:00+00,2025-08-09 07:02:02.956467+00
4018,5c5bc271-66b8-4b72-bb5f-66a5695222df,GH1,fwater_ec,0.1520,normal,1.00,2025-05-15 00:00:00+00,2025-08-09 07:02:02.956467+00
4019,5c5bc271-66b8-4b72-bb5f-66a5695222df,GH1,fwater_ec,0.1500,normal,1.00,2025-05-16 00:00:00+00,2025-08-09 07:02:02.956467+00
4020,5c5bc271-66b8-4b72-bb5f-66a5695222df,GH1,fwater_ec,0.1540,normal,1.00,2025-05-17 00:00:00+00,2025-08-09 07:02:02.956467+00
4021,5c5bc271-66b8-4b72-bb5f-66a5695222df,GH1,fwater_ec,0.1450,normal,1.00,2025-05-18 00:00:00+00,2025-08-09 07:02:02.956467+00
4022,5c5bc271-66b8-4b72-bb5f-66a5695222df,GH1,fwater_ec,0.1500,normal,1.00,2025-05-19 00:00:00+00,2025-08-09 07:02:02.956467+00
4023,5c5bc271-66b8-4b72-bb5f-66a5695222df,GH1,fwater_ec,0.1575,normal,1.00,2025-05-20 00:00:00+00,2025-08-09 07:02:02.956467+00
4024,5c5bc271-66b8-4b72-bb5f-66a5695222df,GH1,fwater_ec,0.1520,normal,1.00,2025-05-21 00:00:00+00,2025-08-09 07:02:02.956467+00
4025,5c5bc271-66b8-4b72-bb5f-66a5695222df,GH1,fwater_ec,0.1530,normal,1.00,2025-05-22 00:00:00+00,2025-08-09 07:02:02.956467+00
4026,5c5bc271-66b8-4b72-bb5f-66a5695222df,GH1,fwater_ec,0.1550,normal,1.00,2025-05-23 00:00:00+00,2025-08-09 07:02:02.956467+00
4027,5c5bc271-66b8-4b72-bb5f-66a5695222df,GH1,fwater_ec,0.1550,normal,1.00,2025-05-24 00:00:00+00,2025-08-09 07:02:02.956467+00
4028,5c5bc271-66b8-4b72-bb5f-66a5695222df,GH1,fwater_ec,0.1560,normal,1.00,2025-05-25 00:00:00+00,2025-08-09 07:02:02.956467+00
4029,5c5bc271-66b8-4b72-bb5f-66a5695222df,GH1,fwater_ec,0.0006,normal,1.00,2025-05-26 00:00:00+00,2025-08-09 07:02:02.956467+00
4030,5c5bc271-66b8-4b72-bb5f-66a5695222df,GH1,fwater_ec,0.1505,normal,1.00,2025-05-27 00:00:00+00,2025-08-09 07:02:02.956467+00
4031,5c5bc271-66b8-4b72-bb5f-66a5695222df,GH1,fwater_ec,0.1543,normal,1.00,2025-05-28 00:00:00+00,2025-08-09 07:02:02.956467+00
4032,5c5bc271-66b8-4b72-bb5f-66a5695222df,GH1,fwater_ec,0.1540,normal,1.00,2025-05-29 00:00:00+00,2025-08-09 07:02:02.956467+00
4033,5c5bc271-66b8-4b72-bb5f-66a5695222df,GH1,fwater_ec,0.1510,normal,1.00,2025-05-30 00:00:00+00,2025-08-09 07:02:02.956467+00
4034,5c5bc271-66b8-4b72-bb5f-66a5695222df,GH1,fwater_ec,0.1490,normal,1.00,2025-05-31 00:00:00+00,2025-08-09 07:02:02.956467+00
4035,5c5bc271-66b8-4b72-bb5f-66a5695222df,GH1,fwater_ec,0.1520,normal,1.00,2025-06-01 00:00:00+00,2025-08-09 07:02:02.956467+00
4036,5c5bc271-66b8-4b72-bb5f-66a5695222df,GH1,fwater_ec,0.1564,normal,1.00,2025-06-02 00:00:00+00,2025-08-09 07:02:02.956467+00
4037,5c5bc271-66b8-4b72-bb5f-66a5695222df,GH1,fwater_ec,0.1603,normal,1.00,2025-06-03 00:00:00+00,2025-08-09 07:02:02.956467+00
4038,5c5bc271-66b8-4b72-bb5f-66a5695222df,GH1,fwater_ec,0.1585,normal,1.00,2025-06-04 00:00:00+00,2025-08-09 07:02:02.956467+00
4039,5c5bc271-66b8-4b72-bb5f-66a5695222df,GH1,fwater_ec,0.1598,normal,1.00,2025-06-05 00:00:00+00,2025-08-09 07:02:02.956467+00
4040,5c5bc271-66b8-4b72-bb5f-66a5695222df,GH1,fwater_ec,0.1530,normal,1.00,2025-06-06 00:00:00+00,2025-08-09 07:02:02.956467+00
4041,5c5bc271-66b8-4b72-bb5f-66a5695222df,GH1,fwater_ec,0.1540,normal,1.00,2025-06-07 00:00:00+00,2025-08-09 07:02:02.956467+00
4042,5c5bc271-66b8-4b72-bb5f-66a5695222df,GH1,fwater_ec,0.1555,normal,1.00,2025-06-08 00:00:00+00,2025-08-09 07:02:02.956467+00
4043,5c5bc271-66b8-4b72-bb5f-66a5695222df,GH1,fwater_ec,0.1563,normal,1.00,2025-06-09 00:00:00+00,2025-08-09 07:02:02.956467+00
4044,5c5bc271-66b8-4b72-bb5f-66a5695222df,GH1,fwater_ec,0.1568,normal,1.00,2025-06-10 00:00:00+00,2025-08-09 07:02:02.956467+00
4045,5c5bc271-66b8-4b72-bb5f-66a5695222df,GH1,fwater_ec,1.5050,normal,1.00,2025-06-11 00:00:00+00,2025-08-09 07:02:02.956467+00
4046,5c5bc271-66b8-4b72-bb5f-66a5695222df,GH1,fwater_ec,0.1535,normal,1.00,2025-06-12 00:00:00+00,2025-08-09 07:02:02.956467+00
4047,5c5bc271-66b8-4b72-bb5f-66a5695222df,GH1,fwater_ec,0.1580,normal,1.00,2025-06-13 00:00:00+00,2025-08-09 07:02:02.956467+00
4048,5c5bc271-66b8-4b72-bb5f-66a5695222df,GH1,fwater_ec,0.1530,normal,1.00,2025-06-14 00:00:00+00,2025-08-09 07:02:02.956467+00
4049,5c5bc271-66b8-4b72-bb5f-66a5695222df,GH1,fwater_ec,0.1683,normal,1.00,2025-06-15 00:00:00+00,2025-08-09 07:02:02.956467+00
4050,5c5bc271-66b8-4b72-bb5f-66a5695222df,GH1,fwater_ec,0.1630,normal,1.00,2025-06-16 00:00:00+00,2025-08-09 07:02:02.956467+00
4051,5c5bc271-66b8-4b72-bb5f-66a5695222df,GH1,fwater_ec,0.1640,normal,1.00,2025-06-17 00:00:00+00,2025-08-09 07:02:02.956467+00
4052,5c5bc271-66b8-4b72-bb5f-66a5695222df,GH1,fwater_ec,0.1620,normal,1.00,2025-06-18 00:00:00+00,2025-08-09 07:02:02.956467+00
4053,5c5bc271-66b8-4b72-bb5f-66a5695222df,GH1,fwater_ec,0.1610,normal,1.00,2025-06-19 00:00:00+00,2025-08-09 07:02:02.956467+00
4054,5c5bc271-66b8-4b72-bb5f-66a5695222df,GH1,fwater_ec,0.1580,normal,1.00,2025-06-20 00:00:00+00,2025-08-09 07:02:02.956467+00
4055,5c5bc271-66b8-4b72-bb5f-66a5695222df,GH1,fwater_ec,0.1620,normal,1.00,2025-06-21 00:00:00+00,2025-08-09 07:02:02.956467+00
4056,5c5bc271-66b8-4b72-bb5f-66a5695222df,GH1,fwater_ec,0.1580,normal,1.00,2025-06-22 00:00:00+00,2025-08-09 07:02:02.956467+00
4057,5c5bc271-66b8-4b72-bb5f-66a5695222df,GH1,fwater_ec,0.1588,normal,1.00,2025-06-23 00:00:00+00,2025-08-09 07:02:02.956467+00
4058,5c5bc271-66b8-4b72-bb5f-66a5695222df,GH1,fwater_ec,0.1635,normal,1.00,2025-06-24 00:00:00+00,2025-08-09 07:02:02.956467+00
4059,5c5bc271-66b8-4b72-bb5f-66a5695222df,GH1,fwater_ec,0.1605,normal,1.00,2025-06-25 00:00:00+00,2025-08-09 07:02:02.956467+00
4060,5c5bc271-66b8-4b72-bb5f-66a5695222df,GH1,fwater_ec,0.1633,normal,1.00,2025-06-26 00:00:00+00,2025-08-09 07:02:02.956467+00
4061,5c5bc271-66b8-4b72-bb5f-66a5695222df,GH1,fwater_ec,0.1633,normal,1.00,2025-06-27 00:00:00+00,2025-08-09 07:02:02.956467+00
4062,5c5bc271-66b8-4b72-bb5f-66a5695222df,GH1,fwater_ec,0.1550,normal,1.00,2025-06-28 00:00:00+00,2025-08-09 07:02:02.956467+00
4063,5c5bc271-66b8-4b72-bb5f-66a5695222df,GH1,fwater_ec,0.1598,normal,1.00,2025-06-29 00:00:00+00,2025-08-09 07:02:02.956467+00
4064,5c5bc271-66b8-4b72-bb5f-66a5695222df,GH1,fwater_ph,7.3000,normal,1.00,2025-04-21 00:00:00+00,2025-08-09 07:02:02.956467+00
4065,5c5bc271-66b8-4b72-bb5f-66a5695222df,GH1,fwater_ph,7.4500,normal,1.00,2025-04-22 00:00:00+00,2025-08-09 07:02:02.956467+00
4066,5c5bc271-66b8-4b72-bb5f-66a5695222df,GH1,fwater_ph,7.7300,normal,1.00,2025-04-23 00:00:00+00,2025-08-09 07:02:02.956467+00
4067,5c5bc271-66b8-4b72-bb5f-66a5695222df,GH1,fwater_ph,7.0000,normal,1.00,2025-04-24 00:00:00+00,2025-08-09 07:02:02.956467+00
4068,5c5bc271-66b8-4b72-bb5f-66a5695222df,GH1,fwater_ph,7.1500,normal,1.00,2025-04-25 00:00:00+00,2025-08-09 07:02:02.956467+00
4069,5c5bc271-66b8-4b72-bb5f-66a5695222df,GH1,fwater_ph,7.3800,normal,1.00,2025-04-26 00:00:00+00,2025-08-09 07:02:02.956467+00
4070,5c5bc271-66b8-4b72-bb5f-66a5695222df,GH1,fwater_ph,7.4300,normal,1.00,2025-04-27 00:00:00+00,2025-08-09 07:02:02.956467+00
4071,5c5bc271-66b8-4b72-bb5f-66a5695222df,GH1,fwater_ph,7.5000,normal,1.00,2025-04-28 00:00:00+00,2025-08-09 07:02:02.956467+00
4072,5c5bc271-66b8-4b72-bb5f-66a5695222df,GH1,fwater_ph,7.5000,normal,1.00,2025-04-29 00:00:00+00,2025-08-09 07:02:02.956467+00
4073,5c5bc271-66b8-4b72-bb5f-66a5695222df,GH1,fwater_ph,7.5000,normal,1.00,2025-04-30 00:00:00+00,2025-08-09 07:02:02.956467+00
4074,5c5bc271-66b8-4b72-bb5f-66a5695222df,GH1,fwater_ph,7.7300,normal,1.00,2025-05-01 00:00:00+00,2025-08-09 07:02:02.956467+00
4075,5c5bc271-66b8-4b72-bb5f-66a5695222df,GH1,fwater_ph,153.5000,normal,1.00,2025-05-02 00:00:00+00,2025-08-09 07:02:02.956467+00
4076,5c5bc271-66b8-4b72-bb5f-66a5695222df,GH1,fwater_ph,156.7500,normal,1.00,2025-05-03 00:00:00+00,2025-08-09 07:02:02.956467+00
4077,5c5bc271-66b8-4b72-bb5f-66a5695222df,GH1,fwater_ph,149.7500,normal,1.00,2025-05-04 00:00:00+00,2025-08-09 07:02:02.956467+00
4078,5c5bc271-66b8-4b72-bb5f-66a5695222df,GH1,fwater_ph,7.8000,normal,1.00,2025-05-05 00:00:00+00,2025-08-09 07:02:02.956467+00
4079,5c5bc271-66b8-4b72-bb5f-66a5695222df,GH1,fwater_ph,7.9000,normal,1.00,2025-05-06 00:00:00+00,2025-08-09 07:02:02.956467+00
4080,5c5bc271-66b8-4b72-bb5f-66a5695222df,GH1,fwater_ph,7.7300,normal,1.00,2025-05-07 00:00:00+00,2025-08-09 07:02:02.956467+00
4081,5c5bc271-66b8-4b72-bb5f-66a5695222df,GH1,fwater_ph,7.4300,normal,1.00,2025-05-08 00:00:00+00,2025-08-09 07:02:02.956467+00
4082,5c5bc271-66b8-4b72-bb5f-66a5695222df,GH1,fwater_ph,7.4500,normal,1.00,2025-05-09 00:00:00+00,2025-08-09 07:02:02.956467+00
4083,5c5bc271-66b8-4b72-bb5f-66a5695222df,GH1,fwater_ph,7.3500,normal,1.00,2025-05-10 00:00:00+00,2025-08-09 07:02:02.956467+00
4084,5c5bc271-66b8-4b72-bb5f-66a5695222df,GH1,fwater_ph,7.8000,normal,1.00,2025-05-12 00:00:00+00,2025-08-09 07:02:02.956467+00
4085,5c5bc271-66b8-4b72-bb5f-66a5695222df,GH1,fwater_ph,7.7000,normal,1.00,2025-05-13 00:00:00+00,2025-08-09 07:02:02.956467+00
4086,5c5bc271-66b8-4b72-bb5f-66a5695222df,GH1,fwater_ph,7.4800,normal,1.00,2025-05-14 00:00:00+00,2025-08-09 07:02:02.956467+00
4087,5c5bc271-66b8-4b72-bb5f-66a5695222df,GH1,fwater_ph,7.4000,normal,1.00,2025-05-15 00:00:00+00,2025-08-09 07:02:02.956467+00
4088,5c5bc271-66b8-4b72-bb5f-66a5695222df,GH1,fwater_ph,7.5300,normal,1.00,2025-05-16 00:00:00+00,2025-08-09 07:02:02.956467+00
4089,5c5bc271-66b8-4b72-bb5f-66a5695222df,GH1,fwater_ph,7.5500,normal,1.00,2025-05-17 00:00:00+00,2025-08-09 07:02:02.956467+00
4090,5c5bc271-66b8-4b72-bb5f-66a5695222df,GH1,fwater_ph,7.3000,normal,1.00,2025-05-18 00:00:00+00,2025-08-09 07:02:02.956467+00
4091,5c5bc271-66b8-4b72-bb5f-66a5695222df,GH1,fwater_ph,7.5500,normal,1.00,2025-05-19 00:00:00+00,2025-08-09 07:02:02.956467+00
4092,5c5bc271-66b8-4b72-bb5f-66a5695222df,GH1,fwater_ph,7.6500,normal,1.00,2025-05-20 00:00:00+00,2025-08-09 07:02:02.956467+00
4093,5c5bc271-66b8-4b72-bb5f-66a5695222df,GH1,fwater_ph,7.6800,normal,1.00,2025-05-21 00:00:00+00,2025-08-09 07:02:02.956467+00
4094,5c5bc271-66b8-4b72-bb5f-66a5695222df,GH1,fwater_ph,7.8300,normal,1.00,2025-05-22 00:00:00+00,2025-08-09 07:02:02.956467+00
4095,5c5bc271-66b8-4b72-bb5f-66a5695222df,GH1,fwater_ph,7.8500,normal,1.00,2025-05-23 00:00:00+00,2025-08-09 07:02:02.956467+00
4096,5c5bc271-66b8-4b72-bb5f-66a5695222df,GH1,fwater_ph,7.9300,normal,1.00,2025-05-24 00:00:00+00,2025-08-09 07:02:02.956467+00
4097,5c5bc271-66b8-4b72-bb5f-66a5695222df,GH1,fwater_ph,7.7800,normal,1.00,2025-05-25 00:00:00+00,2025-08-09 07:02:02.956467+00
4098,5c5bc271-66b8-4b72-bb5f-66a5695222df,GH1,fwater_ph,7.7500,normal,1.00,2025-05-26 00:00:00+00,2025-08-09 07:02:02.956467+00
4099,5c5bc271-66b8-4b72-bb5f-66a5695222df,GH1,fwater_ph,7.8000,normal,1.00,2025-05-27 00:00:00+00,2025-08-09 07:02:02.956467+00
4100,5c5bc271-66b8-4b72-bb5f-66a5695222df,GH1,fwater_ph,7.6000,normal,1.00,2025-05-28 00:00:00+00,2025-08-09 07:02:02.956467+00
4101,5c5bc271-66b8-4b72-bb5f-66a5695222df,GH1,fwater_ph,7.6000,normal,1.00,2025-05-29 00:00:00+00,2025-08-09 07:02:02.956467+00
4102,5c5bc271-66b8-4b72-bb5f-66a5695222df,GH1,fwater_ph,7.5000,normal,1.00,2025-05-30 00:00:00+00,2025-08-09 07:02:02.956467+00
4103,5c5bc271-66b8-4b72-bb5f-66a5695222df,GH1,fwater_ph,7.5000,normal,1.00,2025-05-31 00:00:00+00,2025-08-09 07:02:02.956467+00
4104,5c5bc271-66b8-4b72-bb5f-66a5695222df,GH1,fwater_ph,7.3000,normal,1.00,2025-06-01 00:00:00+00,2025-08-09 07:02:02.956467+00
4105,5c5bc271-66b8-4b72-bb5f-66a5695222df,GH1,fwater_ph,7.4800,normal,1.00,2025-06-02 00:00:00+00,2025-08-09 07:02:02.956467+00
4106,5c5bc271-66b8-4b72-bb5f-66a5695222df,GH1,fwater_ph,7.4000,normal,1.00,2025-06-03 00:00:00+00,2025-08-09 07:02:02.956467+00
4107,5c5bc271-66b8-4b72-bb5f-66a5695222df,GH1,fwater_ph,7.3500,normal,1.00,2025-06-04 00:00:00+00,2025-08-09 07:02:02.956467+00
4108,5c5bc271-66b8-4b72-bb5f-66a5695222df,GH1,fwater_ph,7.4500,normal,1.00,2025-06-05 00:00:00+00,2025-08-09 07:02:02.956467+00
4109,5c5bc271-66b8-4b72-bb5f-66a5695222df,GH1,fwater_ph,7.6000,normal,1.00,2025-06-06 00:00:00+00,2025-08-09 07:02:02.956467+00
4110,5c5bc271-66b8-4b72-bb5f-66a5695222df,GH1,fwater_ph,7.7750,normal,1.00,2025-06-07 00:00:00+00,2025-08-09 07:02:02.956467+00
4111,5c5bc271-66b8-4b72-bb5f-66a5695222df,GH1,fwater_ph,7.7300,normal,1.00,2025-06-08 00:00:00+00,2025-08-09 07:02:02.956467+00
4112,5c5bc271-66b8-4b72-bb5f-66a5695222df,GH1,fwater_ph,7.5000,normal,1.00,2025-06-09 00:00:00+00,2025-08-09 07:02:02.956467+00
4113,5c5bc271-66b8-4b72-bb5f-66a5695222df,GH1,fwater_ph,7.4500,normal,1.00,2025-06-10 00:00:00+00,2025-08-09 07:02:02.956467+00
4114,5c5bc271-66b8-4b72-bb5f-66a5695222df,GH1,fwater_ph,7.4000,normal,1.00,2025-06-11 00:00:00+00,2025-08-09 07:02:02.956467+00
4115,5c5bc271-66b8-4b72-bb5f-66a5695222df,GH1,fwater_ph,7.3800,normal,1.00,2025-06-12 00:00:00+00,2025-08-09 07:02:02.956467+00
4116,5c5bc271-66b8-4b72-bb5f-66a5695222df,GH1,fwater_ph,7.3500,normal,1.00,2025-06-13 00:00:00+00,2025-08-09 07:02:02.956467+00
4117,5c5bc271-66b8-4b72-bb5f-66a5695222df,GH1,fwater_ph,7.4300,normal,1.00,2025-06-14 00:00:00+00,2025-08-09 07:02:02.956467+00
4118,5c5bc271-66b8-4b72-bb5f-66a5695222df,GH1,fwater_ph,7.1300,normal,1.00,2025-06-15 00:00:00+00,2025-08-09 07:02:02.956467+00
4119,5c5bc271-66b8-4b72-bb5f-66a5695222df,GH1,fwater_ph,7.1500,normal,1.00,2025-06-16 00:00:00+00,2025-08-09 07:02:02.956467+00
4120,5c5bc271-66b8-4b72-bb5f-66a5695222df,GH1,fwater_ph,7.1500,normal,1.00,2025-06-17 00:00:00+00,2025-08-09 07:02:02.956467+00
4121,5c5bc271-66b8-4b72-bb5f-66a5695222df,GH1,fwater_ph,7.1800,normal,1.00,2025-06-18 00:00:00+00,2025-08-09 07:02:02.956467+00
4122,5c5bc271-66b8-4b72-bb5f-66a5695222df,GH1,fwater_ph,7.2800,normal,1.00,2025-06-19 00:00:00+00,2025-08-09 07:02:02.956467+00
4123,5c5bc271-66b8-4b72-bb5f-66a5695222df,GH1,fwater_ph,7.2300,normal,1.00,2025-06-20 00:00:00+00,2025-08-09 07:02:02.956467+00
4124,5c5bc271-66b8-4b72-bb5f-66a5695222df,GH1,fwater_ph,7.2800,normal,1.00,2025-06-21 00:00:00+00,2025-08-09 07:02:02.956467+00
4125,5c5bc271-66b8-4b72-bb5f-66a5695222df,GH1,fwater_ph,7.2000,normal,1.00,2025-06-22 00:00:00+00,2025-08-09 07:02:02.956467+00
4126,5c5bc271-66b8-4b72-bb5f-66a5695222df,GH1,fwater_ph,7.3000,normal,1.00,2025-06-23 00:00:00+00,2025-08-09 07:02:02.956467+00
4127,5c5bc271-66b8-4b72-bb5f-66a5695222df,GH1,fwater_ph,7.2000,normal,1.00,2025-06-24 00:00:00+00,2025-08-09 07:02:02.956467+00
4128,5c5bc271-66b8-4b72-bb5f-66a5695222df,GH1,fwater_ph,7.3000,normal,1.00,2025-06-25 00:00:00+00,2025-08-09 07:02:02.956467+00
4129,5c5bc271-66b8-4b72-bb5f-66a5695222df,GH1,fwater_ph,7.1000,normal,1.00,2025-06-26 00:00:00+00,2025-08-09 07:02:02.956467+00
4130,5c5bc271-66b8-4b72-bb5f-66a5695222df,GH1,fwater_ph,7.4000,normal,1.00,2025-06-27 00:00:00+00,2025-08-09 07:02:02.956467+00
4131,5c5bc271-66b8-4b72-bb5f-66a5695222df,GH1,fwater_ph,7.4000,normal,1.00,2025-06-28 00:00:00+00,2025-08-09 07:02:02.956467+00
4132,5c5bc271-66b8-4b72-bb5f-66a5695222df,GH1,fwater_ph,7.4000,normal,1.00,2025-06-29 00:00:00+00,2025-08-09 07:02:02.956467+00
4133,5c5bc271-66b8-4b72-bb5f-66a5695222df,GH1,fwater_temp,30.8800,normal,1.00,2025-04-21 00:00:00+00,2025-08-09 07:02:02.956467+00
4134,5c5bc271-66b8-4b72-bb5f-66a5695222df,GH1,fwater_temp,31.4800,normal,1.00,2025-04-22 00:00:00+00,2025-08-09 07:02:02.956467+00
4135,5c5bc271-66b8-4b72-bb5f-66a5695222df,GH1,fwater_temp,31.3800,normal,1.00,2025-04-23 00:00:00+00,2025-08-09 07:02:02.956467+00
4136,5c5bc271-66b8-4b72-bb5f-66a5695222df,GH1,fwater_temp,31.6300,normal,1.00,2025-04-24 00:00:00+00,2025-08-09 07:02:02.956467+00
4137,5c5bc271-66b8-4b72-bb5f-66a5695222df,GH1,fwater_temp,31.3800,normal,1.00,2025-04-25 00:00:00+00,2025-08-09 07:02:02.956467+00
4138,5c5bc271-66b8-4b72-bb5f-66a5695222df,GH1,fwater_temp,35.2000,normal,1.00,2025-04-26 00:00:00+00,2025-08-09 07:02:02.956467+00
4139,5c5bc271-66b8-4b72-bb5f-66a5695222df,GH1,fwater_temp,32.2500,normal,1.00,2025-04-27 00:00:00+00,2025-08-09 07:02:02.956467+00
4140,5c5bc271-66b8-4b72-bb5f-66a5695222df,GH1,fwater_temp,7.5000,normal,1.00,2025-04-28 00:00:00+00,2025-08-09 07:02:02.956467+00
4141,5c5bc271-66b8-4b72-bb5f-66a5695222df,GH1,fwater_temp,7.5000,normal,1.00,2025-04-29 00:00:00+00,2025-08-09 07:02:02.956467+00
4142,5c5bc271-66b8-4b72-bb5f-66a5695222df,GH1,fwater_temp,7.5000,normal,1.00,2025-04-30 00:00:00+00,2025-08-09 07:02:02.956467+00
4143,5c5bc271-66b8-4b72-bb5f-66a5695222df,GH1,fwater_temp,7.7300,normal,1.00,2025-05-01 00:00:00+00,2025-08-09 07:02:02.956467+00
4144,5c5bc271-66b8-4b72-bb5f-66a5695222df,GH1,fwater_temp,7.7500,normal,1.00,2025-05-02 00:00:00+00,2025-08-09 07:02:02.956467+00
4145,5c5bc271-66b8-4b72-bb5f-66a5695222df,GH1,fwater_temp,7.6000,normal,1.00,2025-05-03 00:00:00+00,2025-08-09 07:02:02.956467+00
4146,5c5bc271-66b8-4b72-bb5f-66a5695222df,GH1,fwater_temp,7.7000,normal,1.00,2025-05-04 00:00:00+00,2025-08-09 07:02:02.956467+00
4147,5c5bc271-66b8-4b72-bb5f-66a5695222df,GH1,fwater_temp,31.7500,normal,1.00,2025-05-05 00:00:00+00,2025-08-09 07:02:02.956467+00
4148,5c5bc271-66b8-4b72-bb5f-66a5695222df,GH1,fwater_temp,31.3300,normal,1.00,2025-05-06 00:00:00+00,2025-08-09 07:02:02.956467+00
4149,5c5bc271-66b8-4b72-bb5f-66a5695222df,GH1,fwater_temp,30.4800,normal,1.00,2025-05-07 00:00:00+00,2025-08-09 07:02:02.956467+00
4150,5c5bc271-66b8-4b72-bb5f-66a5695222df,GH1,fwater_temp,30.9500,normal,1.00,2025-05-08 00:00:00+00,2025-08-09 07:02:02.956467+00
4151,5c5bc271-66b8-4b72-bb5f-66a5695222df,GH1,fwater_temp,32.6800,normal,1.00,2025-05-09 00:00:00+00,2025-08-09 07:02:02.956467+00
4152,5c5bc271-66b8-4b72-bb5f-66a5695222df,GH1,fwater_temp,35.0800,normal,1.00,2025-05-10 00:00:00+00,2025-08-09 07:02:02.956467+00
4153,5c5bc271-66b8-4b72-bb5f-66a5695222df,GH1,fwater_temp,32.0000,normal,1.00,2025-05-11 00:00:00+00,2025-08-09 07:02:02.956467+00
4154,5c5bc271-66b8-4b72-bb5f-66a5695222df,GH1,fwater_temp,32.4800,normal,1.00,2025-05-12 00:00:00+00,2025-08-09 07:02:02.956467+00
4155,5c5bc271-66b8-4b72-bb5f-66a5695222df,GH1,fwater_temp,31.4000,normal,1.00,2025-05-13 00:00:00+00,2025-08-09 07:02:02.956467+00
4156,5c5bc271-66b8-4b72-bb5f-66a5695222df,GH1,fwater_temp,34.3000,normal,1.00,2025-05-14 00:00:00+00,2025-08-09 07:02:02.956467+00
4157,5c5bc271-66b8-4b72-bb5f-66a5695222df,GH1,fwater_temp,33.9000,normal,1.00,2025-05-15 00:00:00+00,2025-08-09 07:02:02.956467+00
4158,5c5bc271-66b8-4b72-bb5f-66a5695222df,GH1,fwater_temp,32.8300,normal,1.00,2025-05-16 00:00:00+00,2025-08-09 07:02:02.956467+00
4159,5c5bc271-66b8-4b72-bb5f-66a5695222df,GH1,fwater_temp,36.0800,normal,1.00,2025-05-17 00:00:00+00,2025-08-09 07:02:02.956467+00
4160,5c5bc271-66b8-4b72-bb5f-66a5695222df,GH1,fwater_temp,36.0000,normal,1.00,2025-05-18 00:00:00+00,2025-08-09 07:02:02.956467+00
4161,5c5bc271-66b8-4b72-bb5f-66a5695222df,GH1,fwater_temp,34.8500,normal,1.00,2025-05-19 00:00:00+00,2025-08-09 07:02:02.956467+00
4162,5c5bc271-66b8-4b72-bb5f-66a5695222df,GH1,fwater_temp,33.3300,normal,1.00,2025-05-20 00:00:00+00,2025-08-09 07:02:02.956467+00
4163,5c5bc271-66b8-4b72-bb5f-66a5695222df,GH1,fwater_temp,33.6000,normal,1.00,2025-05-21 00:00:00+00,2025-08-09 07:02:02.956467+00
4164,5c5bc271-66b8-4b72-bb5f-66a5695222df,GH1,fwater_temp,34.2300,normal,1.00,2025-05-22 00:00:00+00,2025-08-09 07:02:02.956467+00
4165,5c5bc271-66b8-4b72-bb5f-66a5695222df,GH1,fwater_temp,34.3000,normal,1.00,2025-05-23 00:00:00+00,2025-08-09 07:02:02.956467+00
4166,5c5bc271-66b8-4b72-bb5f-66a5695222df,GH1,fwater_temp,34.5300,normal,1.00,2025-05-24 00:00:00+00,2025-08-09 07:02:02.956467+00
4167,5c5bc271-66b8-4b72-bb5f-66a5695222df,GH1,fwater_temp,34.8500,normal,1.00,2025-05-25 00:00:00+00,2025-08-09 07:02:02.956467+00
4168,5c5bc271-66b8-4b72-bb5f-66a5695222df,GH1,fwater_temp,33.8500,normal,1.00,2025-05-26 00:00:00+00,2025-08-09 07:02:02.956467+00
4169,5c5bc271-66b8-4b72-bb5f-66a5695222df,GH1,fwater_temp,33.0800,normal,1.00,2025-05-27 00:00:00+00,2025-08-09 07:02:02.956467+00
4170,5c5bc271-66b8-4b72-bb5f-66a5695222df,GH1,fwater_temp,32.2500,normal,1.00,2025-05-28 00:00:00+00,2025-08-09 07:02:02.956467+00
4171,5c5bc271-66b8-4b72-bb5f-66a5695222df,GH1,fwater_temp,31.2300,normal,1.00,2025-05-29 00:00:00+00,2025-08-09 07:02:02.956467+00
4172,5c5bc271-66b8-4b72-bb5f-66a5695222df,GH1,fwater_temp,29.0000,normal,1.00,2025-05-30 00:00:00+00,2025-08-09 07:02:02.956467+00
4173,5c5bc271-66b8-4b72-bb5f-66a5695222df,GH1,fwater_temp,30.3000,normal,1.00,2025-05-31 00:00:00+00,2025-08-09 07:02:02.956467+00
4174,5c5bc271-66b8-4b72-bb5f-66a5695222df,GH1,fwater_temp,34.0000,normal,1.00,2025-06-01 00:00:00+00,2025-08-09 07:02:02.956467+00
4175,5c5bc271-66b8-4b72-bb5f-66a5695222df,GH1,fwater_temp,30.7000,normal,1.00,2025-06-02 00:00:00+00,2025-08-09 07:02:02.956467+00
4176,5c5bc271-66b8-4b72-bb5f-66a5695222df,GH1,fwater_temp,32.3500,normal,1.00,2025-06-03 00:00:00+00,2025-08-09 07:02:02.956467+00
4177,5c5bc271-66b8-4b72-bb5f-66a5695222df,GH1,fwater_temp,32.2300,normal,1.00,2025-06-04 00:00:00+00,2025-08-09 07:02:02.956467+00
4178,5c5bc271-66b8-4b72-bb5f-66a5695222df,GH1,fwater_temp,30.9000,normal,1.00,2025-06-05 00:00:00+00,2025-08-09 07:02:02.956467+00
4179,5c5bc271-66b8-4b72-bb5f-66a5695222df,GH1,fwater_temp,28.9000,normal,1.00,2025-06-06 00:00:00+00,2025-08-09 07:02:02.956467+00
4180,5c5bc271-66b8-4b72-bb5f-66a5695222df,GH1,fwater_temp,29.2500,normal,1.00,2025-06-07 00:00:00+00,2025-08-09 07:02:02.956467+00
4181,5c5bc271-66b8-4b72-bb5f-66a5695222df,GH1,fwater_temp,30.1300,normal,1.00,2025-06-08 00:00:00+00,2025-08-09 07:02:02.956467+00
4182,5c5bc271-66b8-4b72-bb5f-66a5695222df,GH1,fwater_temp,29.4300,normal,1.00,2025-06-09 00:00:00+00,2025-08-09 07:02:02.956467+00
4183,5c5bc271-66b8-4b72-bb5f-66a5695222df,GH1,fwater_temp,29.9800,normal,1.00,2025-06-10 00:00:00+00,2025-08-09 07:02:02.956467+00
4184,5c5bc271-66b8-4b72-bb5f-66a5695222df,GH1,fwater_temp,28.8000,normal,1.00,2025-06-11 00:00:00+00,2025-08-09 07:02:02.956467+00
4185,5c5bc271-66b8-4b72-bb5f-66a5695222df,GH1,fwater_temp,29.5500,normal,1.00,2025-06-12 00:00:00+00,2025-08-09 07:02:02.956467+00
4186,5c5bc271-66b8-4b72-bb5f-66a5695222df,GH1,fwater_temp,31.8500,normal,1.00,2025-06-13 00:00:00+00,2025-08-09 07:02:02.956467+00
4187,5c5bc271-66b8-4b72-bb5f-66a5695222df,GH1,fwater_temp,33.3800,normal,1.00,2025-06-14 00:00:00+00,2025-08-09 07:02:02.956467+00
4188,5c5bc271-66b8-4b72-bb5f-66a5695222df,GH1,fwater_temp,33.6500,normal,1.00,2025-06-15 00:00:00+00,2025-08-09 07:02:02.956467+00
4189,5c5bc271-66b8-4b72-bb5f-66a5695222df,GH1,fwater_temp,32.0000,normal,1.00,2025-06-16 00:00:00+00,2025-08-09 07:02:02.956467+00
4190,5c5bc271-66b8-4b72-bb5f-66a5695222df,GH1,fwater_temp,32.3000,normal,1.00,2025-06-17 00:00:00+00,2025-08-09 07:02:02.956467+00
4191,5c5bc271-66b8-4b72-bb5f-66a5695222df,GH1,fwater_temp,29.1500,normal,1.00,2025-06-18 00:00:00+00,2025-08-09 07:02:02.956467+00
4192,5c5bc271-66b8-4b72-bb5f-66a5695222df,GH1,fwater_temp,29.4000,normal,1.00,2025-06-19 00:00:00+00,2025-08-09 07:02:02.956467+00
4193,5c5bc271-66b8-4b72-bb5f-66a5695222df,GH1,fwater_temp,30.8800,normal,1.00,2025-06-20 00:00:00+00,2025-08-09 07:02:02.956467+00
4194,5c5bc271-66b8-4b72-bb5f-66a5695222df,GH1,fwater_temp,28.0000,normal,1.00,2025-06-21 00:00:00+00,2025-08-09 07:02:02.956467+00
4195,5c5bc271-66b8-4b72-bb5f-66a5695222df,GH1,fwater_temp,28.0000,normal,1.00,2025-06-22 00:00:00+00,2025-08-09 07:02:02.956467+00
4196,5c5bc271-66b8-4b72-bb5f-66a5695222df,GH1,fwater_temp,26.7000,normal,1.00,2025-06-23 00:00:00+00,2025-08-09 07:02:02.956467+00
4197,5c5bc271-66b8-4b72-bb5f-66a5695222df,GH1,fwater_temp,28.5000,normal,1.00,2025-06-24 00:00:00+00,2025-08-09 07:02:02.956467+00
4198,5c5bc271-66b8-4b72-bb5f-66a5695222df,GH1,fwater_temp,30.0000,normal,1.00,2025-06-25 00:00:00+00,2025-08-09 07:02:02.956467+00
4199,5c5bc271-66b8-4b72-bb5f-66a5695222df,GH1,fwater_temp,27.1000,normal,1.00,2025-06-26 00:00:00+00,2025-08-09 07:02:02.956467+00
4200,5c5bc271-66b8-4b72-bb5f-66a5695222df,GH1,fwater_temp,29.5000,normal,1.00,2025-06-27 00:00:00+00,2025-08-09 07:02:02.956467+00
4201,5c5bc271-66b8-4b72-bb5f-66a5695222df,GH1,fwater_temp,29.9000,normal,1.00,2025-06-28 00:00:00+00,2025-08-09 07:02:02.956467+00
4202,5c5bc271-66b8-4b72-bb5f-66a5695222df,GH1,fwater_temp,27.8000,normal,1.00,2025-06-29 00:00:00+00,2025-08-09 07:02:02.956467+00
4203,5c5bc271-66b8-4b72-bb5f-66a5695222df,GH3,sys_ec,0.1510,normal,1.00,2024-12-30 00:00:00+00,2025-08-09 07:02:02.956467+00
4204,5c5bc271-66b8-4b72-bb5f-66a5695222df,GH3,sys_ec,0.1540,normal,1.00,2024-12-31 00:00:00+00,2025-08-09 07:02:02.956467+00
4205,5c5bc271-66b8-4b72-bb5f-66a5695222df,GH3,sys_ec,0.1520,normal,1.00,2025-01-01 00:00:00+00,2025-08-09 07:02:02.956467+00
4206,5c5bc271-66b8-4b72-bb5f-66a5695222df,GH3,sys_ec,0.1590,normal,1.00,2025-01-02 00:00:00+00,2025-08-09 07:02:02.956467+00
4207,5c5bc271-66b8-4b72-bb5f-66a5695222df,GH3,sys_ec,0.1520,normal,1.00,2025-01-03 00:00:00+00,2025-08-09 07:02:02.956467+00
4208,5c5bc271-66b8-4b72-bb5f-66a5695222df,GH3,sys_ec,0.1490,normal,1.00,2025-01-04 00:00:00+00,2025-08-09 07:02:02.956467+00
4209,5c5bc271-66b8-4b72-bb5f-66a5695222df,GH3,sys_ec,1.6340,normal,1.00,2025-01-06 00:00:00+00,2025-08-09 07:02:02.956467+00
4210,5c5bc271-66b8-4b72-bb5f-66a5695222df,GH3,sys_ec,1.5840,normal,1.00,2025-01-07 00:00:00+00,2025-08-09 07:02:02.956467+00
4211,5c5bc271-66b8-4b72-bb5f-66a5695222df,GH3,sys_ec,1.6020,normal,1.00,2025-01-08 00:00:00+00,2025-08-09 07:02:02.956467+00
4212,5c5bc271-66b8-4b72-bb5f-66a5695222df,GH3,sys_ec,1.6720,normal,1.00,2025-01-09 00:00:00+00,2025-08-09 07:02:02.956467+00
4213,5c5bc271-66b8-4b72-bb5f-66a5695222df,GH3,sys_ec,1.6380,normal,1.00,2025-01-10 00:00:00+00,2025-08-09 07:02:02.956467+00
4214,5c5bc271-66b8-4b72-bb5f-66a5695222df,GH3,sys_ec,0.1650,normal,1.00,2025-01-11 00:00:00+00,2025-08-09 07:02:02.956467+00
4215,5c5bc271-66b8-4b72-bb5f-66a5695222df,GH3,sys_ec,0.1540,normal,1.00,2025-01-12 00:00:00+00,2025-08-09 07:02:02.956467+00
4216,5c5bc271-66b8-4b72-bb5f-66a5695222df,GH3,sys_ec,0.1530,normal,1.00,2025-01-13 00:00:00+00,2025-08-09 07:02:02.956467+00
4217,5c5bc271-66b8-4b72-bb5f-66a5695222df,GH3,sys_ec,0.1490,normal,1.00,2025-01-14 00:00:00+00,2025-08-09 07:02:02.956467+00
4218,5c5bc271-66b8-4b72-bb5f-66a5695222df,GH3,sys_ec,0.1520,normal,1.00,2025-01-15 00:00:00+00,2025-08-09 07:02:02.956467+00
4219,5c5bc271-66b8-4b72-bb5f-66a5695222df,GH3,sys_ec,0.1520,normal,1.00,2025-01-16 00:00:00+00,2025-08-09 07:02:02.956467+00
4220,5c5bc271-66b8-4b72-bb5f-66a5695222df,GH3,sys_ec,0.1530,normal,1.00,2025-01-17 00:00:00+00,2025-08-09 07:02:02.956467+00
4221,5c5bc271-66b8-4b72-bb5f-66a5695222df,GH3,sys_ec,0.1520,normal,1.00,2025-01-18 00:00:00+00,2025-08-09 07:02:02.956467+00
4222,5c5bc271-66b8-4b72-bb5f-66a5695222df,GH3,sys_ec,0.1600,normal,1.00,2025-01-19 00:00:00+00,2025-08-09 07:02:02.956467+00
4223,5c5bc271-66b8-4b72-bb5f-66a5695222df,GH3,sys_ec,0.1490,normal,1.00,2025-01-20 00:00:00+00,2025-08-09 07:02:02.956467+00
4224,5c5bc271-66b8-4b72-bb5f-66a5695222df,GH3,sys_ec,0.1410,normal,1.00,2025-01-21 00:00:00+00,2025-08-09 07:02:02.956467+00
4225,5c5bc271-66b8-4b72-bb5f-66a5695222df,GH3,sys_ec,0.1420,normal,1.00,2025-01-22 00:00:00+00,2025-08-09 07:02:02.956467+00
4226,5c5bc271-66b8-4b72-bb5f-66a5695222df,GH3,sys_ec,0.1400,normal,1.00,2025-01-23 00:00:00+00,2025-08-09 07:02:02.956467+00
4227,5c5bc271-66b8-4b72-bb5f-66a5695222df,GH3,sys_ec,0.1390,normal,1.00,2025-01-24 00:00:00+00,2025-08-09 07:02:02.956467+00
4228,5c5bc271-66b8-4b72-bb5f-66a5695222df,GH3,sys_ec,1.4000,normal,1.00,2025-01-27 00:00:00+00,2025-08-09 07:02:02.956467+00
4229,5c5bc271-66b8-4b72-bb5f-66a5695222df,GH3,sys_ec,1.4600,normal,1.00,2025-01-28 00:00:00+00,2025-08-09 07:02:02.956467+00
4230,5c5bc271-66b8-4b72-bb5f-66a5695222df,GH3,sys_ec,1.4100,normal,1.00,2025-01-29 00:00:00+00,2025-08-09 07:02:02.956467+00
4231,5c5bc271-66b8-4b72-bb5f-66a5695222df,GH3,sys_ec,1.3100,normal,1.00,2025-01-30 00:00:00+00,2025-08-09 07:02:02.956467+00
4232,5c5bc271-66b8-4b72-bb5f-66a5695222df,GH3,sys_ec,1.2600,normal,1.00,2025-01-31 00:00:00+00,2025-08-09 07:02:02.956467+00
4233,5c5bc271-66b8-4b72-bb5f-66a5695222df,GH3,sys_ec,1.2000,normal,1.00,2025-02-01 00:00:00+00,2025-08-09 07:02:02.956467+00
4234,5c5bc271-66b8-4b72-bb5f-66a5695222df,GH3,sys_ec,1.0000,normal,1.00,2025-02-02 00:00:00+00,2025-08-09 07:02:02.956467+00
4235,5c5bc271-66b8-4b72-bb5f-66a5695222df,GH3,sys_ec,1.2200,normal,1.00,2025-02-03 00:00:00+00,2025-08-09 07:02:02.956467+00
4236,5c5bc271-66b8-4b72-bb5f-66a5695222df,GH3,sys_ec,1.1900,normal,1.00,2025-02-04 00:00:00+00,2025-08-09 07:02:02.956467+00
4237,5c5bc271-66b8-4b72-bb5f-66a5695222df,GH3,sys_ec,1.1700,normal,1.00,2025-02-05 00:00:00+00,2025-08-09 07:02:02.956467+00
4238,5c5bc271-66b8-4b72-bb5f-66a5695222df,GH3,sys_ec,1.1800,normal,1.00,2025-02-06 00:00:00+00,2025-08-09 07:02:02.956467+00
4239,5c5bc271-66b8-4b72-bb5f-66a5695222df,GH3,sys_ec,1.2400,normal,1.00,2025-02-07 00:00:00+00,2025-08-09 07:02:02.956467+00
4240,5c5bc271-66b8-4b72-bb5f-66a5695222df,GH3,sys_ec,1.3900,normal,1.00,2025-02-08 00:00:00+00,2025-08-09 07:02:02.956467+00
4241,5c5bc271-66b8-4b72-bb5f-66a5695222df,GH3,sys_ec,1.3300,normal,1.00,2025-02-10 00:00:00+00,2025-08-09 07:02:02.956467+00
4242,5c5bc271-66b8-4b72-bb5f-66a5695222df,GH3,sys_ec,1.2500,normal,1.00,2025-02-11 00:00:00+00,2025-08-09 07:02:02.956467+00
4243,5c5bc271-66b8-4b72-bb5f-66a5695222df,GH3,sys_ec,1.2900,normal,1.00,2025-02-12 00:00:00+00,2025-08-09 07:02:02.956467+00
4244,5c5bc271-66b8-4b72-bb5f-66a5695222df,GH3,sys_ec,1.3700,normal,1.00,2025-02-13 00:00:00+00,2025-08-09 07:02:02.956467+00
4245,5c5bc271-66b8-4b72-bb5f-66a5695222df,GH3,sys_ec,1.3100,normal,1.00,2025-02-14 00:00:00+00,2025-08-09 07:02:02.956467+00
4246,5c5bc271-66b8-4b72-bb5f-66a5695222df,GH3,sys_ec,1.2700,normal,1.00,2025-02-15 00:00:00+00,2025-08-09 07:02:02.956467+00
4247,5c5bc271-66b8-4b72-bb5f-66a5695222df,GH3,sys_ec,1.3700,normal,1.00,2025-02-17 00:00:00+00,2025-08-09 07:02:02.956467+00
4248,5c5bc271-66b8-4b72-bb5f-66a5695222df,GH3,sys_ec,1.4700,normal,1.00,2025-02-18 00:00:00+00,2025-08-09 07:02:02.956467+00
4249,5c5bc271-66b8-4b72-bb5f-66a5695222df,GH3,sys_ec,1.4900,normal,1.00,2025-02-19 00:00:00+00,2025-08-09 07:02:02.956467+00
4250,5c5bc271-66b8-4b72-bb5f-66a5695222df,GH3,sys_ec,1.4100,normal,1.00,2025-02-20 00:00:00+00,2025-08-09 07:02:02.956467+00
4251,5c5bc271-66b8-4b72-bb5f-66a5695222df,GH3,sys_ec,1.3700,normal,1.00,2025-02-21 00:00:00+00,2025-08-09 07:02:02.956467+00
4252,5c5bc271-66b8-4b72-bb5f-66a5695222df,GH3,sys_ec,1.4000,normal,1.00,2025-02-22 00:00:00+00,2025-08-09 07:02:02.956467+00
4253,5c5bc271-66b8-4b72-bb5f-66a5695222df,GH3,sys_ec,1.3900,normal,1.00,2025-02-24 00:00:00+00,2025-08-09 07:02:02.956467+00
4254,5c5bc271-66b8-4b72-bb5f-66a5695222df,GH3,sys_ec,1.3900,normal,1.00,2025-02-25 00:00:00+00,2025-08-09 07:02:02.956467+00
4255,5c5bc271-66b8-4b72-bb5f-66a5695222df,GH3,sys_ec,1.4000,normal,1.00,2025-02-26 00:00:00+00,2025-08-09 07:02:02.956467+00
4256,5c5bc271-66b8-4b72-bb5f-66a5695222df,GH3,sys_ec,1.4200,normal,1.00,2025-02-27 00:00:00+00,2025-08-09 07:02:02.956467+00
4257,5c5bc271-66b8-4b72-bb5f-66a5695222df,GH3,sys_ec,1.4200,normal,1.00,2025-02-28 00:00:00+00,2025-08-09 07:02:02.956467+00
4258,5c5bc271-66b8-4b72-bb5f-66a5695222df,GH3,sys_ec,1.3500,normal,1.00,2025-03-01 00:00:00+00,2025-08-09 07:02:02.956467+00
4259,5c5bc271-66b8-4b72-bb5f-66a5695222df,GH3,sys_ec,1.3900,normal,1.00,2025-03-02 00:00:00+00,2025-08-09 07:02:02.956467+00
4260,5c5bc271-66b8-4b72-bb5f-66a5695222df,GH3,sys_ec,1.2700,normal,1.00,2025-03-03 00:00:00+00,2025-08-09 07:02:02.956467+00
4261,5c5bc271-66b8-4b72-bb5f-66a5695222df,GH3,sys_ec,1.2500,normal,1.00,2025-03-04 00:00:00+00,2025-08-09 07:02:02.956467+00
4262,5c5bc271-66b8-4b72-bb5f-66a5695222df,GH3,sys_ec,1.2900,normal,1.00,2025-03-05 00:00:00+00,2025-08-09 07:02:02.956467+00
4263,5c5bc271-66b8-4b72-bb5f-66a5695222df,GH3,sys_ec,1.2200,normal,1.00,2025-03-06 00:00:00+00,2025-08-09 07:02:02.956467+00
4264,5c5bc271-66b8-4b72-bb5f-66a5695222df,GH3,sys_ec,1.3300,normal,1.00,2025-03-07 00:00:00+00,2025-08-09 07:02:02.956467+00
4265,5c5bc271-66b8-4b72-bb5f-66a5695222df,GH3,sys_ec,1.2500,normal,1.00,2025-03-08 00:00:00+00,2025-08-09 07:02:02.956467+00
4266,5c5bc271-66b8-4b72-bb5f-66a5695222df,GH3,sys_ec,1.2000,normal,1.00,2025-03-09 00:00:00+00,2025-08-09 07:02:02.956467+00
4267,5c5bc271-66b8-4b72-bb5f-66a5695222df,GH3,sys_ec,1.4000,normal,1.00,2025-03-10 00:00:00+00,2025-08-09 07:02:02.956467+00
4268,5c5bc271-66b8-4b72-bb5f-66a5695222df,GH3,sys_ec,1.4000,normal,1.00,2025-03-11 00:00:00+00,2025-08-09 07:02:02.956467+00
4269,5c5bc271-66b8-4b72-bb5f-66a5695222df,GH3,sys_ec,1.4000,normal,1.00,2025-03-12 00:00:00+00,2025-08-09 07:02:02.956467+00
4270,5c5bc271-66b8-4b72-bb5f-66a5695222df,GH3,sys_ec,1.4300,normal,1.00,2025-03-13 00:00:00+00,2025-08-09 07:02:02.956467+00
4271,5c5bc271-66b8-4b72-bb5f-66a5695222df,GH3,sys_ec,1.4200,normal,1.00,2025-03-14 00:00:00+00,2025-08-09 07:02:02.956467+00
4272,5c5bc271-66b8-4b72-bb5f-66a5695222df,GH3,sys_ec,1.2700,normal,1.00,2025-03-15 00:00:00+00,2025-08-09 07:02:02.956467+00
4273,5c5bc271-66b8-4b72-bb5f-66a5695222df,GH3,sys_ec,1.2800,normal,1.00,2025-03-16 00:00:00+00,2025-08-09 07:02:02.956467+00
4274,5c5bc271-66b8-4b72-bb5f-66a5695222df,GH3,sys_ec,1.1900,normal,1.00,2025-03-17 00:00:00+00,2025-08-09 07:02:02.956467+00
4275,5c5bc271-66b8-4b72-bb5f-66a5695222df,GH3,sys_ec,1.2100,normal,1.00,2025-03-18 00:00:00+00,2025-08-09 07:02:02.956467+00
4276,5c5bc271-66b8-4b72-bb5f-66a5695222df,GH3,sys_ec,1.2300,normal,1.00,2025-03-19 00:00:00+00,2025-08-09 07:02:02.956467+00
4277,5c5bc271-66b8-4b72-bb5f-66a5695222df,GH3,sys_ec,1.2000,normal,1.00,2025-03-20 00:00:00+00,2025-08-09 07:02:02.956467+00
4278,5c5bc271-66b8-4b72-bb5f-66a5695222df,GH3,sys_ec,1.2400,normal,1.00,2025-03-21 00:00:00+00,2025-08-09 07:02:02.956467+00
4279,5c5bc271-66b8-4b72-bb5f-66a5695222df,GH3,sys_ec,0.1500,normal,1.00,2025-03-22 00:00:00+00,2025-08-09 07:02:02.956467+00
4280,5c5bc271-66b8-4b72-bb5f-66a5695222df,GH3,sys_ec,1.2900,normal,1.00,2025-03-23 00:00:00+00,2025-08-09 07:02:02.956467+00
4281,5c5bc271-66b8-4b72-bb5f-66a5695222df,GH3,sys_ec,1.3660,normal,1.00,2025-03-24 00:00:00+00,2025-08-09 07:02:02.956467+00
4282,5c5bc271-66b8-4b72-bb5f-66a5695222df,GH3,sys_ec,1.3720,normal,1.00,2025-03-25 00:00:00+00,2025-08-09 07:02:02.956467+00
4283,5c5bc271-66b8-4b72-bb5f-66a5695222df,GH3,sys_ec,1.3500,normal,1.00,2025-03-26 00:00:00+00,2025-08-09 07:02:02.956467+00
4284,5c5bc271-66b8-4b72-bb5f-66a5695222df,GH3,sys_ec,1.4358,normal,1.00,2025-03-27 00:00:00+00,2025-08-09 07:02:02.956467+00
4285,5c5bc271-66b8-4b72-bb5f-66a5695222df,GH3,sys_ec,1.4417,normal,1.00,2025-03-28 00:00:00+00,2025-08-09 07:02:02.956467+00
4286,5c5bc271-66b8-4b72-bb5f-66a5695222df,GH3,sys_ec,1.1972,normal,1.00,2025-03-29 00:00:00+00,2025-08-09 07:02:02.956467+00
4287,5c5bc271-66b8-4b72-bb5f-66a5695222df,GH3,sys_ec,1.3145,normal,1.00,2025-03-30 00:00:00+00,2025-08-09 07:02:02.956467+00
4288,5c5bc271-66b8-4b72-bb5f-66a5695222df,GH3,sys_ec,1.2100,normal,1.00,2025-03-31 00:00:00+00,2025-08-09 07:02:02.956467+00
4289,5c5bc271-66b8-4b72-bb5f-66a5695222df,GH3,sys_ec,1.2300,normal,1.00,2025-04-01 00:00:00+00,2025-08-09 07:02:02.956467+00
4290,5c5bc271-66b8-4b72-bb5f-66a5695222df,GH3,sys_ec,1.2000,normal,1.00,2025-04-02 00:00:00+00,2025-08-09 07:02:02.956467+00
4291,5c5bc271-66b8-4b72-bb5f-66a5695222df,GH3,sys_ec,1.2600,normal,1.00,2025-04-04 00:00:00+00,2025-08-09 07:02:02.956467+00
4292,5c5bc271-66b8-4b72-bb5f-66a5695222df,GH3,sys_ec,1.2200,normal,1.00,2025-04-05 00:00:00+00,2025-08-09 07:02:02.956467+00
4293,5c5bc271-66b8-4b72-bb5f-66a5695222df,GH3,sys_ec,1.2200,normal,1.00,2025-04-06 00:00:00+00,2025-08-09 07:02:02.956467+00
4294,5c5bc271-66b8-4b72-bb5f-66a5695222df,GH3,sys_ec,1.2700,normal,1.00,2025-04-07 00:00:00+00,2025-08-09 07:02:02.956467+00
4295,5c5bc271-66b8-4b72-bb5f-66a5695222df,GH3,sys_ec,1.2700,normal,1.00,2025-04-08 00:00:00+00,2025-08-09 07:02:02.956467+00
4296,5c5bc271-66b8-4b72-bb5f-66a5695222df,GH3,sys_ec,1.2700,normal,1.00,2025-04-09 00:00:00+00,2025-08-09 07:02:02.956467+00
4297,5c5bc271-66b8-4b72-bb5f-66a5695222df,GH3,sys_ec,1.3200,normal,1.00,2025-04-10 00:00:00+00,2025-08-09 07:02:02.956467+00
4298,5c5bc271-66b8-4b72-bb5f-66a5695222df,GH3,sys_ec,1.2700,normal,1.00,2025-04-11 00:00:00+00,2025-08-09 07:02:02.956467+00
4299,5c5bc271-66b8-4b72-bb5f-66a5695222df,GH3,sys_ec,1.2780,normal,1.00,2025-04-12 00:00:00+00,2025-08-09 07:02:02.956467+00
4300,5c5bc271-66b8-4b72-bb5f-66a5695222df,GH3,sys_ec,1.3020,normal,1.00,2025-04-13 00:00:00+00,2025-08-09 07:02:02.956467+00
4301,5c5bc271-66b8-4b72-bb5f-66a5695222df,GH3,sys_ph,6.5000,normal,1.00,2024-12-30 00:00:00+00,2025-08-09 07:02:02.956467+00
4302,5c5bc271-66b8-4b72-bb5f-66a5695222df,GH3,sys_ph,6.6000,normal,1.00,2024-12-31 00:00:00+00,2025-08-09 07:02:02.956467+00
4303,5c5bc271-66b8-4b72-bb5f-66a5695222df,GH3,sys_ph,6.9000,normal,1.00,2025-01-01 00:00:00+00,2025-08-09 07:02:02.956467+00
4304,5c5bc271-66b8-4b72-bb5f-66a5695222df,GH3,sys_ph,6.7000,normal,1.00,2025-01-02 00:00:00+00,2025-08-09 07:02:02.956467+00
4305,5c5bc271-66b8-4b72-bb5f-66a5695222df,GH3,sys_ph,6.6000,normal,1.00,2025-01-03 00:00:00+00,2025-08-09 07:02:02.956467+00
4306,5c5bc271-66b8-4b72-bb5f-66a5695222df,GH3,sys_ph,6.6000,normal,1.00,2025-01-04 00:00:00+00,2025-08-09 07:02:02.956467+00
4307,5c5bc271-66b8-4b72-bb5f-66a5695222df,GH3,sys_ph,6.5000,normal,1.00,2025-01-06 00:00:00+00,2025-08-09 07:02:02.956467+00
4308,5c5bc271-66b8-4b72-bb5f-66a5695222df,GH3,sys_ph,6.6000,normal,1.00,2025-01-07 00:00:00+00,2025-08-09 07:02:02.956467+00
4309,5c5bc271-66b8-4b72-bb5f-66a5695222df,GH3,sys_ph,6.9000,normal,1.00,2025-01-08 00:00:00+00,2025-08-09 07:02:02.956467+00
4310,5c5bc271-66b8-4b72-bb5f-66a5695222df,GH3,sys_ph,6.7000,normal,1.00,2025-01-09 00:00:00+00,2025-08-09 07:02:02.956467+00
4311,5c5bc271-66b8-4b72-bb5f-66a5695222df,GH3,sys_ph,6.6000,normal,1.00,2025-01-10 00:00:00+00,2025-08-09 07:02:02.956467+00
4312,5c5bc271-66b8-4b72-bb5f-66a5695222df,GH3,sys_ph,6.6000,normal,1.00,2025-01-11 00:00:00+00,2025-08-09 07:02:02.956467+00
4313,5c5bc271-66b8-4b72-bb5f-66a5695222df,GH3,sys_ph,5.8000,normal,1.00,2025-01-13 00:00:00+00,2025-08-09 07:02:02.956467+00
4314,5c5bc271-66b8-4b72-bb5f-66a5695222df,GH3,sys_ph,6.2000,normal,1.00,2025-01-14 00:00:00+00,2025-08-09 07:02:02.956467+00
4315,5c5bc271-66b8-4b72-bb5f-66a5695222df,GH3,sys_ph,6.1000,normal,1.00,2025-01-15 00:00:00+00,2025-08-09 07:02:02.956467+00
4316,5c5bc271-66b8-4b72-bb5f-66a5695222df,GH3,sys_ph,6.2000,normal,1.00,2025-01-16 00:00:00+00,2025-08-09 07:02:02.956467+00
4317,5c5bc271-66b8-4b72-bb5f-66a5695222df,GH3,sys_ph,6.1000,normal,1.00,2025-01-17 00:00:00+00,2025-08-09 07:02:02.956467+00
4318,5c5bc271-66b8-4b72-bb5f-66a5695222df,GH3,sys_ph,6.2000,normal,1.00,2025-01-18 00:00:00+00,2025-08-09 07:02:02.956467+00
4319,5c5bc271-66b8-4b72-bb5f-66a5695222df,GH3,sys_ph,6.4000,normal,1.00,2025-01-19 00:00:00+00,2025-08-09 07:02:02.956467+00
4320,5c5bc271-66b8-4b72-bb5f-66a5695222df,GH3,sys_ph,6.7000,normal,1.00,2025-01-20 00:00:00+00,2025-08-09 07:02:02.956467+00
4321,5c5bc271-66b8-4b72-bb5f-66a5695222df,GH3,sys_ph,5.8000,normal,1.00,2025-01-21 00:00:00+00,2025-08-09 07:02:02.956467+00
4322,5c5bc271-66b8-4b72-bb5f-66a5695222df,GH3,sys_ph,5.7000,normal,1.00,2025-01-22 00:00:00+00,2025-08-09 07:02:02.956467+00
4323,5c5bc271-66b8-4b72-bb5f-66a5695222df,GH3,sys_ph,5.9000,normal,1.00,2025-01-23 00:00:00+00,2025-08-09 07:02:02.956467+00
4324,5c5bc271-66b8-4b72-bb5f-66a5695222df,GH3,sys_ph,6.1000,normal,1.00,2025-01-24 00:00:00+00,2025-08-09 07:02:02.956467+00
4325,5c5bc271-66b8-4b72-bb5f-66a5695222df,GH3,sys_ph,6.5000,normal,1.00,2025-01-27 00:00:00+00,2025-08-09 07:02:02.956467+00
4326,5c5bc271-66b8-4b72-bb5f-66a5695222df,GH3,sys_ph,6.0000,normal,1.00,2025-01-28 00:00:00+00,2025-08-09 07:02:02.956467+00
4327,5c5bc271-66b8-4b72-bb5f-66a5695222df,GH3,sys_ph,5.8000,normal,1.00,2025-01-29 00:00:00+00,2025-08-09 07:02:02.956467+00
4328,5c5bc271-66b8-4b72-bb5f-66a5695222df,GH3,sys_ph,5.6000,normal,1.00,2025-01-30 00:00:00+00,2025-08-09 07:02:02.956467+00
4329,5c5bc271-66b8-4b72-bb5f-66a5695222df,GH3,sys_ph,5.4000,normal,1.00,2025-01-31 00:00:00+00,2025-08-09 07:02:02.956467+00
4330,5c5bc271-66b8-4b72-bb5f-66a5695222df,GH3,sys_ph,5.4000,normal,1.00,2025-02-01 00:00:00+00,2025-08-09 07:02:02.956467+00
4331,5c5bc271-66b8-4b72-bb5f-66a5695222df,GH3,sys_ph,5.0000,normal,1.00,2025-02-02 00:00:00+00,2025-08-09 07:02:02.956467+00
4332,5c5bc271-66b8-4b72-bb5f-66a5695222df,GH3,sys_ph,5.9000,normal,1.00,2025-02-03 00:00:00+00,2025-08-09 07:02:02.956467+00
4333,5c5bc271-66b8-4b72-bb5f-66a5695222df,GH3,sys_ph,5.3000,normal,1.00,2025-02-04 00:00:00+00,2025-08-09 07:02:02.956467+00
4334,5c5bc271-66b8-4b72-bb5f-66a5695222df,GH3,sys_ph,5.4000,normal,1.00,2025-02-05 00:00:00+00,2025-08-09 07:02:02.956467+00
4335,5c5bc271-66b8-4b72-bb5f-66a5695222df,GH3,sys_ph,5.9000,normal,1.00,2025-02-06 00:00:00+00,2025-08-09 07:02:02.956467+00
4336,5c5bc271-66b8-4b72-bb5f-66a5695222df,GH3,sys_ph,5.8000,normal,1.00,2025-02-07 00:00:00+00,2025-08-09 07:02:02.956467+00
4337,5c5bc271-66b8-4b72-bb5f-66a5695222df,GH3,sys_ph,5.0000,normal,1.00,2025-02-08 00:00:00+00,2025-08-09 07:02:02.956467+00
4338,5c5bc271-66b8-4b72-bb5f-66a5695222df,GH3,sys_ph,5.5600,normal,1.00,2025-02-10 00:00:00+00,2025-08-09 07:02:02.956467+00
4339,5c5bc271-66b8-4b72-bb5f-66a5695222df,GH3,sys_ph,5.5200,normal,1.00,2025-02-11 00:00:00+00,2025-08-09 07:02:02.956467+00
4340,5c5bc271-66b8-4b72-bb5f-66a5695222df,GH3,sys_ph,5.7900,normal,1.00,2025-02-12 00:00:00+00,2025-08-09 07:02:02.956467+00
4341,5c5bc271-66b8-4b72-bb5f-66a5695222df,GH3,sys_ph,5.9200,normal,1.00,2025-02-13 00:00:00+00,2025-08-09 07:02:02.956467+00
4342,5c5bc271-66b8-4b72-bb5f-66a5695222df,GH3,sys_ph,5.7300,normal,1.00,2025-02-14 00:00:00+00,2025-08-09 07:02:02.956467+00
4343,5c5bc271-66b8-4b72-bb5f-66a5695222df,GH3,sys_ph,6.0000,normal,1.00,2025-02-15 00:00:00+00,2025-08-09 07:02:02.956467+00
4344,5c5bc271-66b8-4b72-bb5f-66a5695222df,GH3,sys_ph,6.7000,normal,1.00,2025-02-17 00:00:00+00,2025-08-09 07:02:02.956467+00
4345,5c5bc271-66b8-4b72-bb5f-66a5695222df,GH3,sys_ph,6.4000,normal,1.00,2025-02-18 00:00:00+00,2025-08-09 07:02:02.956467+00
4346,5c5bc271-66b8-4b72-bb5f-66a5695222df,GH3,sys_ph,6.5800,normal,1.00,2025-02-19 00:00:00+00,2025-08-09 07:02:02.956467+00
4347,5c5bc271-66b8-4b72-bb5f-66a5695222df,GH3,sys_ph,6.6210,normal,1.00,2025-02-20 00:00:00+00,2025-08-09 07:02:02.956467+00
4348,5c5bc271-66b8-4b72-bb5f-66a5695222df,GH3,sys_ph,7.1300,normal,1.00,2025-02-21 00:00:00+00,2025-08-09 07:02:02.956467+00
4349,5c5bc271-66b8-4b72-bb5f-66a5695222df,GH3,sys_ph,6.8200,normal,1.00,2025-02-24 00:00:00+00,2025-08-09 07:02:02.956467+00
4350,5c5bc271-66b8-4b72-bb5f-66a5695222df,GH3,sys_ph,6.9400,normal,1.00,2025-02-25 00:00:00+00,2025-08-09 07:02:02.956467+00
4351,5c5bc271-66b8-4b72-bb5f-66a5695222df,GH3,sys_ph,6.4600,normal,1.00,2025-02-26 00:00:00+00,2025-08-09 07:02:02.956467+00
4352,5c5bc271-66b8-4b72-bb5f-66a5695222df,GH3,sys_ph,6.5600,normal,1.00,2025-02-27 00:00:00+00,2025-08-09 07:02:02.956467+00
4353,5c5bc271-66b8-4b72-bb5f-66a5695222df,GH3,sys_ph,6.6800,normal,1.00,2025-02-28 00:00:00+00,2025-08-09 07:02:02.956467+00
4354,5c5bc271-66b8-4b72-bb5f-66a5695222df,GH3,sys_ph,6.7500,normal,1.00,2025-03-01 00:00:00+00,2025-08-09 07:02:02.956467+00
4355,5c5bc271-66b8-4b72-bb5f-66a5695222df,GH3,sys_ph,6.7500,normal,1.00,2025-03-02 00:00:00+00,2025-08-09 07:02:02.956467+00
4356,5c5bc271-66b8-4b72-bb5f-66a5695222df,GH3,sys_ph,5.9000,normal,1.00,2025-03-03 00:00:00+00,2025-08-09 07:02:02.956467+00
4357,5c5bc271-66b8-4b72-bb5f-66a5695222df,GH3,sys_ph,5.6700,normal,1.00,2025-03-04 00:00:00+00,2025-08-09 07:02:02.956467+00
4358,5c5bc271-66b8-4b72-bb5f-66a5695222df,GH3,sys_ph,5.7000,normal,1.00,2025-03-05 00:00:00+00,2025-08-09 07:02:02.956467+00
4359,5c5bc271-66b8-4b72-bb5f-66a5695222df,GH3,sys_ph,5.4600,normal,1.00,2025-03-06 00:00:00+00,2025-08-09 07:02:02.956467+00
4360,5c5bc271-66b8-4b72-bb5f-66a5695222df,GH3,sys_ph,6.1300,normal,1.00,2025-03-07 00:00:00+00,2025-08-09 07:02:02.956467+00
4361,5c5bc271-66b8-4b72-bb5f-66a5695222df,GH3,sys_ph,5.2800,normal,1.00,2025-03-08 00:00:00+00,2025-08-09 07:02:02.956467+00
4362,5c5bc271-66b8-4b72-bb5f-66a5695222df,GH3,sys_ph,5.2600,normal,1.00,2025-03-09 00:00:00+00,2025-08-09 07:02:02.956467+00
4363,5c5bc271-66b8-4b72-bb5f-66a5695222df,GH3,sys_ph,6.7600,normal,1.00,2025-03-10 00:00:00+00,2025-08-09 07:02:02.956467+00
4364,5c5bc271-66b8-4b72-bb5f-66a5695222df,GH3,sys_ph,6.8400,normal,1.00,2025-03-11 00:00:00+00,2025-08-09 07:02:02.956467+00
4365,5c5bc271-66b8-4b72-bb5f-66a5695222df,GH3,sys_ph,6.8400,normal,1.00,2025-03-12 00:00:00+00,2025-08-09 07:02:02.956467+00
4366,5c5bc271-66b8-4b72-bb5f-66a5695222df,GH3,sys_ph,6.7200,normal,1.00,2025-03-13 00:00:00+00,2025-08-09 07:02:02.956467+00
4367,5c5bc271-66b8-4b72-bb5f-66a5695222df,GH3,sys_ph,6.8200,normal,1.00,2025-03-14 00:00:00+00,2025-08-09 07:02:02.956467+00
4368,5c5bc271-66b8-4b72-bb5f-66a5695222df,GH3,sys_ph,5.8400,normal,1.00,2025-03-15 00:00:00+00,2025-08-09 07:02:02.956467+00
4369,5c5bc271-66b8-4b72-bb5f-66a5695222df,GH3,sys_ph,5.8700,normal,1.00,2025-03-16 00:00:00+00,2025-08-09 07:02:02.956467+00
4370,5c5bc271-66b8-4b72-bb5f-66a5695222df,GH3,sys_ph,5.3400,normal,1.00,2025-03-17 00:00:00+00,2025-08-09 07:02:02.956467+00
4371,5c5bc271-66b8-4b72-bb5f-66a5695222df,GH3,sys_ph,5.5000,normal,1.00,2025-03-18 00:00:00+00,2025-08-09 07:02:02.956467+00
4372,5c5bc271-66b8-4b72-bb5f-66a5695222df,GH3,sys_ph,5.5100,normal,1.00,2025-03-19 00:00:00+00,2025-08-09 07:02:02.956467+00
4373,5c5bc271-66b8-4b72-bb5f-66a5695222df,GH3,sys_ph,4.9800,normal,1.00,2025-03-20 00:00:00+00,2025-08-09 07:02:02.956467+00
4374,5c5bc271-66b8-4b72-bb5f-66a5695222df,GH3,sys_ph,5.0900,normal,1.00,2025-03-21 00:00:00+00,2025-08-09 07:02:02.956467+00
4375,5c5bc271-66b8-4b72-bb5f-66a5695222df,GH3,sys_ph,5.3400,normal,1.00,2025-03-22 00:00:00+00,2025-08-09 07:02:02.956467+00
4376,5c5bc271-66b8-4b72-bb5f-66a5695222df,GH3,sys_ph,5.3700,normal,1.00,2025-03-23 00:00:00+00,2025-08-09 07:02:02.956467+00
4377,5c5bc271-66b8-4b72-bb5f-66a5695222df,GH3,sys_ph,6.6500,normal,1.00,2025-03-24 00:00:00+00,2025-08-09 07:02:02.956467+00
4378,5c5bc271-66b8-4b72-bb5f-66a5695222df,GH3,sys_ph,6.8500,normal,1.00,2025-03-25 00:00:00+00,2025-08-09 07:02:02.956467+00
4379,5c5bc271-66b8-4b72-bb5f-66a5695222df,GH3,sys_ph,7.0500,normal,1.00,2025-03-26 00:00:00+00,2025-08-09 07:02:02.956467+00
4380,5c5bc271-66b8-4b72-bb5f-66a5695222df,GH3,sys_ph,7.0000,normal,1.00,2025-03-27 00:00:00+00,2025-08-09 07:02:02.956467+00
4381,5c5bc271-66b8-4b72-bb5f-66a5695222df,GH3,sys_ph,6.9600,normal,1.00,2025-03-28 00:00:00+00,2025-08-09 07:02:02.956467+00
4382,5c5bc271-66b8-4b72-bb5f-66a5695222df,GH3,sys_ph,6.3800,normal,1.00,2025-03-29 00:00:00+00,2025-08-09 07:02:02.956467+00
4383,5c5bc271-66b8-4b72-bb5f-66a5695222df,GH3,sys_ph,6.3250,normal,1.00,2025-03-30 00:00:00+00,2025-08-09 07:02:02.956467+00
4384,5c5bc271-66b8-4b72-bb5f-66a5695222df,GH3,sys_ph,6.3400,normal,1.00,2025-03-31 00:00:00+00,2025-08-09 07:02:02.956467+00
4385,5c5bc271-66b8-4b72-bb5f-66a5695222df,GH3,sys_ph,6.4000,normal,1.00,2025-04-01 00:00:00+00,2025-08-09 07:02:02.956467+00
4386,5c5bc271-66b8-4b72-bb5f-66a5695222df,GH3,sys_ph,6.5000,normal,1.00,2025-04-02 00:00:00+00,2025-08-09 07:02:02.956467+00
4387,5c5bc271-66b8-4b72-bb5f-66a5695222df,GH3,sys_ph,6.3900,normal,1.00,2025-04-03 00:00:00+00,2025-08-09 07:02:02.956467+00
4388,5c5bc271-66b8-4b72-bb5f-66a5695222df,GH3,sys_ph,6.3200,normal,1.00,2025-04-04 00:00:00+00,2025-08-09 07:02:02.956467+00
4389,5c5bc271-66b8-4b72-bb5f-66a5695222df,GH3,sys_ph,6.5800,normal,1.00,2025-04-05 00:00:00+00,2025-08-09 07:02:02.956467+00
4390,5c5bc271-66b8-4b72-bb5f-66a5695222df,GH3,sys_ph,6.7100,normal,1.00,2025-04-06 00:00:00+00,2025-08-09 07:02:02.956467+00
4391,5c5bc271-66b8-4b72-bb5f-66a5695222df,GH3,sys_ph,6.7600,normal,1.00,2025-04-07 00:00:00+00,2025-08-09 07:02:02.956467+00
4392,5c5bc271-66b8-4b72-bb5f-66a5695222df,GH3,sys_ph,6.7500,normal,1.00,2025-04-08 00:00:00+00,2025-08-09 07:02:02.956467+00
4393,5c5bc271-66b8-4b72-bb5f-66a5695222df,GH3,sys_ph,6.6100,normal,1.00,2025-04-09 00:00:00+00,2025-08-09 07:02:02.956467+00
4394,5c5bc271-66b8-4b72-bb5f-66a5695222df,GH3,sys_ph,5.8300,normal,1.00,2025-04-10 00:00:00+00,2025-08-09 07:02:02.956467+00
4395,5c5bc271-66b8-4b72-bb5f-66a5695222df,GH3,sys_ph,6.1100,normal,1.00,2025-04-11 00:00:00+00,2025-08-09 07:02:02.956467+00
4396,5c5bc271-66b8-4b72-bb5f-66a5695222df,GH3,sys_ph,6.1500,normal,1.00,2025-04-12 00:00:00+00,2025-08-09 07:02:02.956467+00
4397,5c5bc271-66b8-4b72-bb5f-66a5695222df,GH3,sys_ph,5.9000,normal,1.00,2025-04-13 00:00:00+00,2025-08-09 07:02:02.956467+00
4398,5c5bc271-66b8-4b72-bb5f-66a5695222df,GH3,sys_h20_temp,25.6000,normal,1.00,2024-12-30 00:00:00+00,2025-08-09 07:02:02.956467+00
4399,5c5bc271-66b8-4b72-bb5f-66a5695222df,GH3,sys_h20_temp,28.5000,normal,1.00,2024-12-31 00:00:00+00,2025-08-09 07:02:02.956467+00
4400,5c5bc271-66b8-4b72-bb5f-66a5695222df,GH3,sys_h20_temp,25.8000,normal,1.00,2025-01-01 00:00:00+00,2025-08-09 07:02:02.956467+00
4401,5c5bc271-66b8-4b72-bb5f-66a5695222df,GH3,sys_h20_temp,27.4000,normal,1.00,2025-01-02 00:00:00+00,2025-08-09 07:02:02.956467+00
4402,5c5bc271-66b8-4b72-bb5f-66a5695222df,GH3,sys_h20_temp,27.0000,normal,1.00,2025-01-03 00:00:00+00,2025-08-09 07:02:02.956467+00
4403,5c5bc271-66b8-4b72-bb5f-66a5695222df,GH3,sys_h20_temp,27.0000,normal,1.00,2025-01-04 00:00:00+00,2025-08-09 07:02:02.956467+00
4404,5c5bc271-66b8-4b72-bb5f-66a5695222df,GH3,sys_h20_temp,28.1000,normal,1.00,2025-01-06 00:00:00+00,2025-08-09 07:02:02.956467+00
4405,5c5bc271-66b8-4b72-bb5f-66a5695222df,GH3,sys_h20_temp,25.9000,normal,1.00,2025-01-07 00:00:00+00,2025-08-09 07:02:02.956467+00
4406,5c5bc271-66b8-4b72-bb5f-66a5695222df,GH3,sys_h20_temp,27.4000,normal,1.00,2025-01-08 00:00:00+00,2025-08-09 07:02:02.956467+00
4407,5c5bc271-66b8-4b72-bb5f-66a5695222df,GH3,sys_h20_temp,27.5000,normal,1.00,2025-01-09 00:00:00+00,2025-08-09 07:02:02.956467+00
4408,5c5bc271-66b8-4b72-bb5f-66a5695222df,GH3,sys_h20_temp,26.7000,normal,1.00,2025-01-10 00:00:00+00,2025-08-09 07:02:02.956467+00
4409,5c5bc271-66b8-4b72-bb5f-66a5695222df,GH3,sys_h20_temp,27.1000,normal,1.00,2025-01-11 00:00:00+00,2025-08-09 07:02:02.956467+00
4410,5c5bc271-66b8-4b72-bb5f-66a5695222df,GH3,sys_h20_temp,26.2000,normal,1.00,2025-01-12 00:00:00+00,2025-08-09 07:02:02.956467+00
4411,5c5bc271-66b8-4b72-bb5f-66a5695222df,GH3,sys_h20_temp,26.8000,normal,1.00,2025-01-13 00:00:00+00,2025-08-09 07:02:02.956467+00
4412,5c5bc271-66b8-4b72-bb5f-66a5695222df,GH3,sys_h20_temp,27.1000,normal,1.00,2025-01-14 00:00:00+00,2025-08-09 07:02:02.956467+00
4413,5c5bc271-66b8-4b72-bb5f-66a5695222df,GH3,sys_h20_temp,26.7000,normal,1.00,2025-01-15 00:00:00+00,2025-08-09 07:02:02.956467+00
4414,5c5bc271-66b8-4b72-bb5f-66a5695222df,GH3,sys_h20_temp,27.7000,normal,1.00,2025-01-16 00:00:00+00,2025-08-09 07:02:02.956467+00
4415,5c5bc271-66b8-4b72-bb5f-66a5695222df,GH3,sys_h20_temp,28.1000,normal,1.00,2025-01-17 00:00:00+00,2025-08-09 07:02:02.956467+00
4416,5c5bc271-66b8-4b72-bb5f-66a5695222df,GH3,sys_h20_temp,29.0000,normal,1.00,2025-01-18 00:00:00+00,2025-08-09 07:02:02.956467+00
4417,5c5bc271-66b8-4b72-bb5f-66a5695222df,GH3,sys_h20_temp,27.6000,normal,1.00,2025-01-19 00:00:00+00,2025-08-09 07:02:02.956467+00
4418,5c5bc271-66b8-4b72-bb5f-66a5695222df,GH3,sys_h20_temp,27.7000,normal,1.00,2025-01-20 00:00:00+00,2025-08-09 07:02:02.956467+00
4419,5c5bc271-66b8-4b72-bb5f-66a5695222df,GH3,sys_h20_temp,28.8000,normal,1.00,2025-01-21 00:00:00+00,2025-08-09 07:02:02.956467+00
4420,5c5bc271-66b8-4b72-bb5f-66a5695222df,GH3,sys_h20_temp,28.5000,normal,1.00,2025-01-22 00:00:00+00,2025-08-09 07:02:02.956467+00
4421,5c5bc271-66b8-4b72-bb5f-66a5695222df,GH3,sys_h20_temp,28.1000,normal,1.00,2025-01-23 00:00:00+00,2025-08-09 07:02:02.956467+00
4422,5c5bc271-66b8-4b72-bb5f-66a5695222df,GH3,sys_h20_temp,28.8000,normal,1.00,2025-01-24 00:00:00+00,2025-08-09 07:02:02.956467+00
4423,5c5bc271-66b8-4b72-bb5f-66a5695222df,GH3,sys_h20_temp,30.7000,normal,1.00,2025-01-25 00:00:00+00,2025-08-09 07:02:02.956467+00
4424,5c5bc271-66b8-4b72-bb5f-66a5695222df,GH3,sys_h20_temp,27.3000,normal,1.00,2025-01-27 00:00:00+00,2025-08-09 07:02:02.956467+00
4425,5c5bc271-66b8-4b72-bb5f-66a5695222df,GH3,sys_h20_temp,26.0000,normal,1.00,2025-01-28 00:00:00+00,2025-08-09 07:02:02.956467+00
4426,5c5bc271-66b8-4b72-bb5f-66a5695222df,GH3,sys_h20_temp,27.3000,normal,1.00,2025-01-29 00:00:00+00,2025-08-09 07:02:02.956467+00
4427,5c5bc271-66b8-4b72-bb5f-66a5695222df,GH3,sys_h20_temp,26.9000,normal,1.00,2025-01-30 00:00:00+00,2025-08-09 07:02:02.956467+00
4428,5c5bc271-66b8-4b72-bb5f-66a5695222df,GH3,sys_h20_temp,26.7000,normal,1.00,2025-01-31 00:00:00+00,2025-08-09 07:02:02.956467+00
4429,5c5bc271-66b8-4b72-bb5f-66a5695222df,GH3,sys_h20_temp,28.8000,normal,1.00,2025-02-01 00:00:00+00,2025-08-09 07:02:02.956467+00
4430,5c5bc271-66b8-4b72-bb5f-66a5695222df,GH3,sys_h20_temp,27.1000,normal,1.00,2025-02-02 00:00:00+00,2025-08-09 07:02:02.956467+00
4431,5c5bc271-66b8-4b72-bb5f-66a5695222df,GH3,sys_h20_temp,28.6000,normal,1.00,2025-02-03 00:00:00+00,2025-08-09 07:02:02.956467+00
4432,5c5bc271-66b8-4b72-bb5f-66a5695222df,GH3,sys_h20_temp,26.5000,normal,1.00,2025-02-04 00:00:00+00,2025-08-09 07:02:02.956467+00
4433,5c5bc271-66b8-4b72-bb5f-66a5695222df,GH3,sys_h20_temp,28.2000,normal,1.00,2025-02-05 00:00:00+00,2025-08-09 07:02:02.956467+00
4434,5c5bc271-66b8-4b72-bb5f-66a5695222df,GH3,sys_h20_temp,26.6000,normal,1.00,2025-02-06 00:00:00+00,2025-08-09 07:02:02.956467+00
4435,5c5bc271-66b8-4b72-bb5f-66a5695222df,GH3,sys_h20_temp,26.6000,normal,1.00,2025-02-07 00:00:00+00,2025-08-09 07:02:02.956467+00
4436,5c5bc271-66b8-4b72-bb5f-66a5695222df,GH3,sys_h20_temp,29.5000,normal,1.00,2025-02-08 00:00:00+00,2025-08-09 07:02:02.956467+00
4437,5c5bc271-66b8-4b72-bb5f-66a5695222df,GH3,sys_h20_temp,27.3000,normal,1.00,2025-02-10 00:00:00+00,2025-08-09 07:02:02.956467+00
4438,5c5bc271-66b8-4b72-bb5f-66a5695222df,GH3,sys_h20_temp,28.0000,normal,1.00,2025-02-11 00:00:00+00,2025-08-09 07:02:02.956467+00
4439,5c5bc271-66b8-4b72-bb5f-66a5695222df,GH3,sys_h20_temp,29.8000,normal,1.00,2025-02-12 00:00:00+00,2025-08-09 07:02:02.956467+00
4440,5c5bc271-66b8-4b72-bb5f-66a5695222df,GH3,sys_h20_temp,29.8000,normal,1.00,2025-02-13 00:00:00+00,2025-08-09 07:02:02.956467+00
4441,5c5bc271-66b8-4b72-bb5f-66a5695222df,GH3,sys_h20_temp,29.2000,normal,1.00,2025-02-14 00:00:00+00,2025-08-09 07:02:02.956467+00
4442,5c5bc271-66b8-4b72-bb5f-66a5695222df,GH3,sys_h20_temp,28.9200,normal,1.00,2025-02-15 00:00:00+00,2025-08-09 07:02:02.956467+00
4443,5c5bc271-66b8-4b72-bb5f-66a5695222df,GH3,sys_h20_temp,28.3000,normal,1.00,2025-02-17 00:00:00+00,2025-08-09 07:02:02.956467+00
4444,5c5bc271-66b8-4b72-bb5f-66a5695222df,GH3,sys_h20_temp,28.3000,normal,1.00,2025-02-18 00:00:00+00,2025-08-09 07:02:02.956467+00
4445,5c5bc271-66b8-4b72-bb5f-66a5695222df,GH3,sys_h20_temp,27.9000,normal,1.00,2025-02-19 00:00:00+00,2025-08-09 07:02:02.956467+00
4446,5c5bc271-66b8-4b72-bb5f-66a5695222df,GH3,sys_h20_temp,26.4000,normal,1.00,2025-02-20 00:00:00+00,2025-08-09 07:02:02.956467+00
4447,5c5bc271-66b8-4b72-bb5f-66a5695222df,GH3,sys_h20_temp,26.7600,normal,1.00,2025-02-21 00:00:00+00,2025-08-09 07:02:02.956467+00
4448,5c5bc271-66b8-4b72-bb5f-66a5695222df,GH3,sys_h20_temp,28.3600,normal,1.00,2025-02-22 00:00:00+00,2025-08-09 07:02:02.956467+00
4449,5c5bc271-66b8-4b72-bb5f-66a5695222df,GH3,sys_h20_temp,28.6200,normal,1.00,2025-02-24 00:00:00+00,2025-08-09 07:02:02.956467+00
4450,5c5bc271-66b8-4b72-bb5f-66a5695222df,GH3,sys_h20_temp,27.9000,normal,1.00,2025-02-25 00:00:00+00,2025-08-09 07:02:02.956467+00
4451,5c5bc271-66b8-4b72-bb5f-66a5695222df,GH3,sys_h20_temp,26.8000,normal,1.00,2025-02-26 00:00:00+00,2025-08-09 07:02:02.956467+00
4452,5c5bc271-66b8-4b72-bb5f-66a5695222df,GH3,sys_h20_temp,27.7000,normal,1.00,2025-02-27 00:00:00+00,2025-08-09 07:02:02.956467+00
4453,5c5bc271-66b8-4b72-bb5f-66a5695222df,GH3,sys_h20_temp,29.6210,normal,1.00,2025-02-28 00:00:00+00,2025-08-09 07:02:02.956467+00
4454,5c5bc271-66b8-4b72-bb5f-66a5695222df,GH3,sys_h20_temp,28.2000,normal,1.00,2025-03-01 00:00:00+00,2025-08-09 07:02:02.956467+00
4455,5c5bc271-66b8-4b72-bb5f-66a5695222df,GH3,sys_h20_temp,31.1000,normal,1.00,2025-03-02 00:00:00+00,2025-08-09 07:02:02.956467+00
4456,5c5bc271-66b8-4b72-bb5f-66a5695222df,GH3,sys_h20_temp,29.5000,normal,1.00,2025-03-03 00:00:00+00,2025-08-09 07:02:02.956467+00
4457,5c5bc271-66b8-4b72-bb5f-66a5695222df,GH3,sys_h20_temp,30.0000,normal,1.00,2025-03-04 00:00:00+00,2025-08-09 07:02:02.956467+00
4458,5c5bc271-66b8-4b72-bb5f-66a5695222df,GH3,sys_h20_temp,29.8000,normal,1.00,2025-03-05 00:00:00+00,2025-08-09 07:02:02.956467+00
4459,5c5bc271-66b8-4b72-bb5f-66a5695222df,GH3,sys_h20_temp,29.1000,normal,1.00,2025-03-06 00:00:00+00,2025-08-09 07:02:02.956467+00
4460,5c5bc271-66b8-4b72-bb5f-66a5695222df,GH3,sys_h20_temp,29.9600,normal,1.00,2025-03-07 00:00:00+00,2025-08-09 07:02:02.956467+00
4461,5c5bc271-66b8-4b72-bb5f-66a5695222df,GH3,sys_h20_temp,27.9600,normal,1.00,2025-03-08 00:00:00+00,2025-08-09 07:02:02.956467+00
4462,5c5bc271-66b8-4b72-bb5f-66a5695222df,GH3,sys_h20_temp,28.7000,normal,1.00,2025-03-09 00:00:00+00,2025-08-09 07:02:02.956467+00
4463,5c5bc271-66b8-4b72-bb5f-66a5695222df,GH3,sys_h20_temp,28.3000,normal,1.00,2025-03-10 00:00:00+00,2025-08-09 07:02:02.956467+00
4464,5c5bc271-66b8-4b72-bb5f-66a5695222df,GH3,sys_h20_temp,30.4000,normal,1.00,2025-03-11 00:00:00+00,2025-08-09 07:02:02.956467+00
4465,5c5bc271-66b8-4b72-bb5f-66a5695222df,GH3,sys_h20_temp,32.3000,normal,1.00,2025-03-12 00:00:00+00,2025-08-09 07:02:02.956467+00
4466,5c5bc271-66b8-4b72-bb5f-66a5695222df,GH3,sys_h20_temp,32.5000,normal,1.00,2025-03-13 00:00:00+00,2025-08-09 07:02:02.956467+00
4467,5c5bc271-66b8-4b72-bb5f-66a5695222df,GH3,sys_h20_temp,29.3000,normal,1.00,2025-03-14 00:00:00+00,2025-08-09 07:02:02.956467+00
4468,5c5bc271-66b8-4b72-bb5f-66a5695222df,GH3,sys_h20_temp,28.8000,normal,1.00,2025-03-15 00:00:00+00,2025-08-09 07:02:02.956467+00
4469,5c5bc271-66b8-4b72-bb5f-66a5695222df,GH3,sys_h20_temp,30.8000,normal,1.00,2025-03-16 00:00:00+00,2025-08-09 07:02:02.956467+00
4470,5c5bc271-66b8-4b72-bb5f-66a5695222df,GH3,sys_h20_temp,27.5000,normal,1.00,2025-03-17 00:00:00+00,2025-08-09 07:02:02.956467+00
4471,5c5bc271-66b8-4b72-bb5f-66a5695222df,GH3,sys_h20_temp,27.9000,normal,1.00,2025-03-18 00:00:00+00,2025-08-09 07:02:02.956467+00
4472,5c5bc271-66b8-4b72-bb5f-66a5695222df,GH3,sys_h20_temp,27.9700,normal,1.00,2025-03-19 00:00:00+00,2025-08-09 07:02:02.956467+00
4473,5c5bc271-66b8-4b72-bb5f-66a5695222df,GH3,sys_h20_temp,26.5000,normal,1.00,2025-03-20 00:00:00+00,2025-08-09 07:02:02.956467+00
4474,5c5bc271-66b8-4b72-bb5f-66a5695222df,GH3,sys_h20_temp,26.5000,normal,1.00,2025-03-21 00:00:00+00,2025-08-09 07:02:02.956467+00
4475,5c5bc271-66b8-4b72-bb5f-66a5695222df,GH3,sys_h20_temp,27.4400,normal,1.00,2025-03-22 00:00:00+00,2025-08-09 07:02:02.956467+00
4476,5c5bc271-66b8-4b72-bb5f-66a5695222df,GH3,sys_h20_temp,25.7800,normal,1.00,2025-03-23 00:00:00+00,2025-08-09 07:02:02.956467+00
4477,5c5bc271-66b8-4b72-bb5f-66a5695222df,GH3,sys_h20_temp,28.4000,normal,1.00,2025-03-24 00:00:00+00,2025-08-09 07:02:02.956467+00
4478,5c5bc271-66b8-4b72-bb5f-66a5695222df,GH3,sys_h20_temp,29.7000,normal,1.00,2025-03-25 00:00:00+00,2025-08-09 07:02:02.956467+00
4479,5c5bc271-66b8-4b72-bb5f-66a5695222df,GH3,sys_h20_temp,28.9600,normal,1.00,2025-03-26 00:00:00+00,2025-08-09 07:02:02.956467+00
4480,5c5bc271-66b8-4b72-bb5f-66a5695222df,GH3,sys_h20_temp,28.9000,normal,1.00,2025-03-27 00:00:00+00,2025-08-09 07:02:02.956467+00
4481,5c5bc271-66b8-4b72-bb5f-66a5695222df,GH3,sys_h20_temp,29.9000,normal,1.00,2025-03-28 00:00:00+00,2025-08-09 07:02:02.956467+00
4482,5c5bc271-66b8-4b72-bb5f-66a5695222df,GH3,sys_h20_temp,26.4000,normal,1.00,2025-03-29 00:00:00+00,2025-08-09 07:02:02.956467+00
4483,5c5bc271-66b8-4b72-bb5f-66a5695222df,GH3,sys_h20_temp,27.9000,normal,1.00,2025-03-30 00:00:00+00,2025-08-09 07:02:02.956467+00
4484,5c5bc271-66b8-4b72-bb5f-66a5695222df,GH3,sys_h20_temp,28.3000,normal,1.00,2025-03-31 00:00:00+00,2025-08-09 07:02:02.956467+00
4485,5c5bc271-66b8-4b72-bb5f-66a5695222df,GH3,sys_h20_temp,28.5000,normal,1.00,2025-04-01 00:00:00+00,2025-08-09 07:02:02.956467+00
4486,5c5bc271-66b8-4b72-bb5f-66a5695222df,GH3,sys_h20_temp,28.7000,normal,1.00,2025-04-02 00:00:00+00,2025-08-09 07:02:02.956467+00
4487,5c5bc271-66b8-4b72-bb5f-66a5695222df,GH3,sys_h20_temp,29.2000,normal,1.00,2025-04-03 00:00:00+00,2025-08-09 07:02:02.956467+00
4488,5c5bc271-66b8-4b72-bb5f-66a5695222df,GH3,sys_h20_temp,30.1000,normal,1.00,2025-04-04 00:00:00+00,2025-08-09 07:02:02.956467+00
4489,5c5bc271-66b8-4b72-bb5f-66a5695222df,GH3,sys_h20_temp,28.7000,normal,1.00,2025-04-05 00:00:00+00,2025-08-09 07:02:02.956467+00
4490,5c5bc271-66b8-4b72-bb5f-66a5695222df,GH3,sys_h20_temp,29.6500,normal,1.00,2025-04-06 00:00:00+00,2025-08-09 07:02:02.956467+00
4491,5c5bc271-66b8-4b72-bb5f-66a5695222df,GH3,sys_h20_temp,30.0000,normal,1.00,2025-04-07 00:00:00+00,2025-08-09 07:02:02.956467+00
4492,5c5bc271-66b8-4b72-bb5f-66a5695222df,GH3,sys_h20_temp,30.8000,normal,1.00,2025-04-08 00:00:00+00,2025-08-09 07:02:02.956467+00
4493,5c5bc271-66b8-4b72-bb5f-66a5695222df,GH3,sys_h20_temp,32.0000,normal,1.00,2025-04-09 00:00:00+00,2025-08-09 07:02:02.956467+00
4494,5c5bc271-66b8-4b72-bb5f-66a5695222df,GH3,sys_h20_temp,32.4000,normal,1.00,2025-04-10 00:00:00+00,2025-08-09 07:02:02.956467+00
4495,5c5bc271-66b8-4b72-bb5f-66a5695222df,GH3,sys_h20_temp,29.8000,normal,1.00,2025-04-11 00:00:00+00,2025-08-09 07:02:02.956467+00
4496,5c5bc271-66b8-4b72-bb5f-66a5695222df,GH3,sys_h20_temp,30.8200,normal,1.00,2025-04-12 00:00:00+00,2025-08-09 07:02:02.956467+00
4497,5c5bc271-66b8-4b72-bb5f-66a5695222df,GH3,sys_h20_temp,31.7800,normal,1.00,2025-04-13 00:00:00+00,2025-08-09 07:02:02.956467+00
4498,5c5bc271-66b8-4b72-bb5f-66a5695222df,GH3,sys_gh_temp,27.5000,normal,1.00,2024-12-30 00:00:00+00,2025-08-09 07:02:02.956467+00
4499,5c5bc271-66b8-4b72-bb5f-66a5695222df,GH3,sys_gh_temp,30.6000,normal,1.00,2024-12-31 00:00:00+00,2025-08-09 07:02:02.956467+00
4500,5c5bc271-66b8-4b72-bb5f-66a5695222df,GH3,sys_gh_temp,27.9000,normal,1.00,2025-01-01 00:00:00+00,2025-08-09 07:02:02.956467+00
4501,5c5bc271-66b8-4b72-bb5f-66a5695222df,GH3,sys_gh_temp,29.2000,normal,1.00,2025-01-02 00:00:00+00,2025-08-09 07:02:02.956467+00
4502,5c5bc271-66b8-4b72-bb5f-66a5695222df,GH3,sys_gh_temp,28.5000,normal,1.00,2025-01-03 00:00:00+00,2025-08-09 07:02:02.956467+00
4503,5c5bc271-66b8-4b72-bb5f-66a5695222df,GH3,sys_gh_temp,30.7000,normal,1.00,2025-01-04 00:00:00+00,2025-08-09 07:02:02.956467+00
4504,5c5bc271-66b8-4b72-bb5f-66a5695222df,GH3,sys_gh_temp,26.7000,normal,1.00,2025-01-06 00:00:00+00,2025-08-09 07:02:02.956467+00
4505,5c5bc271-66b8-4b72-bb5f-66a5695222df,GH3,sys_gh_temp,24.8000,normal,1.00,2025-01-07 00:00:00+00,2025-08-09 07:02:02.956467+00
4506,5c5bc271-66b8-4b72-bb5f-66a5695222df,GH3,sys_gh_temp,27.9000,normal,1.00,2025-01-08 00:00:00+00,2025-08-09 07:02:02.956467+00
4507,5c5bc271-66b8-4b72-bb5f-66a5695222df,GH3,sys_gh_temp,27.6000,normal,1.00,2025-01-09 00:00:00+00,2025-08-09 07:02:02.956467+00
4508,5c5bc271-66b8-4b72-bb5f-66a5695222df,GH3,sys_gh_temp,27.0000,normal,1.00,2025-01-10 00:00:00+00,2025-08-09 07:02:02.956467+00
4509,5c5bc271-66b8-4b72-bb5f-66a5695222df,GH3,sys_gh_temp,28.0000,normal,1.00,2025-01-11 00:00:00+00,2025-08-09 07:02:02.956467+00
4510,5c5bc271-66b8-4b72-bb5f-66a5695222df,GH3,sys_gh_temp,25.9000,normal,1.00,2025-01-12 00:00:00+00,2025-08-09 07:02:02.956467+00
4511,5c5bc271-66b8-4b72-bb5f-66a5695222df,GH3,sys_gh_temp,26.4000,normal,1.00,2025-01-13 00:00:00+00,2025-08-09 07:02:02.956467+00
4512,5c5bc271-66b8-4b72-bb5f-66a5695222df,GH3,sys_gh_temp,26.1000,normal,1.00,2025-01-14 00:00:00+00,2025-08-09 07:02:02.956467+00
4513,5c5bc271-66b8-4b72-bb5f-66a5695222df,GH3,sys_gh_temp,27.1000,normal,1.00,2025-01-15 00:00:00+00,2025-08-09 07:02:02.956467+00
4514,5c5bc271-66b8-4b72-bb5f-66a5695222df,GH3,sys_gh_temp,27.4000,normal,1.00,2025-01-16 00:00:00+00,2025-08-09 07:02:02.956467+00
4515,5c5bc271-66b8-4b72-bb5f-66a5695222df,GH3,sys_gh_temp,27.6000,normal,1.00,2025-01-17 00:00:00+00,2025-08-09 07:02:02.956467+00
4516,5c5bc271-66b8-4b72-bb5f-66a5695222df,GH3,sys_gh_temp,28.1000,normal,1.00,2025-01-18 00:00:00+00,2025-08-09 07:02:02.956467+00
4517,5c5bc271-66b8-4b72-bb5f-66a5695222df,GH3,sys_gh_temp,26.9000,normal,1.00,2025-01-19 00:00:00+00,2025-08-09 07:02:02.956467+00
4518,5c5bc271-66b8-4b72-bb5f-66a5695222df,GH3,sys_gh_temp,27.2000,normal,1.00,2025-01-20 00:00:00+00,2025-08-09 07:02:02.956467+00
4519,5c5bc271-66b8-4b72-bb5f-66a5695222df,GH3,sys_gh_temp,29.8000,normal,1.00,2025-01-21 00:00:00+00,2025-08-09 07:02:02.956467+00
4520,5c5bc271-66b8-4b72-bb5f-66a5695222df,GH3,sys_gh_temp,30.0000,normal,1.00,2025-01-22 00:00:00+00,2025-08-09 07:02:02.956467+00
4521,5c5bc271-66b8-4b72-bb5f-66a5695222df,GH3,sys_gh_temp,29.4000,normal,1.00,2025-01-23 00:00:00+00,2025-08-09 07:02:02.956467+00
4522,5c5bc271-66b8-4b72-bb5f-66a5695222df,GH3,sys_gh_temp,30.3000,normal,1.00,2025-01-24 00:00:00+00,2025-08-09 07:02:02.956467+00
4523,5c5bc271-66b8-4b72-bb5f-66a5695222df,GH3,sys_gh_temp,29.5000,normal,1.00,2025-01-25 00:00:00+00,2025-08-09 07:02:02.956467+00
4524,5c5bc271-66b8-4b72-bb5f-66a5695222df,GH3,sys_gh_temp,27.3000,normal,1.00,2025-01-27 00:00:00+00,2025-08-09 07:02:02.956467+00
4525,5c5bc271-66b8-4b72-bb5f-66a5695222df,GH3,sys_gh_temp,25.5000,normal,1.00,2025-01-28 00:00:00+00,2025-08-09 07:02:02.956467+00
4526,5c5bc271-66b8-4b72-bb5f-66a5695222df,GH3,sys_gh_temp,27.9000,normal,1.00,2025-01-29 00:00:00+00,2025-08-09 07:02:02.956467+00
4527,5c5bc271-66b8-4b72-bb5f-66a5695222df,GH3,sys_gh_temp,28.0000,normal,1.00,2025-01-30 00:00:00+00,2025-08-09 07:02:02.956467+00
4528,5c5bc271-66b8-4b72-bb5f-66a5695222df,GH3,sys_gh_temp,27.9000,normal,1.00,2025-01-31 00:00:00+00,2025-08-09 07:02:02.956467+00
4529,5c5bc271-66b8-4b72-bb5f-66a5695222df,GH3,sys_gh_temp,31.3000,normal,1.00,2025-02-01 00:00:00+00,2025-08-09 07:02:02.956467+00
4530,5c5bc271-66b8-4b72-bb5f-66a5695222df,GH3,sys_gh_temp,27.0000,normal,1.00,2025-02-02 00:00:00+00,2025-08-09 07:02:02.956467+00
4531,5c5bc271-66b8-4b72-bb5f-66a5695222df,GH3,sys_gh_temp,28.4000,normal,1.00,2025-02-03 00:00:00+00,2025-08-09 07:02:02.956467+00
4532,5c5bc271-66b8-4b72-bb5f-66a5695222df,GH3,sys_gh_temp,26.1000,normal,1.00,2025-02-04 00:00:00+00,2025-08-09 07:02:02.956467+00
4533,5c5bc271-66b8-4b72-bb5f-66a5695222df,GH3,sys_gh_temp,27.8000,normal,1.00,2025-02-05 00:00:00+00,2025-08-09 07:02:02.956467+00
4534,5c5bc271-66b8-4b72-bb5f-66a5695222df,GH3,sys_gh_temp,25.9000,normal,1.00,2025-02-06 00:00:00+00,2025-08-09 07:02:02.956467+00
4535,5c5bc271-66b8-4b72-bb5f-66a5695222df,GH3,sys_gh_temp,26.2000,normal,1.00,2025-02-07 00:00:00+00,2025-08-09 07:02:02.956467+00
4536,5c5bc271-66b8-4b72-bb5f-66a5695222df,GH3,sys_gh_temp,27.8000,normal,1.00,2025-02-08 00:00:00+00,2025-08-09 07:02:02.956467+00
4537,5c5bc271-66b8-4b72-bb5f-66a5695222df,GH3,sys_gh_temp,29.5000,normal,1.00,2025-02-10 00:00:00+00,2025-08-09 07:02:02.956467+00
4538,5c5bc271-66b8-4b72-bb5f-66a5695222df,GH3,sys_gh_temp,28.1000,normal,1.00,2025-02-11 00:00:00+00,2025-08-09 07:02:02.956467+00
4539,5c5bc271-66b8-4b72-bb5f-66a5695222df,GH3,sys_gh_temp,32.4000,normal,1.00,2025-02-12 00:00:00+00,2025-08-09 07:02:02.956467+00
4540,5c5bc271-66b8-4b72-bb5f-66a5695222df,GH3,sys_gh_temp,33.5000,normal,1.00,2025-02-13 00:00:00+00,2025-08-09 07:02:02.956467+00
4541,5c5bc271-66b8-4b72-bb5f-66a5695222df,GH3,sys_gh_temp,30.6000,normal,1.00,2025-02-14 00:00:00+00,2025-08-09 07:02:02.956467+00
4542,5c5bc271-66b8-4b72-bb5f-66a5695222df,GH3,sys_gh_temp,29.4200,normal,1.00,2025-02-15 00:00:00+00,2025-08-09 07:02:02.956467+00
4543,5c5bc271-66b8-4b72-bb5f-66a5695222df,GH3,sys_gh_temp,29.8800,normal,1.00,2025-02-17 00:00:00+00,2025-08-09 07:02:02.956467+00
4544,5c5bc271-66b8-4b72-bb5f-66a5695222df,GH3,sys_gh_temp,28.6200,normal,1.00,2025-02-18 00:00:00+00,2025-08-09 07:02:02.956467+00
4545,5c5bc271-66b8-4b72-bb5f-66a5695222df,GH3,sys_gh_temp,28.3200,normal,1.00,2025-02-19 00:00:00+00,2025-08-09 07:02:02.956467+00
4546,5c5bc271-66b8-4b72-bb5f-66a5695222df,GH3,sys_gh_temp,25.6400,normal,1.00,2025-02-20 00:00:00+00,2025-08-09 07:02:02.956467+00
4547,5c5bc271-66b8-4b72-bb5f-66a5695222df,GH3,sys_gh_temp,29.3800,normal,1.00,2025-02-21 00:00:00+00,2025-08-09 07:02:02.956467+00
4548,5c5bc271-66b8-4b72-bb5f-66a5695222df,GH3,sys_gh_temp,32.6600,normal,1.00,2025-02-22 00:00:00+00,2025-08-09 07:02:02.956467+00
4549,5c5bc271-66b8-4b72-bb5f-66a5695222df,GH3,sys_gh_temp,30.4000,normal,1.00,2025-02-24 00:00:00+00,2025-08-09 07:02:02.956467+00
4550,5c5bc271-66b8-4b72-bb5f-66a5695222df,GH3,sys_gh_temp,29.8000,normal,1.00,2025-02-25 00:00:00+00,2025-08-09 07:02:02.956467+00
4551,5c5bc271-66b8-4b72-bb5f-66a5695222df,GH3,sys_gh_temp,35.9200,normal,1.00,2025-02-26 00:00:00+00,2025-08-09 07:02:02.956467+00
4552,5c5bc271-66b8-4b72-bb5f-66a5695222df,GH3,sys_gh_temp,29.6000,normal,1.00,2025-02-27 00:00:00+00,2025-08-09 07:02:02.956467+00
4553,5c5bc271-66b8-4b72-bb5f-66a5695222df,GH3,sys_gh_temp,30.5800,normal,1.00,2025-02-28 00:00:00+00,2025-08-09 07:02:02.956467+00
4554,5c5bc271-66b8-4b72-bb5f-66a5695222df,GH3,sys_gh_temp,31.5400,normal,1.00,2025-03-01 00:00:00+00,2025-08-09 07:02:02.956467+00
4555,5c5bc271-66b8-4b72-bb5f-66a5695222df,GH3,sys_gh_temp,32.3000,normal,1.00,2025-03-02 00:00:00+00,2025-08-09 07:02:02.956467+00
4556,5c5bc271-66b8-4b72-bb5f-66a5695222df,GH3,sys_gh_temp,28.7000,normal,1.00,2025-03-03 00:00:00+00,2025-08-09 07:02:02.956467+00
4557,5c5bc271-66b8-4b72-bb5f-66a5695222df,GH3,sys_gh_temp,29.4000,normal,1.00,2025-03-04 00:00:00+00,2025-08-09 07:02:02.956467+00
4558,5c5bc271-66b8-4b72-bb5f-66a5695222df,GH3,sys_gh_temp,32.8000,normal,1.00,2025-03-05 00:00:00+00,2025-08-09 07:02:02.956467+00
4559,5c5bc271-66b8-4b72-bb5f-66a5695222df,GH3,sys_gh_temp,30.6000,normal,1.00,2025-03-06 00:00:00+00,2025-08-09 07:02:02.956467+00
4560,5c5bc271-66b8-4b72-bb5f-66a5695222df,GH3,sys_gh_temp,31.8000,normal,1.00,2025-03-07 00:00:00+00,2025-08-09 07:02:02.956467+00
4561,5c5bc271-66b8-4b72-bb5f-66a5695222df,GH3,sys_gh_temp,28.5000,normal,1.00,2025-03-08 00:00:00+00,2025-08-09 07:02:02.956467+00
4562,5c5bc271-66b8-4b72-bb5f-66a5695222df,GH3,sys_gh_temp,31.1400,normal,1.00,2025-03-09 00:00:00+00,2025-08-09 07:02:02.956467+00
4563,5c5bc271-66b8-4b72-bb5f-66a5695222df,GH3,sys_gh_temp,30.2000,normal,1.00,2025-03-10 00:00:00+00,2025-08-09 07:02:02.956467+00
4564,5c5bc271-66b8-4b72-bb5f-66a5695222df,GH3,sys_gh_temp,31.7000,normal,1.00,2025-03-11 00:00:00+00,2025-08-09 07:02:02.956467+00
4565,5c5bc271-66b8-4b72-bb5f-66a5695222df,GH3,sys_gh_temp,3.3000,normal,1.00,2025-03-12 00:00:00+00,2025-08-09 07:02:02.956467+00
4566,5c5bc271-66b8-4b72-bb5f-66a5695222df,GH3,sys_gh_temp,36.2000,normal,1.00,2025-03-13 00:00:00+00,2025-08-09 07:02:02.956467+00
4567,5c5bc271-66b8-4b72-bb5f-66a5695222df,GH3,sys_gh_temp,30.7000,normal,1.00,2025-03-14 00:00:00+00,2025-08-09 07:02:02.956467+00
4568,5c5bc271-66b8-4b72-bb5f-66a5695222df,GH3,sys_gh_temp,28.4000,normal,1.00,2025-03-15 00:00:00+00,2025-08-09 07:02:02.956467+00
4569,5c5bc271-66b8-4b72-bb5f-66a5695222df,GH3,sys_gh_temp,29.8000,normal,1.00,2025-03-16 00:00:00+00,2025-08-09 07:02:02.956467+00
4570,5c5bc271-66b8-4b72-bb5f-66a5695222df,GH3,sys_gh_temp,27.9800,normal,1.00,2025-03-17 00:00:00+00,2025-08-09 07:02:02.956467+00
4571,5c5bc271-66b8-4b72-bb5f-66a5695222df,GH3,sys_gh_temp,31.1000,normal,1.00,2025-03-18 00:00:00+00,2025-08-09 07:02:02.956467+00
4572,5c5bc271-66b8-4b72-bb5f-66a5695222df,GH3,sys_gh_temp,29.9800,normal,1.00,2025-03-19 00:00:00+00,2025-08-09 07:02:02.956467+00
4573,5c5bc271-66b8-4b72-bb5f-66a5695222df,GH3,sys_gh_temp,26.3000,normal,1.00,2025-03-20 00:00:00+00,2025-08-09 07:02:02.956467+00
4574,5c5bc271-66b8-4b72-bb5f-66a5695222df,GH3,sys_gh_temp,27.6000,normal,1.00,2025-03-21 00:00:00+00,2025-08-09 07:02:02.956467+00
4575,5c5bc271-66b8-4b72-bb5f-66a5695222df,GH3,sys_gh_temp,28.4200,normal,1.00,2025-03-22 00:00:00+00,2025-08-09 07:02:02.956467+00
4576,5c5bc271-66b8-4b72-bb5f-66a5695222df,GH3,sys_gh_temp,29.9200,normal,1.00,2025-03-23 00:00:00+00,2025-08-09 07:02:02.956467+00
4577,5c5bc271-66b8-4b72-bb5f-66a5695222df,GH3,sys_gh_temp,28.8000,normal,1.00,2025-03-24 00:00:00+00,2025-08-09 07:02:02.956467+00
4578,5c5bc271-66b8-4b72-bb5f-66a5695222df,GH3,sys_gh_temp,30.4000,normal,1.00,2025-03-25 00:00:00+00,2025-08-09 07:02:02.956467+00
4579,5c5bc271-66b8-4b72-bb5f-66a5695222df,GH3,sys_gh_temp,30.5000,normal,1.00,2025-03-26 00:00:00+00,2025-08-09 07:02:02.956467+00
4580,5c5bc271-66b8-4b72-bb5f-66a5695222df,GH3,sys_gh_temp,30.1000,normal,1.00,2025-03-27 00:00:00+00,2025-08-09 07:02:02.956467+00
4581,5c5bc271-66b8-4b72-bb5f-66a5695222df,GH3,sys_gh_temp,32.5000,normal,1.00,2025-03-28 00:00:00+00,2025-08-09 07:02:02.956467+00
4582,5c5bc271-66b8-4b72-bb5f-66a5695222df,GH3,sys_gh_temp,26.2000,normal,1.00,2025-03-29 00:00:00+00,2025-08-09 07:02:02.956467+00
4583,5c5bc271-66b8-4b72-bb5f-66a5695222df,GH3,sys_gh_temp,29.3000,normal,1.00,2025-03-30 00:00:00+00,2025-08-09 07:02:02.956467+00
4584,5c5bc271-66b8-4b72-bb5f-66a5695222df,GH3,sys_gh_temp,31.7000,normal,1.00,2025-03-31 00:00:00+00,2025-08-09 07:02:02.956467+00
4585,5c5bc271-66b8-4b72-bb5f-66a5695222df,GH3,sys_gh_temp,33.9000,normal,1.00,2025-04-01 00:00:00+00,2025-08-09 07:02:02.956467+00
4586,5c5bc271-66b8-4b72-bb5f-66a5695222df,GH3,sys_gh_temp,32.2000,normal,1.00,2025-04-02 00:00:00+00,2025-08-09 07:02:02.956467+00
4587,5c5bc271-66b8-4b72-bb5f-66a5695222df,GH3,sys_gh_temp,33.0000,normal,1.00,2025-04-03 00:00:00+00,2025-08-09 07:02:02.956467+00
4588,5c5bc271-66b8-4b72-bb5f-66a5695222df,GH3,sys_gh_temp,33.0000,normal,1.00,2025-04-04 00:00:00+00,2025-08-09 07:02:02.956467+00
4589,5c5bc271-66b8-4b72-bb5f-66a5695222df,GH3,sys_gh_temp,30.5000,normal,1.00,2025-04-05 00:00:00+00,2025-08-09 07:02:02.956467+00
4590,5c5bc271-66b8-4b72-bb5f-66a5695222df,GH3,sys_gh_temp,30.1300,normal,1.00,2025-04-06 00:00:00+00,2025-08-09 07:02:02.956467+00
4591,5c5bc271-66b8-4b72-bb5f-66a5695222df,GH3,sys_gh_temp,30.0000,normal,1.00,2025-04-07 00:00:00+00,2025-08-09 07:02:02.956467+00
4592,5c5bc271-66b8-4b72-bb5f-66a5695222df,GH3,sys_gh_temp,30.0000,normal,1.00,2025-04-08 00:00:00+00,2025-08-09 07:02:02.956467+00
4593,5c5bc271-66b8-4b72-bb5f-66a5695222df,GH3,sys_gh_temp,32.0000,normal,1.00,2025-04-09 00:00:00+00,2025-08-09 07:02:02.956467+00
4594,5c5bc271-66b8-4b72-bb5f-66a5695222df,GH3,sys_gh_temp,31.6000,normal,1.00,2025-04-10 00:00:00+00,2025-08-09 07:02:02.956467+00
4595,5c5bc271-66b8-4b72-bb5f-66a5695222df,GH3,sys_gh_temp,35.5000,normal,1.00,2025-04-11 00:00:00+00,2025-08-09 07:02:02.956467+00
4596,5c5bc271-66b8-4b72-bb5f-66a5695222df,GH3,sys_gh_temp,36.8600,normal,1.00,2025-04-12 00:00:00+00,2025-08-09 07:02:02.956467+00
4597,5c5bc271-66b8-4b72-bb5f-66a5695222df,GH3,sys_gh_temp,37.6000,normal,1.00,2025-04-13 00:00:00+00,2025-08-09 07:02:02.956467+00
4598,5c5bc271-66b8-4b72-bb5f-66a5695222df,GH3,sys_gh_rh,64.0000,normal,1.00,2024-12-30 00:00:00+00,2025-08-09 07:02:02.956467+00
4599,5c5bc271-66b8-4b72-bb5f-66a5695222df,GH3,sys_gh_rh,51.0000,normal,1.00,2024-12-31 00:00:00+00,2025-08-09 07:02:02.956467+00
4600,5c5bc271-66b8-4b72-bb5f-66a5695222df,GH3,sys_gh_rh,62.0000,normal,1.00,2025-01-01 00:00:00+00,2025-08-09 07:02:02.956467+00
4601,5c5bc271-66b8-4b72-bb5f-66a5695222df,GH3,sys_gh_rh,53.0000,normal,1.00,2025-01-02 00:00:00+00,2025-08-09 07:02:02.956467+00
4602,5c5bc271-66b8-4b72-bb5f-66a5695222df,GH3,sys_gh_rh,59.0000,normal,1.00,2025-01-03 00:00:00+00,2025-08-09 07:02:02.956467+00
4603,5c5bc271-66b8-4b72-bb5f-66a5695222df,GH3,sys_gh_rh,7.0000,normal,1.00,2025-01-04 00:00:00+00,2025-08-09 07:02:02.956467+00
4604,5c5bc271-66b8-4b72-bb5f-66a5695222df,GH3,sys_gh_rh,61.0000,normal,1.00,2025-01-06 00:00:00+00,2025-08-09 07:02:02.956467+00
4605,5c5bc271-66b8-4b72-bb5f-66a5695222df,GH3,sys_gh_rh,71.0000,normal,1.00,2025-01-07 00:00:00+00,2025-08-09 07:02:02.956467+00
4606,5c5bc271-66b8-4b72-bb5f-66a5695222df,GH3,sys_gh_rh,62.0000,normal,1.00,2025-01-08 00:00:00+00,2025-08-09 07:02:02.956467+00
4607,5c5bc271-66b8-4b72-bb5f-66a5695222df,GH3,sys_gh_rh,52.0000,normal,1.00,2025-01-09 00:00:00+00,2025-08-09 07:02:02.956467+00
4608,5c5bc271-66b8-4b72-bb5f-66a5695222df,GH3,sys_gh_rh,53.0000,normal,1.00,2025-01-10 00:00:00+00,2025-08-09 07:02:02.956467+00
4609,5c5bc271-66b8-4b72-bb5f-66a5695222df,GH3,sys_gh_rh,52.0000,normal,1.00,2025-01-11 00:00:00+00,2025-08-09 07:02:02.956467+00
4610,5c5bc271-66b8-4b72-bb5f-66a5695222df,GH3,sys_gh_rh,61.0000,normal,1.00,2025-01-12 00:00:00+00,2025-08-09 07:02:02.956467+00
4611,5c5bc271-66b8-4b72-bb5f-66a5695222df,GH3,sys_gh_rh,57.0000,normal,1.00,2025-01-13 00:00:00+00,2025-08-09 07:02:02.956467+00
4612,5c5bc271-66b8-4b72-bb5f-66a5695222df,GH3,sys_gh_rh,65.0000,normal,1.00,2025-01-14 00:00:00+00,2025-08-09 07:02:02.956467+00
4613,5c5bc271-66b8-4b72-bb5f-66a5695222df,GH3,sys_gh_rh,60.0000,normal,1.00,2025-01-15 00:00:00+00,2025-08-09 07:02:02.956467+00
4614,5c5bc271-66b8-4b72-bb5f-66a5695222df,GH3,sys_gh_rh,55.0000,normal,1.00,2025-01-16 00:00:00+00,2025-08-09 07:02:02.956467+00
4615,5c5bc271-66b8-4b72-bb5f-66a5695222df,GH3,sys_gh_rh,53.0000,normal,1.00,2025-01-17 00:00:00+00,2025-08-09 07:02:02.956467+00
4616,5c5bc271-66b8-4b72-bb5f-66a5695222df,GH3,sys_gh_rh,55.0000,normal,1.00,2025-01-18 00:00:00+00,2025-08-09 07:02:02.956467+00
4617,5c5bc271-66b8-4b72-bb5f-66a5695222df,GH3,sys_gh_rh,62.0000,normal,1.00,2025-01-19 00:00:00+00,2025-08-09 07:02:02.956467+00
4618,5c5bc271-66b8-4b72-bb5f-66a5695222df,GH3,sys_gh_rh,65.0000,normal,1.00,2025-01-20 00:00:00+00,2025-08-09 07:02:02.956467+00
4619,5c5bc271-66b8-4b72-bb5f-66a5695222df,GH3,sys_gh_rh,52.0000,normal,1.00,2025-01-21 00:00:00+00,2025-08-09 07:02:02.956467+00
4620,5c5bc271-66b8-4b72-bb5f-66a5695222df,GH3,sys_gh_rh,49.0000,normal,1.00,2025-01-22 00:00:00+00,2025-08-09 07:02:02.956467+00
4621,5c5bc271-66b8-4b72-bb5f-66a5695222df,GH3,sys_gh_rh,52.0000,normal,1.00,2025-01-23 00:00:00+00,2025-08-09 07:02:02.956467+00
4622,5c5bc271-66b8-4b72-bb5f-66a5695222df,GH3,sys_gh_rh,53.0000,normal,1.00,2025-01-24 00:00:00+00,2025-08-09 07:02:02.956467+00
4623,5c5bc271-66b8-4b72-bb5f-66a5695222df,GH3,sys_gh_rh,53.0000,normal,1.00,2025-01-25 00:00:00+00,2025-08-09 07:02:02.956467+00
4624,5c5bc271-66b8-4b72-bb5f-66a5695222df,GH3,sys_gh_rh,56.0000,normal,1.00,2025-01-27 00:00:00+00,2025-08-09 07:02:02.956467+00
4625,5c5bc271-66b8-4b72-bb5f-66a5695222df,GH3,sys_gh_rh,59.0000,normal,1.00,2025-01-28 00:00:00+00,2025-08-09 07:02:02.956467+00
4626,5c5bc271-66b8-4b72-bb5f-66a5695222df,GH3,sys_gh_rh,51.0000,normal,1.00,2025-01-29 00:00:00+00,2025-08-09 07:02:02.956467+00
4627,5c5bc271-66b8-4b72-bb5f-66a5695222df,GH3,sys_gh_rh,51.0000,normal,1.00,2025-01-30 00:00:00+00,2025-08-09 07:02:02.956467+00
4628,5c5bc271-66b8-4b72-bb5f-66a5695222df,GH3,sys_gh_rh,56.0000,normal,1.00,2025-01-31 00:00:00+00,2025-08-09 07:02:02.956467+00
4629,5c5bc271-66b8-4b72-bb5f-66a5695222df,GH3,sys_gh_rh,47.0000,normal,1.00,2025-02-01 00:00:00+00,2025-08-09 07:02:02.956467+00
4630,5c5bc271-66b8-4b72-bb5f-66a5695222df,GH3,sys_gh_rh,51.0000,normal,1.00,2025-02-02 00:00:00+00,2025-08-09 07:02:02.956467+00
4631,5c5bc271-66b8-4b72-bb5f-66a5695222df,GH3,sys_gh_rh,58.0000,normal,1.00,2025-02-03 00:00:00+00,2025-08-09 07:02:02.956467+00
4632,5c5bc271-66b8-4b72-bb5f-66a5695222df,GH3,sys_gh_rh,64.0000,normal,1.00,2025-02-04 00:00:00+00,2025-08-09 07:02:02.956467+00
4633,5c5bc271-66b8-4b72-bb5f-66a5695222df,GH3,sys_gh_rh,53.0000,normal,1.00,2025-02-05 00:00:00+00,2025-08-09 07:02:02.956467+00
4634,5c5bc271-66b8-4b72-bb5f-66a5695222df,GH3,sys_gh_rh,60.0000,normal,1.00,2025-02-06 00:00:00+00,2025-08-09 07:02:02.956467+00
4635,5c5bc271-66b8-4b72-bb5f-66a5695222df,GH3,sys_gh_rh,66.0000,normal,1.00,2025-02-07 00:00:00+00,2025-08-09 07:02:02.956467+00
4636,5c5bc271-66b8-4b72-bb5f-66a5695222df,GH3,sys_gh_rh,58.0000,normal,1.00,2025-02-08 00:00:00+00,2025-08-09 07:02:02.956467+00
4637,5c5bc271-66b8-4b72-bb5f-66a5695222df,GH3,sys_gh_rh,55.0000,normal,1.00,2025-02-10 00:00:00+00,2025-08-09 07:02:02.956467+00
4638,5c5bc271-66b8-4b72-bb5f-66a5695222df,GH3,sys_gh_rh,59.0000,normal,1.00,2025-02-11 00:00:00+00,2025-08-09 07:02:02.956467+00
4639,5c5bc271-66b8-4b72-bb5f-66a5695222df,GH3,sys_gh_rh,45.0000,normal,1.00,2025-02-12 00:00:00+00,2025-08-09 07:02:02.956467+00
4640,5c5bc271-66b8-4b72-bb5f-66a5695222df,GH3,sys_gh_rh,43.0000,normal,1.00,2025-02-13 00:00:00+00,2025-08-09 07:02:02.956467+00
4641,5c5bc271-66b8-4b72-bb5f-66a5695222df,GH3,sys_gh_rh,52.0000,normal,1.00,2025-02-14 00:00:00+00,2025-08-09 07:02:02.956467+00
4642,5c5bc271-66b8-4b72-bb5f-66a5695222df,GH3,sys_gh_rh,53.6000,normal,1.00,2025-02-15 00:00:00+00,2025-08-09 07:02:02.956467+00
4643,5c5bc271-66b8-4b72-bb5f-66a5695222df,GH3,sys_gh_rh,53.0000,normal,1.00,2025-02-17 00:00:00+00,2025-08-09 07:02:02.956467+00
4644,5c5bc271-66b8-4b72-bb5f-66a5695222df,GH3,sys_gh_rh,57.0000,normal,1.00,2025-02-18 00:00:00+00,2025-08-09 07:02:02.956467+00
4645,5c5bc271-66b8-4b72-bb5f-66a5695222df,GH3,sys_gh_rh,32.0000,normal,1.00,2025-02-19 00:00:00+00,2025-08-09 07:02:02.956467+00
4646,5c5bc271-66b8-4b72-bb5f-66a5695222df,GH3,sys_gh_rh,64.0000,normal,1.00,2025-02-20 00:00:00+00,2025-08-09 07:02:02.956467+00
4647,5c5bc271-66b8-4b72-bb5f-66a5695222df,GH3,sys_gh_rh,47.0000,normal,1.00,2025-02-21 00:00:00+00,2025-08-09 07:02:02.956467+00
4648,5c5bc271-66b8-4b72-bb5f-66a5695222df,GH3,sys_gh_rh,38.0000,normal,1.00,2025-02-22 00:00:00+00,2025-08-09 07:02:02.956467+00
4649,5c5bc271-66b8-4b72-bb5f-66a5695222df,GH3,sys_gh_rh,43.0000,normal,1.00,2025-02-24 00:00:00+00,2025-08-09 07:02:02.956467+00
4650,5c5bc271-66b8-4b72-bb5f-66a5695222df,GH3,sys_gh_rh,47.0000,normal,1.00,2025-02-25 00:00:00+00,2025-08-09 07:02:02.956467+00
4651,5c5bc271-66b8-4b72-bb5f-66a5695222df,GH3,sys_gh_rh,48.0000,normal,1.00,2025-02-26 00:00:00+00,2025-08-09 07:02:02.956467+00
4652,5c5bc271-66b8-4b72-bb5f-66a5695222df,GH3,sys_gh_rh,44.0000,normal,1.00,2025-02-27 00:00:00+00,2025-08-09 07:02:02.956467+00
4653,5c5bc271-66b8-4b72-bb5f-66a5695222df,GH3,sys_gh_rh,42.0000,normal,1.00,2025-02-28 00:00:00+00,2025-08-09 07:02:02.956467+00
4654,5c5bc271-66b8-4b72-bb5f-66a5695222df,GH3,sys_gh_rh,42.0000,normal,1.00,2025-03-01 00:00:00+00,2025-08-09 07:02:02.956467+00
4655,5c5bc271-66b8-4b72-bb5f-66a5695222df,GH3,sys_gh_rh,47.0000,normal,1.00,2025-03-02 00:00:00+00,2025-08-09 07:02:02.956467+00
4656,5c5bc271-66b8-4b72-bb5f-66a5695222df,GH3,sys_gh_rh,50.0000,normal,1.00,2025-03-03 00:00:00+00,2025-08-09 07:02:02.956467+00
4657,5c5bc271-66b8-4b72-bb5f-66a5695222df,GH3,sys_gh_rh,52.0000,normal,1.00,2025-03-04 00:00:00+00,2025-08-09 07:02:02.956467+00
4658,5c5bc271-66b8-4b72-bb5f-66a5695222df,GH3,sys_gh_rh,42.0000,normal,1.00,2025-03-05 00:00:00+00,2025-08-09 07:02:02.956467+00
4659,5c5bc271-66b8-4b72-bb5f-66a5695222df,GH3,sys_gh_rh,51.0000,normal,1.00,2025-03-06 00:00:00+00,2025-08-09 07:02:02.956467+00
4660,5c5bc271-66b8-4b72-bb5f-66a5695222df,GH3,sys_gh_rh,43.0000,normal,1.00,2025-03-07 00:00:00+00,2025-08-09 07:02:02.956467+00
4661,5c5bc271-66b8-4b72-bb5f-66a5695222df,GH3,sys_gh_rh,52.0000,normal,1.00,2025-03-08 00:00:00+00,2025-08-09 07:02:02.956467+00
4662,5c5bc271-66b8-4b72-bb5f-66a5695222df,GH3,sys_gh_rh,54.0000,normal,1.00,2025-03-09 00:00:00+00,2025-08-09 07:02:02.956467+00
4663,5c5bc271-66b8-4b72-bb5f-66a5695222df,GH3,sys_gh_rh,48.0000,normal,1.00,2025-03-10 00:00:00+00,2025-08-09 07:02:02.956467+00
4664,5c5bc271-66b8-4b72-bb5f-66a5695222df,GH3,sys_gh_rh,43.0000,normal,1.00,2025-03-11 00:00:00+00,2025-08-09 07:02:02.956467+00
4665,5c5bc271-66b8-4b72-bb5f-66a5695222df,GH3,sys_gh_rh,44.0000,normal,1.00,2025-03-12 00:00:00+00,2025-08-09 07:02:02.956467+00
4666,5c5bc271-66b8-4b72-bb5f-66a5695222df,GH3,sys_gh_rh,36.0000,normal,1.00,2025-03-13 00:00:00+00,2025-08-09 07:02:02.956467+00
4667,5c5bc271-66b8-4b72-bb5f-66a5695222df,GH3,sys_gh_rh,48.0000,normal,1.00,2025-03-14 00:00:00+00,2025-08-09 07:02:02.956467+00
4668,5c5bc271-66b8-4b72-bb5f-66a5695222df,GH3,sys_gh_rh,55.0000,normal,1.00,2025-03-15 00:00:00+00,2025-08-09 07:02:02.956467+00
4669,5c5bc271-66b8-4b72-bb5f-66a5695222df,GH3,sys_gh_rh,53.0000,normal,1.00,2025-03-16 00:00:00+00,2025-08-09 07:02:02.956467+00
4670,5c5bc271-66b8-4b72-bb5f-66a5695222df,GH3,sys_gh_rh,61.0000,normal,1.00,2025-03-17 00:00:00+00,2025-08-09 07:02:02.956467+00
4671,5c5bc271-66b8-4b72-bb5f-66a5695222df,GH3,sys_gh_rh,48.0000,normal,1.00,2025-03-18 00:00:00+00,2025-08-09 07:02:02.956467+00
4672,5c5bc271-66b8-4b72-bb5f-66a5695222df,GH3,sys_gh_rh,44.0000,normal,1.00,2025-03-19 00:00:00+00,2025-08-09 07:02:02.956467+00
4673,5c5bc271-66b8-4b72-bb5f-66a5695222df,GH3,sys_gh_rh,57.0000,normal,1.00,2025-03-20 00:00:00+00,2025-08-09 07:02:02.956467+00
4674,5c5bc271-66b8-4b72-bb5f-66a5695222df,GH3,sys_gh_rh,51.0000,normal,1.00,2025-03-21 00:00:00+00,2025-08-09 07:02:02.956467+00
4675,5c5bc271-66b8-4b72-bb5f-66a5695222df,GH3,sys_gh_rh,51.2000,normal,1.00,2025-03-22 00:00:00+00,2025-08-09 07:02:02.956467+00
4676,5c5bc271-66b8-4b72-bb5f-66a5695222df,GH3,sys_gh_rh,47.0000,normal,1.00,2025-03-23 00:00:00+00,2025-08-09 07:02:02.956467+00
4677,5c5bc271-66b8-4b72-bb5f-66a5695222df,GH3,sys_gh_rh,51.0000,normal,1.00,2025-03-24 00:00:00+00,2025-08-09 07:02:02.956467+00
4678,5c5bc271-66b8-4b72-bb5f-66a5695222df,GH3,sys_gh_rh,49.0000,normal,1.00,2025-03-25 00:00:00+00,2025-08-09 07:02:02.956467+00
4679,5c5bc271-66b8-4b72-bb5f-66a5695222df,GH3,sys_gh_rh,49.0000,normal,1.00,2025-03-26 00:00:00+00,2025-08-09 07:02:02.956467+00
4680,5c5bc271-66b8-4b72-bb5f-66a5695222df,GH3,sys_gh_rh,42.4000,normal,1.00,2025-03-27 00:00:00+00,2025-08-09 07:02:02.956467+00
4681,5c5bc271-66b8-4b72-bb5f-66a5695222df,GH3,sys_gh_rh,46.0000,normal,1.00,2025-03-28 00:00:00+00,2025-08-09 07:02:02.956467+00
4682,5c5bc271-66b8-4b72-bb5f-66a5695222df,GH3,sys_gh_rh,69.0000,normal,1.00,2025-03-29 00:00:00+00,2025-08-09 07:02:02.956467+00
4683,5c5bc271-66b8-4b72-bb5f-66a5695222df,GH3,sys_gh_rh,51.5000,normal,1.00,2025-03-30 00:00:00+00,2025-08-09 07:02:02.956467+00
4684,5c5bc271-66b8-4b72-bb5f-66a5695222df,GH3,sys_gh_rh,49.0000,normal,1.00,2025-03-31 00:00:00+00,2025-08-09 07:02:02.956467+00
4685,5c5bc271-66b8-4b72-bb5f-66a5695222df,GH3,sys_gh_rh,42.0000,normal,1.00,2025-04-01 00:00:00+00,2025-08-09 07:02:02.956467+00
4686,5c5bc271-66b8-4b72-bb5f-66a5695222df,GH3,sys_gh_rh,46.0000,normal,1.00,2025-04-02 00:00:00+00,2025-08-09 07:02:02.956467+00
4687,5c5bc271-66b8-4b72-bb5f-66a5695222df,GH3,sys_gh_rh,47.0000,normal,1.00,2025-04-03 00:00:00+00,2025-08-09 07:02:02.956467+00
4688,5c5bc271-66b8-4b72-bb5f-66a5695222df,GH3,sys_gh_rh,45.0000,normal,1.00,2025-04-04 00:00:00+00,2025-08-09 07:02:02.956467+00
4689,5c5bc271-66b8-4b72-bb5f-66a5695222df,GH3,sys_gh_rh,52.2500,normal,1.00,2025-04-05 00:00:00+00,2025-08-09 07:02:02.956467+00
4690,5c5bc271-66b8-4b72-bb5f-66a5695222df,GH3,sys_gh_rh,51.7500,normal,1.00,2025-04-06 00:00:00+00,2025-08-09 07:02:02.956467+00
4691,5c5bc271-66b8-4b72-bb5f-66a5695222df,GH3,sys_gh_rh,50.7500,normal,1.00,2025-04-07 00:00:00+00,2025-08-09 07:02:02.956467+00
4692,5c5bc271-66b8-4b72-bb5f-66a5695222df,GH3,sys_gh_rh,54.0000,normal,1.00,2025-04-08 00:00:00+00,2025-08-09 07:02:02.956467+00
4693,5c5bc271-66b8-4b72-bb5f-66a5695222df,GH3,sys_gh_rh,46.0000,normal,1.00,2025-04-09 00:00:00+00,2025-08-09 07:02:02.956467+00
4694,5c5bc271-66b8-4b72-bb5f-66a5695222df,GH3,sys_gh_rh,46.2000,normal,1.00,2025-04-10 00:00:00+00,2025-08-09 07:02:02.956467+00
4695,5c5bc271-66b8-4b72-bb5f-66a5695222df,GH3,sys_gh_rh,46.0000,normal,1.00,2025-04-11 00:00:00+00,2025-08-09 07:02:02.956467+00
4696,5c5bc271-66b8-4b72-bb5f-66a5695222df,GH3,sys_gh_rh,37.4000,normal,1.00,2025-04-12 00:00:00+00,2025-08-09 07:02:02.956467+00
4697,5c5bc271-66b8-4b72-bb5f-66a5695222df,GH3,sys_gh_rh,38.0000,normal,1.00,2025-04-13 00:00:00+00,2025-08-09 07:02:02.956467+00
4698,5c5bc271-66b8-4b72-bb5f-66a5695222df,GH3,fwater_ec,0.1750,normal,1.00,2024-12-30 00:00:00+00,2025-08-09 07:02:02.956467+00
4699,5c5bc271-66b8-4b72-bb5f-66a5695222df,GH3,fwater_ec,0.1820,normal,1.00,2024-12-31 00:00:00+00,2025-08-09 07:02:02.956467+00
4700,5c5bc271-66b8-4b72-bb5f-66a5695222df,GH3,fwater_ec,0.1670,normal,1.00,2025-01-01 00:00:00+00,2025-08-09 07:02:02.956467+00
4701,5c5bc271-66b8-4b72-bb5f-66a5695222df,GH3,fwater_ec,0.1730,normal,1.00,2025-01-02 00:00:00+00,2025-08-09 07:02:02.956467+00
4702,5c5bc271-66b8-4b72-bb5f-66a5695222df,GH3,fwater_ec,0.1850,normal,1.00,2025-01-03 00:00:00+00,2025-08-09 07:02:02.956467+00
4703,5c5bc271-66b8-4b72-bb5f-66a5695222df,GH3,fwater_ec,0.1740,normal,1.00,2025-01-04 00:00:00+00,2025-08-09 07:02:02.956467+00
4704,5c5bc271-66b8-4b72-bb5f-66a5695222df,GH3,fwater_ec,1.7040,normal,1.00,2025-01-06 00:00:00+00,2025-08-09 07:02:02.956467+00
4705,5c5bc271-66b8-4b72-bb5f-66a5695222df,GH3,fwater_ec,1.5840,normal,1.00,2025-01-07 00:00:00+00,2025-08-09 07:02:02.956467+00
4706,5c5bc271-66b8-4b72-bb5f-66a5695222df,GH3,fwater_ec,1.6020,normal,1.00,2025-01-08 00:00:00+00,2025-08-09 07:02:02.956467+00
4707,5c5bc271-66b8-4b72-bb5f-66a5695222df,GH3,fwater_ec,1.6720,normal,1.00,2025-01-09 00:00:00+00,2025-08-09 07:02:02.956467+00
4708,5c5bc271-66b8-4b72-bb5f-66a5695222df,GH3,fwater_ec,1.6380,normal,1.00,2025-01-10 00:00:00+00,2025-08-09 07:02:02.956467+00
4709,5c5bc271-66b8-4b72-bb5f-66a5695222df,GH3,fwater_ec,0.1650,normal,1.00,2025-01-11 00:00:00+00,2025-08-09 07:02:02.956467+00
4710,5c5bc271-66b8-4b72-bb5f-66a5695222df,GH3,fwater_ec,1.5080,normal,1.00,2025-01-12 00:00:00+00,2025-08-09 07:02:02.956467+00
4711,5c5bc271-66b8-4b72-bb5f-66a5695222df,GH3,fwater_ec,0.1590,normal,1.00,2025-01-13 00:00:00+00,2025-08-09 07:02:02.956467+00
4712,5c5bc271-66b8-4b72-bb5f-66a5695222df,GH3,fwater_ec,0.1570,normal,1.00,2025-01-14 00:00:00+00,2025-08-09 07:02:02.956467+00
4713,5c5bc271-66b8-4b72-bb5f-66a5695222df,GH3,fwater_ec,0.1610,normal,1.00,2025-01-15 00:00:00+00,2025-08-09 07:02:02.956467+00
4714,5c5bc271-66b8-4b72-bb5f-66a5695222df,GH3,fwater_ec,0.1630,normal,1.00,2025-01-16 00:00:00+00,2025-08-09 07:02:02.956467+00
4715,5c5bc271-66b8-4b72-bb5f-66a5695222df,GH3,fwater_ec,0.1610,normal,1.00,2025-01-17 00:00:00+00,2025-08-09 07:02:02.956467+00
4716,5c5bc271-66b8-4b72-bb5f-66a5695222df,GH3,fwater_ec,0.1730,normal,1.00,2025-01-18 00:00:00+00,2025-08-09 07:02:02.956467+00
4717,5c5bc271-66b8-4b72-bb5f-66a5695222df,GH3,fwater_ec,0.1640,normal,1.00,2025-01-19 00:00:00+00,2025-08-09 07:02:02.956467+00
4718,5c5bc271-66b8-4b72-bb5f-66a5695222df,GH3,fwater_ec,0.1590,normal,1.00,2025-01-20 00:00:00+00,2025-08-09 07:02:02.956467+00
4719,5c5bc271-66b8-4b72-bb5f-66a5695222df,GH3,fwater_ec,0.1610,normal,1.00,2025-01-21 00:00:00+00,2025-08-09 07:02:02.956467+00
4720,5c5bc271-66b8-4b72-bb5f-66a5695222df,GH3,fwater_ec,0.1620,normal,1.00,2025-01-22 00:00:00+00,2025-08-09 07:02:02.956467+00
4721,5c5bc271-66b8-4b72-bb5f-66a5695222df,GH3,fwater_ec,0.1550,normal,1.00,2025-01-23 00:00:00+00,2025-08-09 07:02:02.956467+00
4722,5c5bc271-66b8-4b72-bb5f-66a5695222df,GH3,fwater_ec,0.1660,normal,1.00,2025-01-24 00:00:00+00,2025-08-09 07:02:02.956467+00
4723,5c5bc271-66b8-4b72-bb5f-66a5695222df,GH3,fwater_ec,0.1560,normal,1.00,2025-01-27 00:00:00+00,2025-08-09 07:02:02.956467+00
4724,5c5bc271-66b8-4b72-bb5f-66a5695222df,GH3,fwater_ec,0.1620,normal,1.00,2025-01-28 00:00:00+00,2025-08-09 07:02:02.956467+00
4725,5c5bc271-66b8-4b72-bb5f-66a5695222df,GH3,fwater_ec,0.1650,normal,1.00,2025-01-29 00:00:00+00,2025-08-09 07:02:02.956467+00
4726,5c5bc271-66b8-4b72-bb5f-66a5695222df,GH3,fwater_ec,0.1540,normal,1.00,2025-01-30 00:00:00+00,2025-08-09 07:02:02.956467+00
4727,5c5bc271-66b8-4b72-bb5f-66a5695222df,GH3,fwater_ec,0.1570,normal,1.00,2025-01-31 00:00:00+00,2025-08-09 07:02:02.956467+00
4728,5c5bc271-66b8-4b72-bb5f-66a5695222df,GH3,fwater_ec,0.1540,normal,1.00,2025-02-01 00:00:00+00,2025-08-09 07:02:02.956467+00
4729,5c5bc271-66b8-4b72-bb5f-66a5695222df,GH3,fwater_ec,0.1580,normal,1.00,2025-02-02 00:00:00+00,2025-08-09 07:02:02.956467+00
4730,5c5bc271-66b8-4b72-bb5f-66a5695222df,GH3,fwater_ec,0.1620,normal,1.00,2025-02-03 00:00:00+00,2025-08-09 07:02:02.956467+00
4731,5c5bc271-66b8-4b72-bb5f-66a5695222df,GH3,fwater_ec,0.1600,normal,1.00,2025-02-04 00:00:00+00,2025-08-09 07:02:02.956467+00
4732,5c5bc271-66b8-4b72-bb5f-66a5695222df,GH3,fwater_ec,0.1610,normal,1.00,2025-02-05 00:00:00+00,2025-08-09 07:02:02.956467+00
4733,5c5bc271-66b8-4b72-bb5f-66a5695222df,GH3,fwater_ec,0.1620,normal,1.00,2025-02-06 00:00:00+00,2025-08-09 07:02:02.956467+00
4734,5c5bc271-66b8-4b72-bb5f-66a5695222df,GH3,fwater_ec,0.1610,normal,1.00,2025-02-07 00:00:00+00,2025-08-09 07:02:02.956467+00
4735,5c5bc271-66b8-4b72-bb5f-66a5695222df,GH3,fwater_ec,0.1610,normal,1.00,2025-02-08 00:00:00+00,2025-08-09 07:02:02.956467+00
4736,5c5bc271-66b8-4b72-bb5f-66a5695222df,GH3,fwater_ec,0.1620,normal,1.00,2025-02-10 00:00:00+00,2025-08-09 07:02:02.956467+00
4737,5c5bc271-66b8-4b72-bb5f-66a5695222df,GH3,fwater_ec,0.1610,normal,1.00,2025-02-11 00:00:00+00,2025-08-09 07:02:02.956467+00
4738,5c5bc271-66b8-4b72-bb5f-66a5695222df,GH3,fwater_ec,0.1590,normal,1.00,2025-02-12 00:00:00+00,2025-08-09 07:02:02.956467+00
4739,5c5bc271-66b8-4b72-bb5f-66a5695222df,GH3,fwater_ec,0.1550,normal,1.00,2025-02-13 00:00:00+00,2025-08-09 07:02:02.956467+00
4740,5c5bc271-66b8-4b72-bb5f-66a5695222df,GH3,fwater_ec,0.1600,normal,1.00,2025-02-14 00:00:00+00,2025-08-09 07:02:02.956467+00
4741,5c5bc271-66b8-4b72-bb5f-66a5695222df,GH3,fwater_ec,0.1584,normal,1.00,2025-02-15 00:00:00+00,2025-08-09 07:02:02.956467+00
4742,5c5bc271-66b8-4b72-bb5f-66a5695222df,GH3,fwater_ec,0.1610,normal,1.00,2025-02-17 00:00:00+00,2025-08-09 07:02:02.956467+00
4743,5c5bc271-66b8-4b72-bb5f-66a5695222df,GH3,fwater_ec,0.1660,normal,1.00,2025-02-18 00:00:00+00,2025-08-09 07:02:02.956467+00
4744,5c5bc271-66b8-4b72-bb5f-66a5695222df,GH3,fwater_ec,0.1650,normal,1.00,2025-02-19 00:00:00+00,2025-08-09 07:02:02.956467+00
4745,5c5bc271-66b8-4b72-bb5f-66a5695222df,GH3,fwater_ec,0.1620,normal,1.00,2025-02-20 00:00:00+00,2025-08-09 07:02:02.956467+00
4746,5c5bc271-66b8-4b72-bb5f-66a5695222df,GH3,fwater_ec,0.1640,normal,1.00,2025-02-21 00:00:00+00,2025-08-09 07:02:02.956467+00
4747,5c5bc271-66b8-4b72-bb5f-66a5695222df,GH3,fwater_ec,0.1630,normal,1.00,2025-02-24 00:00:00+00,2025-08-09 07:02:02.956467+00
4748,5c5bc271-66b8-4b72-bb5f-66a5695222df,GH3,fwater_ec,0.1620,normal,1.00,2025-02-25 00:00:00+00,2025-08-09 07:02:02.956467+00
4749,5c5bc271-66b8-4b72-bb5f-66a5695222df,GH3,fwater_ec,0.1610,normal,1.00,2025-02-26 00:00:00+00,2025-08-09 07:02:02.956467+00
4750,5c5bc271-66b8-4b72-bb5f-66a5695222df,GH3,fwater_ec,0.1590,normal,1.00,2025-02-27 00:00:00+00,2025-08-09 07:02:02.956467+00
4751,5c5bc271-66b8-4b72-bb5f-66a5695222df,GH3,fwater_ec,0.1650,normal,1.00,2025-02-28 00:00:00+00,2025-08-09 07:02:02.956467+00
4752,5c5bc271-66b8-4b72-bb5f-66a5695222df,GH3,fwater_ec,0.1650,normal,1.00,2025-03-01 00:00:00+00,2025-08-09 07:02:02.956467+00
4753,5c5bc271-66b8-4b72-bb5f-66a5695222df,GH3,fwater_ec,0.1410,normal,1.00,2025-03-02 00:00:00+00,2025-08-09 07:02:02.956467+00
4754,5c5bc271-66b8-4b72-bb5f-66a5695222df,GH3,fwater_ec,0.1440,normal,1.00,2025-03-03 00:00:00+00,2025-08-09 07:02:02.956467+00
4755,5c5bc271-66b8-4b72-bb5f-66a5695222df,GH3,fwater_ec,0.1410,normal,1.00,2025-03-04 00:00:00+00,2025-08-09 07:02:02.956467+00
4756,5c5bc271-66b8-4b72-bb5f-66a5695222df,GH3,fwater_ec,0.1480,normal,1.00,2025-03-05 00:00:00+00,2025-08-09 07:02:02.956467+00
4757,5c5bc271-66b8-4b72-bb5f-66a5695222df,GH3,fwater_ec,0.1460,normal,1.00,2025-03-06 00:00:00+00,2025-08-09 07:02:02.956467+00
4758,5c5bc271-66b8-4b72-bb5f-66a5695222df,GH3,fwater_ec,0.1470,normal,1.00,2025-03-07 00:00:00+00,2025-08-09 07:02:02.956467+00
4759,5c5bc271-66b8-4b72-bb5f-66a5695222df,GH3,fwater_ec,0.1510,normal,1.00,2025-03-08 00:00:00+00,2025-08-09 07:02:02.956467+00
4760,5c5bc271-66b8-4b72-bb5f-66a5695222df,GH3,fwater_ec,0.1300,normal,1.00,2025-03-09 00:00:00+00,2025-08-09 07:02:02.956467+00
4761,5c5bc271-66b8-4b72-bb5f-66a5695222df,GH3,fwater_ec,0.1500,normal,1.00,2025-03-10 00:00:00+00,2025-08-09 07:02:02.956467+00
4762,5c5bc271-66b8-4b72-bb5f-66a5695222df,GH3,fwater_ec,0.1580,normal,1.00,2025-03-11 00:00:00+00,2025-08-09 07:02:02.956467+00
4763,5c5bc271-66b8-4b72-bb5f-66a5695222df,GH3,fwater_ec,0.1560,normal,1.00,2025-03-12 00:00:00+00,2025-08-09 07:02:02.956467+00
4764,5c5bc271-66b8-4b72-bb5f-66a5695222df,GH3,fwater_ec,0.1550,normal,1.00,2025-03-13 00:00:00+00,2025-08-09 07:02:02.956467+00
4765,5c5bc271-66b8-4b72-bb5f-66a5695222df,GH3,fwater_ec,0.1520,normal,1.00,2025-03-14 00:00:00+00,2025-08-09 07:02:02.956467+00
4766,5c5bc271-66b8-4b72-bb5f-66a5695222df,GH3,fwater_ec,0.1470,normal,1.00,2025-03-15 00:00:00+00,2025-08-09 07:02:02.956467+00
4767,5c5bc271-66b8-4b72-bb5f-66a5695222df,GH3,fwater_ec,0.1390,normal,1.00,2025-03-16 00:00:00+00,2025-08-09 07:02:02.956467+00
4768,5c5bc271-66b8-4b72-bb5f-66a5695222df,GH3,fwater_ec,0.1450,normal,1.00,2025-03-17 00:00:00+00,2025-08-09 07:02:02.956467+00
4769,5c5bc271-66b8-4b72-bb5f-66a5695222df,GH3,fwater_ec,0.1420,normal,1.00,2025-03-18 00:00:00+00,2025-08-09 07:02:02.956467+00
4770,5c5bc271-66b8-4b72-bb5f-66a5695222df,GH3,fwater_ec,0.1460,normal,1.00,2025-03-19 00:00:00+00,2025-08-09 07:02:02.956467+00
4771,5c5bc271-66b8-4b72-bb5f-66a5695222df,GH3,fwater_ec,0.1490,normal,1.00,2025-03-20 00:00:00+00,2025-08-09 07:02:02.956467+00
4772,5c5bc271-66b8-4b72-bb5f-66a5695222df,GH3,fwater_ec,0.1420,normal,1.00,2025-03-21 00:00:00+00,2025-08-09 07:02:02.956467+00
4773,5c5bc271-66b8-4b72-bb5f-66a5695222df,GH3,fwater_ec,0.1470,normal,1.00,2025-03-22 00:00:00+00,2025-08-09 07:02:02.956467+00
4774,5c5bc271-66b8-4b72-bb5f-66a5695222df,GH3,fwater_ec,0.1366,normal,1.00,2025-03-23 00:00:00+00,2025-08-09 07:02:02.956467+00
4775,5c5bc271-66b8-4b72-bb5f-66a5695222df,GH3,fwater_ec,0.1340,normal,1.00,2025-03-24 00:00:00+00,2025-08-09 07:02:02.956467+00
4776,5c5bc271-66b8-4b72-bb5f-66a5695222df,GH3,fwater_ec,0.1390,normal,1.00,2025-03-25 00:00:00+00,2025-08-09 07:02:02.956467+00
4777,5c5bc271-66b8-4b72-bb5f-66a5695222df,GH3,fwater_ec,0.1380,normal,1.00,2025-03-26 00:00:00+00,2025-08-09 07:02:02.956467+00
4778,5c5bc271-66b8-4b72-bb5f-66a5695222df,GH3,fwater_ec,0.1370,normal,1.00,2025-03-27 00:00:00+00,2025-08-09 07:02:02.956467+00
4779,5c5bc271-66b8-4b72-bb5f-66a5695222df,GH3,fwater_ec,0.1420,normal,1.00,2025-03-28 00:00:00+00,2025-08-09 07:02:02.956467+00
4780,5c5bc271-66b8-4b72-bb5f-66a5695222df,GH3,fwater_ec,0.1400,normal,1.00,2025-03-29 00:00:00+00,2025-08-09 07:02:02.956467+00
4781,5c5bc271-66b8-4b72-bb5f-66a5695222df,GH3,fwater_ec,0.1360,normal,1.00,2025-03-30 00:00:00+00,2025-08-09 07:02:02.956467+00
4782,5c5bc271-66b8-4b72-bb5f-66a5695222df,GH3,fwater_ec,0.1430,normal,1.00,2025-03-31 00:00:00+00,2025-08-09 07:02:02.956467+00
4783,5c5bc271-66b8-4b72-bb5f-66a5695222df,GH3,fwater_ec,0.1400,normal,1.00,2025-04-01 00:00:00+00,2025-08-09 07:02:02.956467+00
4784,5c5bc271-66b8-4b72-bb5f-66a5695222df,GH3,fwater_ec,0.1400,normal,1.00,2025-04-02 00:00:00+00,2025-08-09 07:02:02.956467+00
4785,5c5bc271-66b8-4b72-bb5f-66a5695222df,GH3,fwater_ec,0.1330,normal,1.00,2025-04-03 00:00:00+00,2025-08-09 07:02:02.956467+00
4786,5c5bc271-66b8-4b72-bb5f-66a5695222df,GH3,fwater_ec,0.1370,normal,1.00,2025-04-04 00:00:00+00,2025-08-09 07:02:02.956467+00
4787,5c5bc271-66b8-4b72-bb5f-66a5695222df,GH3,fwater_ec,0.1510,normal,1.00,2025-04-05 00:00:00+00,2025-08-09 07:02:02.956467+00
4788,5c5bc271-66b8-4b72-bb5f-66a5695222df,GH3,fwater_ec,0.1400,normal,1.00,2025-04-06 00:00:00+00,2025-08-09 07:02:02.956467+00
4789,5c5bc271-66b8-4b72-bb5f-66a5695222df,GH3,fwater_ec,0.1400,normal,1.00,2025-04-07 00:00:00+00,2025-08-09 07:02:02.956467+00
4790,5c5bc271-66b8-4b72-bb5f-66a5695222df,GH3,fwater_ec,0.1460,normal,1.00,2025-04-08 00:00:00+00,2025-08-09 07:02:02.956467+00
4791,5c5bc271-66b8-4b72-bb5f-66a5695222df,GH3,fwater_ec,0.1570,normal,1.00,2025-04-09 00:00:00+00,2025-08-09 07:02:02.956467+00
4792,5c5bc271-66b8-4b72-bb5f-66a5695222df,GH3,fwater_ec,0.1450,normal,1.00,2025-04-10 00:00:00+00,2025-08-09 07:02:02.956467+00
4793,5c5bc271-66b8-4b72-bb5f-66a5695222df,GH3,fwater_ec,0.1430,normal,1.00,2025-04-11 00:00:00+00,2025-08-09 07:02:02.956467+00
4794,5c5bc271-66b8-4b72-bb5f-66a5695222df,GH3,fwater_ec,0.1540,normal,1.00,2025-04-12 00:00:00+00,2025-08-09 07:02:02.956467+00
4795,5c5bc271-66b8-4b72-bb5f-66a5695222df,GH3,fwater_ec,0.1350,normal,1.00,2025-04-13 00:00:00+00,2025-08-09 07:02:02.956467+00
4796,5c5bc271-66b8-4b72-bb5f-66a5695222df,GH3,fwater_ph,6.8000,normal,1.00,2024-12-30 00:00:00+00,2025-08-09 07:02:02.956467+00
4797,5c5bc271-66b8-4b72-bb5f-66a5695222df,GH3,fwater_ph,7.0000,normal,1.00,2024-12-31 00:00:00+00,2025-08-09 07:02:02.956467+00
4798,5c5bc271-66b8-4b72-bb5f-66a5695222df,GH3,fwater_ph,7.1000,normal,1.00,2025-01-01 00:00:00+00,2025-08-09 07:02:02.956467+00
4799,5c5bc271-66b8-4b72-bb5f-66a5695222df,GH3,fwater_ph,7.1000,normal,1.00,2025-01-02 00:00:00+00,2025-08-09 07:02:02.956467+00
4800,5c5bc271-66b8-4b72-bb5f-66a5695222df,GH3,fwater_ph,7.0000,normal,1.00,2025-01-03 00:00:00+00,2025-08-09 07:02:02.956467+00
4801,5c5bc271-66b8-4b72-bb5f-66a5695222df,GH3,fwater_ph,7.1000,normal,1.00,2025-01-04 00:00:00+00,2025-08-09 07:02:02.956467+00
4802,5c5bc271-66b8-4b72-bb5f-66a5695222df,GH3,fwater_ph,6.8000,normal,1.00,2025-01-06 00:00:00+00,2025-08-09 07:02:02.956467+00
4803,5c5bc271-66b8-4b72-bb5f-66a5695222df,GH3,fwater_ph,6.8000,normal,1.00,2025-01-07 00:00:00+00,2025-08-09 07:02:02.956467+00
4804,5c5bc271-66b8-4b72-bb5f-66a5695222df,GH3,fwater_ph,6.6000,normal,1.00,2025-01-08 00:00:00+00,2025-08-09 07:02:02.956467+00
4805,5c5bc271-66b8-4b72-bb5f-66a5695222df,GH3,fwater_ph,6.7000,normal,1.00,2025-01-09 00:00:00+00,2025-08-09 07:02:02.956467+00
4806,5c5bc271-66b8-4b72-bb5f-66a5695222df,GH3,fwater_ph,6.5000,normal,1.00,2025-01-10 00:00:00+00,2025-08-09 07:02:02.956467+00
4807,5c5bc271-66b8-4b72-bb5f-66a5695222df,GH3,fwater_ph,6.1000,normal,1.00,2025-01-11 00:00:00+00,2025-08-09 07:02:02.956467+00
4808,5c5bc271-66b8-4b72-bb5f-66a5695222df,GH3,fwater_ph,6.3000,normal,1.00,2025-01-12 00:00:00+00,2025-08-09 07:02:02.956467+00
4809,5c5bc271-66b8-4b72-bb5f-66a5695222df,GH3,fwater_ph,6.5000,normal,1.00,2025-01-13 00:00:00+00,2025-08-09 07:02:02.956467+00
4810,5c5bc271-66b8-4b72-bb5f-66a5695222df,GH3,fwater_ph,6.6000,normal,1.00,2025-01-14 00:00:00+00,2025-08-09 07:02:02.956467+00
4811,5c5bc271-66b8-4b72-bb5f-66a5695222df,GH3,fwater_ph,6.5000,normal,1.00,2025-01-15 00:00:00+00,2025-08-09 07:02:02.956467+00
4812,5c5bc271-66b8-4b72-bb5f-66a5695222df,GH3,fwater_ph,6.5000,normal,1.00,2025-01-16 00:00:00+00,2025-08-09 07:02:02.956467+00
4813,5c5bc271-66b8-4b72-bb5f-66a5695222df,GH3,fwater_ph,6.4000,normal,1.00,2025-01-17 00:00:00+00,2025-08-09 07:02:02.956467+00
4814,5c5bc271-66b8-4b72-bb5f-66a5695222df,GH3,fwater_ph,6.6000,normal,1.00,2025-01-18 00:00:00+00,2025-08-09 07:02:02.956467+00
4815,5c5bc271-66b8-4b72-bb5f-66a5695222df,GH3,fwater_ph,6.6000,normal,1.00,2025-01-19 00:00:00+00,2025-08-09 07:02:02.956467+00
4816,5c5bc271-66b8-4b72-bb5f-66a5695222df,GH3,fwater_ph,6.9000,normal,1.00,2025-01-20 00:00:00+00,2025-08-09 07:02:02.956467+00
4817,5c5bc271-66b8-4b72-bb5f-66a5695222df,GH3,fwater_ph,6.5000,normal,1.00,2025-01-21 00:00:00+00,2025-08-09 07:02:02.956467+00
4818,5c5bc271-66b8-4b72-bb5f-66a5695222df,GH3,fwater_ph,6.4000,normal,1.00,2025-01-22 00:00:00+00,2025-08-09 07:02:02.956467+00
4819,5c5bc271-66b8-4b72-bb5f-66a5695222df,GH3,fwater_ph,6.6000,normal,1.00,2025-01-23 00:00:00+00,2025-08-09 07:02:02.956467+00
4820,5c5bc271-66b8-4b72-bb5f-66a5695222df,GH3,fwater_ph,6.7000,normal,1.00,2025-01-24 00:00:00+00,2025-08-09 07:02:02.956467+00
4821,5c5bc271-66b8-4b72-bb5f-66a5695222df,GH3,fwater_ph,6.7000,normal,1.00,2025-01-27 00:00:00+00,2025-08-09 07:02:02.956467+00
4822,5c5bc271-66b8-4b72-bb5f-66a5695222df,GH3,fwater_ph,6.7000,normal,1.00,2025-01-28 00:00:00+00,2025-08-09 07:02:02.956467+00
4823,5c5bc271-66b8-4b72-bb5f-66a5695222df,GH3,fwater_ph,6.6000,normal,1.00,2025-01-29 00:00:00+00,2025-08-09 07:02:02.956467+00
4824,5c5bc271-66b8-4b72-bb5f-66a5695222df,GH3,fwater_ph,6.5000,normal,1.00,2025-01-30 00:00:00+00,2025-08-09 07:02:02.956467+00
4825,5c5bc271-66b8-4b72-bb5f-66a5695222df,GH3,fwater_ph,6.4000,normal,1.00,2025-01-31 00:00:00+00,2025-08-09 07:02:02.956467+00
4826,5c5bc271-66b8-4b72-bb5f-66a5695222df,GH3,fwater_ph,6.3000,normal,1.00,2025-02-01 00:00:00+00,2025-08-09 07:02:02.956467+00
4827,5c5bc271-66b8-4b72-bb5f-66a5695222df,GH3,fwater_ph,7.0000,normal,1.00,2025-02-02 00:00:00+00,2025-08-09 07:02:02.956467+00
4828,5c5bc271-66b8-4b72-bb5f-66a5695222df,GH3,fwater_ph,6.7000,normal,1.00,2025-02-03 00:00:00+00,2025-08-09 07:02:02.956467+00
4829,5c5bc271-66b8-4b72-bb5f-66a5695222df,GH3,fwater_ph,6.4000,normal,1.00,2025-02-04 00:00:00+00,2025-08-09 07:02:02.956467+00
4830,5c5bc271-66b8-4b72-bb5f-66a5695222df,GH3,fwater_ph,6.3000,normal,1.00,2025-02-05 00:00:00+00,2025-08-09 07:02:02.956467+00
4831,5c5bc271-66b8-4b72-bb5f-66a5695222df,GH3,fwater_ph,6.5000,normal,1.00,2025-02-06 00:00:00+00,2025-08-09 07:02:02.956467+00
4832,5c5bc271-66b8-4b72-bb5f-66a5695222df,GH3,fwater_ph,6.6000,normal,1.00,2025-02-07 00:00:00+00,2025-08-09 07:02:02.956467+00
4833,5c5bc271-66b8-4b72-bb5f-66a5695222df,GH3,fwater_ph,6.6000,normal,1.00,2025-02-08 00:00:00+00,2025-08-09 07:02:02.956467+00
4834,5c5bc271-66b8-4b72-bb5f-66a5695222df,GH3,fwater_ph,6.5000,normal,1.00,2025-02-10 00:00:00+00,2025-08-09 07:02:02.956467+00
4835,5c5bc271-66b8-4b72-bb5f-66a5695222df,GH3,fwater_ph,6.6000,normal,1.00,2025-02-11 00:00:00+00,2025-08-09 07:02:02.956467+00
4836,5c5bc271-66b8-4b72-bb5f-66a5695222df,GH3,fwater_ph,6.7000,normal,1.00,2025-02-12 00:00:00+00,2025-08-09 07:02:02.956467+00
4837,5c5bc271-66b8-4b72-bb5f-66a5695222df,GH3,fwater_ph,6.5400,normal,1.00,2025-02-13 00:00:00+00,2025-08-09 07:02:02.956467+00
4838,5c5bc271-66b8-4b72-bb5f-66a5695222df,GH3,fwater_ph,6.4000,normal,1.00,2025-02-14 00:00:00+00,2025-08-09 07:02:02.956467+00
4839,5c5bc271-66b8-4b72-bb5f-66a5695222df,GH3,fwater_ph,6.8800,normal,1.00,2025-02-15 00:00:00+00,2025-08-09 07:02:02.956467+00
4840,5c5bc271-66b8-4b72-bb5f-66a5695222df,GH3,fwater_ph,6.7600,normal,1.00,2025-02-17 00:00:00+00,2025-08-09 07:02:02.956467+00
4841,5c5bc271-66b8-4b72-bb5f-66a5695222df,GH3,fwater_ph,6.6400,normal,1.00,2025-02-18 00:00:00+00,2025-08-09 07:02:02.956467+00
4842,5c5bc271-66b8-4b72-bb5f-66a5695222df,GH3,fwater_ph,6.5400,normal,1.00,2025-02-19 00:00:00+00,2025-08-09 07:02:02.956467+00
4843,5c5bc271-66b8-4b72-bb5f-66a5695222df,GH3,fwater_ph,6.8000,normal,1.00,2025-02-20 00:00:00+00,2025-08-09 07:02:02.956467+00
4844,5c5bc271-66b8-4b72-bb5f-66a5695222df,GH3,fwater_ph,6.7000,normal,1.00,2025-02-21 00:00:00+00,2025-08-09 07:02:02.956467+00
4845,5c5bc271-66b8-4b72-bb5f-66a5695222df,GH3,fwater_ph,6.5400,normal,1.00,2025-02-24 00:00:00+00,2025-08-09 07:02:02.956467+00
4846,5c5bc271-66b8-4b72-bb5f-66a5695222df,GH3,fwater_ph,6.4000,normal,1.00,2025-02-25 00:00:00+00,2025-08-09 07:02:02.956467+00
4847,5c5bc271-66b8-4b72-bb5f-66a5695222df,GH3,fwater_ph,6.3000,normal,1.00,2025-02-26 00:00:00+00,2025-08-09 07:02:02.956467+00
4848,5c5bc271-66b8-4b72-bb5f-66a5695222df,GH3,fwater_ph,6.4000,normal,1.00,2025-02-27 00:00:00+00,2025-08-09 07:02:02.956467+00
4849,5c5bc271-66b8-4b72-bb5f-66a5695222df,GH3,fwater_ph,6.6600,normal,1.00,2025-02-28 00:00:00+00,2025-08-09 07:02:02.956467+00
4850,5c5bc271-66b8-4b72-bb5f-66a5695222df,GH3,fwater_ph,6.3000,normal,1.00,2025-03-01 00:00:00+00,2025-08-09 07:02:02.956467+00
4851,5c5bc271-66b8-4b72-bb5f-66a5695222df,GH3,fwater_ph,6.3000,normal,1.00,2025-03-02 00:00:00+00,2025-08-09 07:02:02.956467+00
4852,5c5bc271-66b8-4b72-bb5f-66a5695222df,GH3,fwater_ph,6.5000,normal,1.00,2025-03-03 00:00:00+00,2025-08-09 07:02:02.956467+00
4853,5c5bc271-66b8-4b72-bb5f-66a5695222df,GH3,fwater_ph,6.3000,normal,1.00,2025-03-04 00:00:00+00,2025-08-09 07:02:02.956467+00
4854,5c5bc271-66b8-4b72-bb5f-66a5695222df,GH3,fwater_ph,6.2000,normal,1.00,2025-03-05 00:00:00+00,2025-08-09 07:02:02.956467+00
4855,5c5bc271-66b8-4b72-bb5f-66a5695222df,GH3,fwater_ph,6.3000,normal,1.00,2025-03-06 00:00:00+00,2025-08-09 07:02:02.956467+00
4856,5c5bc271-66b8-4b72-bb5f-66a5695222df,GH3,fwater_ph,6.5000,normal,1.00,2025-03-07 00:00:00+00,2025-08-09 07:02:02.956467+00
4857,5c5bc271-66b8-4b72-bb5f-66a5695222df,GH3,fwater_ph,6.3000,normal,1.00,2025-03-08 00:00:00+00,2025-08-09 07:02:02.956467+00
4858,5c5bc271-66b8-4b72-bb5f-66a5695222df,GH3,fwater_ph,6.5000,normal,1.00,2025-03-09 00:00:00+00,2025-08-09 07:02:02.956467+00
4859,5c5bc271-66b8-4b72-bb5f-66a5695222df,GH3,fwater_ph,6.3000,normal,1.00,2025-03-10 00:00:00+00,2025-08-09 07:02:02.956467+00
4860,5c5bc271-66b8-4b72-bb5f-66a5695222df,GH3,fwater_ph,6.2500,normal,1.00,2025-03-11 00:00:00+00,2025-08-09 07:02:02.956467+00
4861,5c5bc271-66b8-4b72-bb5f-66a5695222df,GH3,fwater_ph,6.3000,normal,1.00,2025-03-12 00:00:00+00,2025-08-09 07:02:02.956467+00
4862,5c5bc271-66b8-4b72-bb5f-66a5695222df,GH3,fwater_ph,6.5300,normal,1.00,2025-03-13 00:00:00+00,2025-08-09 07:02:02.956467+00
4863,5c5bc271-66b8-4b72-bb5f-66a5695222df,GH3,fwater_ph,5.4000,normal,1.00,2025-03-14 00:00:00+00,2025-08-09 07:02:02.956467+00
4864,5c5bc271-66b8-4b72-bb5f-66a5695222df,GH3,fwater_ph,6.6000,normal,1.00,2025-03-15 00:00:00+00,2025-08-09 07:02:02.956467+00
4865,5c5bc271-66b8-4b72-bb5f-66a5695222df,GH3,fwater_ph,6.6000,normal,1.00,2025-03-16 00:00:00+00,2025-08-09 07:02:02.956467+00
4866,5c5bc271-66b8-4b72-bb5f-66a5695222df,GH3,fwater_ph,6.4000,normal,1.00,2025-03-17 00:00:00+00,2025-08-09 07:02:02.956467+00
4867,5c5bc271-66b8-4b72-bb5f-66a5695222df,GH3,fwater_ph,6.3000,normal,1.00,2025-03-18 00:00:00+00,2025-08-09 07:02:02.956467+00
4868,5c5bc271-66b8-4b72-bb5f-66a5695222df,GH3,fwater_ph,6.7000,normal,1.00,2025-03-19 00:00:00+00,2025-08-09 07:02:02.956467+00
4869,5c5bc271-66b8-4b72-bb5f-66a5695222df,GH3,fwater_ph,6.5000,normal,1.00,2025-03-20 00:00:00+00,2025-08-09 07:02:02.956467+00
4870,5c5bc271-66b8-4b72-bb5f-66a5695222df,GH3,fwater_ph,6.5000,normal,1.00,2025-03-21 00:00:00+00,2025-08-09 07:02:02.956467+00
4871,5c5bc271-66b8-4b72-bb5f-66a5695222df,GH3,fwater_ph,6.5800,normal,1.00,2025-03-22 00:00:00+00,2025-08-09 07:02:02.956467+00
4872,5c5bc271-66b8-4b72-bb5f-66a5695222df,GH3,fwater_ph,6.4600,normal,1.00,2025-03-23 00:00:00+00,2025-08-09 07:02:02.956467+00
4873,5c5bc271-66b8-4b72-bb5f-66a5695222df,GH3,fwater_ph,6.8000,normal,1.00,2025-03-24 00:00:00+00,2025-08-09 07:02:02.956467+00
4874,5c5bc271-66b8-4b72-bb5f-66a5695222df,GH3,fwater_ph,6.8000,normal,1.00,2025-03-25 00:00:00+00,2025-08-09 07:02:02.956467+00
4875,5c5bc271-66b8-4b72-bb5f-66a5695222df,GH3,fwater_ph,6.9000,normal,1.00,2025-03-26 00:00:00+00,2025-08-09 07:02:02.956467+00
4876,5c5bc271-66b8-4b72-bb5f-66a5695222df,GH3,fwater_ph,7.1000,normal,1.00,2025-03-27 00:00:00+00,2025-08-09 07:02:02.956467+00
4877,5c5bc271-66b8-4b72-bb5f-66a5695222df,GH3,fwater_ph,7.0000,normal,1.00,2025-03-28 00:00:00+00,2025-08-09 07:02:02.956467+00
4878,5c5bc271-66b8-4b72-bb5f-66a5695222df,GH3,fwater_ph,6.9000,normal,1.00,2025-03-29 00:00:00+00,2025-08-09 07:02:02.956467+00
4879,5c5bc271-66b8-4b72-bb5f-66a5695222df,GH3,fwater_ph,6.9000,normal,1.00,2025-03-30 00:00:00+00,2025-08-09 07:02:02.956467+00
4880,5c5bc271-66b8-4b72-bb5f-66a5695222df,GH3,fwater_ph,7.0000,normal,1.00,2025-03-31 00:00:00+00,2025-08-09 07:02:02.956467+00
4881,5c5bc271-66b8-4b72-bb5f-66a5695222df,GH3,fwater_ph,7.1000,normal,1.00,2025-04-01 00:00:00+00,2025-08-09 07:02:02.956467+00
4882,5c5bc271-66b8-4b72-bb5f-66a5695222df,GH3,fwater_ph,7.1000,normal,1.00,2025-04-02 00:00:00+00,2025-08-09 07:02:02.956467+00
4883,5c5bc271-66b8-4b72-bb5f-66a5695222df,GH3,fwater_ph,7.1000,normal,1.00,2025-04-03 00:00:00+00,2025-08-09 07:02:02.956467+00
4884,5c5bc271-66b8-4b72-bb5f-66a5695222df,GH3,fwater_ph,7.1000,normal,1.00,2025-04-04 00:00:00+00,2025-08-09 07:02:02.956467+00
4885,5c5bc271-66b8-4b72-bb5f-66a5695222df,GH3,fwater_ph,7.1000,normal,1.00,2025-04-05 00:00:00+00,2025-08-09 07:02:02.956467+00
4886,5c5bc271-66b8-4b72-bb5f-66a5695222df,GH3,fwater_ph,7.2500,normal,1.00,2025-04-06 00:00:00+00,2025-08-09 07:02:02.956467+00
4887,5c5bc271-66b8-4b72-bb5f-66a5695222df,GH3,fwater_ph,7.4000,normal,1.00,2025-04-07 00:00:00+00,2025-08-09 07:02:02.956467+00
4888,5c5bc271-66b8-4b72-bb5f-66a5695222df,GH3,fwater_ph,7.3000,normal,1.00,2025-04-08 00:00:00+00,2025-08-09 07:02:02.956467+00
4889,5c5bc271-66b8-4b72-bb5f-66a5695222df,GH3,fwater_ph,7.2000,normal,1.00,2025-04-09 00:00:00+00,2025-08-09 07:02:02.956467+00
4890,5c5bc271-66b8-4b72-bb5f-66a5695222df,GH3,fwater_ph,7.0000,normal,1.00,2025-04-10 00:00:00+00,2025-08-09 07:02:02.956467+00
4891,5c5bc271-66b8-4b72-bb5f-66a5695222df,GH3,fwater_ph,7.1000,normal,1.00,2025-04-11 00:00:00+00,2025-08-09 07:02:02.956467+00
4892,5c5bc271-66b8-4b72-bb5f-66a5695222df,GH3,fwater_ph,7.1200,normal,1.00,2025-04-12 00:00:00+00,2025-08-09 07:02:02.956467+00
4893,5c5bc271-66b8-4b72-bb5f-66a5695222df,GH3,fwater_ph,7.0800,normal,1.00,2025-04-13 00:00:00+00,2025-08-09 07:02:02.956467+00
4894,5c5bc271-66b8-4b72-bb5f-66a5695222df,GH3,fwater_temp,29.7000,normal,1.00,2025-01-27 00:00:00+00,2025-08-09 07:02:02.956467+00
4895,5c5bc271-66b8-4b72-bb5f-66a5695222df,GH3,fwater_temp,28.2000,normal,1.00,2025-01-28 00:00:00+00,2025-08-09 07:02:02.956467+00
4896,5c5bc271-66b8-4b72-bb5f-66a5695222df,GH3,fwater_temp,30.0000,normal,1.00,2025-01-29 00:00:00+00,2025-08-09 07:02:02.956467+00
4897,5c5bc271-66b8-4b72-bb5f-66a5695222df,GH3,fwater_temp,29.7000,normal,1.00,2025-01-30 00:00:00+00,2025-08-09 07:02:02.956467+00
4898,5c5bc271-66b8-4b72-bb5f-66a5695222df,GH3,fwater_temp,29.4000,normal,1.00,2025-01-31 00:00:00+00,2025-08-09 07:02:02.956467+00
4899,5c5bc271-66b8-4b72-bb5f-66a5695222df,GH3,fwater_temp,29.6000,normal,1.00,2025-02-01 00:00:00+00,2025-08-09 07:02:02.956467+00
4900,5c5bc271-66b8-4b72-bb5f-66a5695222df,GH3,fwater_temp,32.0000,normal,1.00,2025-02-02 00:00:00+00,2025-08-09 07:02:02.956467+00
4901,5c5bc271-66b8-4b72-bb5f-66a5695222df,GH3,fwater_temp,31.5000,normal,1.00,2025-02-03 00:00:00+00,2025-08-09 07:02:02.956467+00
4902,5c5bc271-66b8-4b72-bb5f-66a5695222df,GH3,fwater_temp,29.3000,normal,1.00,2025-02-04 00:00:00+00,2025-08-09 07:02:02.956467+00
4903,5c5bc271-66b8-4b72-bb5f-66a5695222df,GH3,fwater_temp,30.9000,normal,1.00,2025-02-05 00:00:00+00,2025-08-09 07:02:02.956467+00
4904,5c5bc271-66b8-4b72-bb5f-66a5695222df,GH3,fwater_temp,29.2000,normal,1.00,2025-02-06 00:00:00+00,2025-08-09 07:02:02.956467+00
4905,5c5bc271-66b8-4b72-bb5f-66a5695222df,GH3,fwater_temp,27.9000,normal,1.00,2025-02-07 00:00:00+00,2025-08-09 07:02:02.956467+00
4906,5c5bc271-66b8-4b72-bb5f-66a5695222df,GH3,fwater_temp,30.8000,normal,1.00,2025-02-08 00:00:00+00,2025-08-09 07:02:02.956467+00
4907,5c5bc271-66b8-4b72-bb5f-66a5695222df,GH3,fwater_temp,28.9000,normal,1.00,2025-02-10 00:00:00+00,2025-08-09 07:02:02.956467+00
4908,5c5bc271-66b8-4b72-bb5f-66a5695222df,GH3,fwater_temp,29.5000,normal,1.00,2025-02-11 00:00:00+00,2025-08-09 07:02:02.956467+00
4909,5c5bc271-66b8-4b72-bb5f-66a5695222df,GH3,fwater_temp,33.3000,normal,1.00,2025-02-12 00:00:00+00,2025-08-09 07:02:02.956467+00
4910,5c5bc271-66b8-4b72-bb5f-66a5695222df,GH3,fwater_temp,32.6000,normal,1.00,2025-02-13 00:00:00+00,2025-08-09 07:02:02.956467+00
4911,5c5bc271-66b8-4b72-bb5f-66a5695222df,GH3,fwater_temp,32.1000,normal,1.00,2025-02-14 00:00:00+00,2025-08-09 07:02:02.956467+00
4912,5c5bc271-66b8-4b72-bb5f-66a5695222df,GH3,fwater_temp,32.3000,normal,1.00,2025-02-15 00:00:00+00,2025-08-09 07:02:02.956467+00
4913,5c5bc271-66b8-4b72-bb5f-66a5695222df,GH3,fwater_temp,30.8000,normal,1.00,2025-02-17 00:00:00+00,2025-08-09 07:02:02.956467+00
4914,5c5bc271-66b8-4b72-bb5f-66a5695222df,GH3,fwater_temp,31.7200,normal,1.00,2025-02-18 00:00:00+00,2025-08-09 07:02:02.956467+00
4915,5c5bc271-66b8-4b72-bb5f-66a5695222df,GH3,fwater_temp,31.3800,normal,1.00,2025-02-19 00:00:00+00,2025-08-09 07:02:02.956467+00
4916,5c5bc271-66b8-4b72-bb5f-66a5695222df,GH3,fwater_temp,28.4600,normal,1.00,2025-02-20 00:00:00+00,2025-08-09 07:02:02.956467+00
4917,5c5bc271-66b8-4b72-bb5f-66a5695222df,GH3,fwater_temp,29.1400,normal,1.00,2025-02-21 00:00:00+00,2025-08-09 07:02:02.956467+00
4918,5c5bc271-66b8-4b72-bb5f-66a5695222df,GH3,fwater_temp,31.4400,normal,1.00,2025-02-22 00:00:00+00,2025-08-09 07:02:02.956467+00
4919,5c5bc271-66b8-4b72-bb5f-66a5695222df,GH3,fwater_temp,30.1400,normal,1.00,2025-02-24 00:00:00+00,2025-08-09 07:02:02.956467+00
4920,5c5bc271-66b8-4b72-bb5f-66a5695222df,GH3,fwater_temp,29.7000,normal,1.00,2025-02-25 00:00:00+00,2025-08-09 07:02:02.956467+00
4921,5c5bc271-66b8-4b72-bb5f-66a5695222df,GH3,fwater_temp,29.2000,normal,1.00,2025-02-26 00:00:00+00,2025-08-09 07:02:02.956467+00
4922,5c5bc271-66b8-4b72-bb5f-66a5695222df,GH3,fwater_temp,30.1600,normal,1.00,2025-02-27 00:00:00+00,2025-08-09 07:02:02.956467+00
4923,5c5bc271-66b8-4b72-bb5f-66a5695222df,GH3,fwater_temp,31.9800,normal,1.00,2025-02-28 00:00:00+00,2025-08-09 07:02:02.956467+00
4924,5c5bc271-66b8-4b72-bb5f-66a5695222df,GH3,fwater_temp,30.9000,normal,1.00,2025-03-01 00:00:00+00,2025-08-09 07:02:02.956467+00
4925,5c5bc271-66b8-4b72-bb5f-66a5695222df,GH3,fwater_temp,32.5000,normal,1.00,2025-03-02 00:00:00+00,2025-08-09 07:02:02.956467+00
4926,5c5bc271-66b8-4b72-bb5f-66a5695222df,GH3,fwater_temp,29.8000,normal,1.00,2025-03-03 00:00:00+00,2025-08-09 07:02:02.956467+00
4927,5c5bc271-66b8-4b72-bb5f-66a5695222df,GH3,fwater_temp,30.2000,normal,1.00,2025-03-04 00:00:00+00,2025-08-09 07:02:02.956467+00
4928,5c5bc271-66b8-4b72-bb5f-66a5695222df,GH3,fwater_temp,34.6000,normal,1.00,2025-03-05 00:00:00+00,2025-08-09 07:02:02.956467+00
4929,5c5bc271-66b8-4b72-bb5f-66a5695222df,GH3,fwater_temp,31.7000,normal,1.00,2025-03-06 00:00:00+00,2025-08-09 07:02:02.956467+00
4930,5c5bc271-66b8-4b72-bb5f-66a5695222df,GH3,fwater_temp,32.4000,normal,1.00,2025-03-07 00:00:00+00,2025-08-09 07:02:02.956467+00
4931,5c5bc271-66b8-4b72-bb5f-66a5695222df,GH3,fwater_temp,31.8000,normal,1.00,2025-03-08 00:00:00+00,2025-08-09 07:02:02.956467+00
4932,5c5bc271-66b8-4b72-bb5f-66a5695222df,GH3,fwater_temp,28.8000,normal,1.00,2025-03-09 00:00:00+00,2025-08-09 07:02:02.956467+00
4933,5c5bc271-66b8-4b72-bb5f-66a5695222df,GH3,fwater_temp,30.6000,normal,1.00,2025-03-10 00:00:00+00,2025-08-09 07:02:02.956467+00
4934,5c5bc271-66b8-4b72-bb5f-66a5695222df,GH3,fwater_temp,33.8000,normal,1.00,2025-03-11 00:00:00+00,2025-08-09 07:02:02.956467+00
4935,5c5bc271-66b8-4b72-bb5f-66a5695222df,GH3,fwater_temp,33.8000,normal,1.00,2025-03-12 00:00:00+00,2025-08-09 07:02:02.956467+00
4936,5c5bc271-66b8-4b72-bb5f-66a5695222df,GH3,fwater_temp,35.3000,normal,1.00,2025-03-13 00:00:00+00,2025-08-09 07:02:02.956467+00
4937,5c5bc271-66b8-4b72-bb5f-66a5695222df,GH3,fwater_temp,31.7000,normal,1.00,2025-03-14 00:00:00+00,2025-08-09 07:02:02.956467+00
4938,5c5bc271-66b8-4b72-bb5f-66a5695222df,GH3,fwater_temp,29.8000,normal,1.00,2025-03-15 00:00:00+00,2025-08-09 07:02:02.956467+00
4939,5c5bc271-66b8-4b72-bb5f-66a5695222df,GH3,fwater_temp,32.4000,normal,1.00,2025-03-16 00:00:00+00,2025-08-09 07:02:02.956467+00
4940,5c5bc271-66b8-4b72-bb5f-66a5695222df,GH3,fwater_temp,29.2000,normal,1.00,2025-03-17 00:00:00+00,2025-08-09 07:02:02.956467+00
4941,5c5bc271-66b8-4b72-bb5f-66a5695222df,GH3,fwater_temp,30.4000,normal,1.00,2025-03-18 00:00:00+00,2025-08-09 07:02:02.956467+00
4942,5c5bc271-66b8-4b72-bb5f-66a5695222df,GH3,fwater_temp,30.1000,normal,1.00,2025-03-19 00:00:00+00,2025-08-09 07:02:02.956467+00
4943,5c5bc271-66b8-4b72-bb5f-66a5695222df,GH3,fwater_temp,27.3000,normal,1.00,2025-03-20 00:00:00+00,2025-08-09 07:02:02.956467+00
4944,5c5bc271-66b8-4b72-bb5f-66a5695222df,GH3,fwater_temp,27.3000,normal,1.00,2025-03-21 00:00:00+00,2025-08-09 07:02:02.956467+00
4945,5c5bc271-66b8-4b72-bb5f-66a5695222df,GH3,fwater_temp,29.7800,normal,1.00,2025-03-22 00:00:00+00,2025-08-09 07:02:02.956467+00
4946,5c5bc271-66b8-4b72-bb5f-66a5695222df,GH3,fwater_temp,28.0000,normal,1.00,2025-03-23 00:00:00+00,2025-08-09 07:02:02.956467+00
4947,5c5bc271-66b8-4b72-bb5f-66a5695222df,GH3,fwater_temp,28.6000,normal,1.00,2025-03-24 00:00:00+00,2025-08-09 07:02:02.956467+00
4948,5c5bc271-66b8-4b72-bb5f-66a5695222df,GH3,fwater_temp,30.2000,normal,1.00,2025-03-25 00:00:00+00,2025-08-09 07:02:02.956467+00
4949,5c5bc271-66b8-4b72-bb5f-66a5695222df,GH3,fwater_temp,30.1000,normal,1.00,2025-03-26 00:00:00+00,2025-08-09 07:02:02.956467+00
4950,5c5bc271-66b8-4b72-bb5f-66a5695222df,GH3,fwater_temp,29.8000,normal,1.00,2025-03-27 00:00:00+00,2025-08-09 07:02:02.956467+00
4951,5c5bc271-66b8-4b72-bb5f-66a5695222df,GH3,fwater_temp,31.3000,normal,1.00,2025-03-28 00:00:00+00,2025-08-09 07:02:02.956467+00
4952,5c5bc271-66b8-4b72-bb5f-66a5695222df,GH3,fwater_temp,28.4000,normal,1.00,2025-03-29 00:00:00+00,2025-08-09 07:02:02.956467+00
4953,5c5bc271-66b8-4b72-bb5f-66a5695222df,GH3,fwater_temp,27.4000,normal,1.00,2025-03-30 00:00:00+00,2025-08-09 07:02:02.956467+00
4954,5c5bc271-66b8-4b72-bb5f-66a5695222df,GH3,fwater_temp,29.3000,normal,1.00,2025-03-31 00:00:00+00,2025-08-09 07:02:02.956467+00
4955,5c5bc271-66b8-4b72-bb5f-66a5695222df,GH3,fwater_temp,28.8000,normal,1.00,2025-04-01 00:00:00+00,2025-08-09 07:02:02.956467+00
4956,5c5bc271-66b8-4b72-bb5f-66a5695222df,GH3,fwater_temp,30.0000,normal,1.00,2025-04-02 00:00:00+00,2025-08-09 07:02:02.956467+00
4957,5c5bc271-66b8-4b72-bb5f-66a5695222df,GH3,fwater_temp,29.1000,normal,1.00,2025-04-03 00:00:00+00,2025-08-09 07:02:02.956467+00
4958,5c5bc271-66b8-4b72-bb5f-66a5695222df,GH3,fwater_temp,30.3000,normal,1.00,2025-04-04 00:00:00+00,2025-08-09 07:02:02.956467+00
4959,5c5bc271-66b8-4b72-bb5f-66a5695222df,GH3,fwater_temp,30.0000,normal,1.00,2025-04-05 00:00:00+00,2025-08-09 07:02:02.956467+00
4960,5c5bc271-66b8-4b72-bb5f-66a5695222df,GH3,fwater_temp,29.2800,normal,1.00,2025-04-06 00:00:00+00,2025-08-09 07:02:02.956467+00
4961,5c5bc271-66b8-4b72-bb5f-66a5695222df,GH3,fwater_temp,30.0000,normal,1.00,2025-04-07 00:00:00+00,2025-08-09 07:02:02.956467+00
4962,5c5bc271-66b8-4b72-bb5f-66a5695222df,GH3,fwater_temp,32.1000,normal,1.00,2025-04-08 00:00:00+00,2025-08-09 07:02:02.956467+00
4963,5c5bc271-66b8-4b72-bb5f-66a5695222df,GH3,fwater_temp,28.6000,normal,1.00,2025-04-09 00:00:00+00,2025-08-09 07:02:02.956467+00
4964,5c5bc271-66b8-4b72-bb5f-66a5695222df,GH3,fwater_temp,31.2000,normal,1.00,2025-04-10 00:00:00+00,2025-08-09 07:02:02.956467+00
4965,5c5bc271-66b8-4b72-bb5f-66a5695222df,GH3,fwater_temp,30.4000,normal,1.00,2025-04-11 00:00:00+00,2025-08-09 07:02:02.956467+00
4966,5c5bc271-66b8-4b72-bb5f-66a5695222df,GH3,fwater_temp,33.2400,normal,1.00,2025-04-12 00:00:00+00,2025-08-09 07:02:02.956467+00
4967,5c5bc271-66b8-4b72-bb5f-66a5695222df,GH3,fwater_temp,31.1400,normal,1.00,2025-04-13 00:00:00+00,2025-08-09 07:02:02.956467+00
4968,5c5bc271-66b8-4b72-bb5f-66a5695222df,GH3,sys_ec,1.3000,normal,1.00,2025-04-21 00:00:00+00,2025-08-09 07:02:02.956467+00
4969,5c5bc271-66b8-4b72-bb5f-66a5695222df,GH3,sys_ec,1.3200,normal,1.00,2025-04-22 00:00:00+00,2025-08-09 07:02:02.956467+00
4970,5c5bc271-66b8-4b72-bb5f-66a5695222df,GH3,sys_ec,1.2600,normal,1.00,2025-04-23 00:00:00+00,2025-08-09 07:02:02.956467+00
4971,5c5bc271-66b8-4b72-bb5f-66a5695222df,GH3,sys_ec,1.2500,normal,1.00,2025-04-24 00:00:00+00,2025-08-09 07:02:02.956467+00
4972,5c5bc271-66b8-4b72-bb5f-66a5695222df,GH3,sys_ec,1.3200,normal,1.00,2025-04-25 00:00:00+00,2025-08-09 07:02:02.956467+00
4973,5c5bc271-66b8-4b72-bb5f-66a5695222df,GH3,sys_ec,1.2960,normal,1.00,2025-04-26 00:00:00+00,2025-08-09 07:02:02.956467+00
4974,5c5bc271-66b8-4b72-bb5f-66a5695222df,GH3,sys_ec,1.3020,normal,1.00,2025-04-27 00:00:00+00,2025-08-09 07:02:02.956467+00
4975,5c5bc271-66b8-4b72-bb5f-66a5695222df,GH3,sys_ec,1.3400,normal,1.00,2025-04-28 00:00:00+00,2025-08-09 07:02:02.956467+00
4976,5c5bc271-66b8-4b72-bb5f-66a5695222df,GH3,sys_ec,1.2800,normal,1.00,2025-04-29 00:00:00+00,2025-08-09 07:02:02.956467+00
4977,5c5bc271-66b8-4b72-bb5f-66a5695222df,GH3,sys_ec,1.2100,normal,1.00,2025-04-30 00:00:00+00,2025-08-09 07:02:02.956467+00
4978,5c5bc271-66b8-4b72-bb5f-66a5695222df,GH3,sys_ec,1.3200,normal,1.00,2025-05-01 00:00:00+00,2025-08-09 07:02:02.956467+00
4979,5c5bc271-66b8-4b72-bb5f-66a5695222df,GH3,sys_ec,1.1100,normal,1.00,2025-05-02 00:00:00+00,2025-08-09 07:02:02.956467+00
4980,5c5bc271-66b8-4b72-bb5f-66a5695222df,GH3,sys_ec,0.1260,normal,1.00,2025-05-03 00:00:00+00,2025-08-09 07:02:02.956467+00
4981,5c5bc271-66b8-4b72-bb5f-66a5695222df,GH3,sys_ec,1.1340,normal,1.00,2025-05-04 00:00:00+00,2025-08-09 07:02:02.956467+00
4982,5c5bc271-66b8-4b72-bb5f-66a5695222df,GH3,sys_ec,1.3100,normal,1.00,2025-05-05 00:00:00+00,2025-08-09 07:02:02.956467+00
4983,5c5bc271-66b8-4b72-bb5f-66a5695222df,GH3,sys_ec,1.2300,normal,1.00,2025-05-06 00:00:00+00,2025-08-09 07:02:02.956467+00
4984,5c5bc271-66b8-4b72-bb5f-66a5695222df,GH3,sys_ec,1.1900,normal,1.00,2025-05-07 00:00:00+00,2025-08-09 07:02:02.956467+00
4985,5c5bc271-66b8-4b72-bb5f-66a5695222df,GH3,sys_ec,1.2900,normal,1.00,2025-05-08 00:00:00+00,2025-08-09 07:02:02.956467+00
4986,5c5bc271-66b8-4b72-bb5f-66a5695222df,GH3,sys_ec,1.2500,normal,1.00,2025-05-09 00:00:00+00,2025-08-09 07:02:02.956467+00
4987,5c5bc271-66b8-4b72-bb5f-66a5695222df,GH3,sys_ec,0.1300,normal,1.00,2025-05-10 00:00:00+00,2025-08-09 07:02:02.956467+00
4988,5c5bc271-66b8-4b72-bb5f-66a5695222df,GH3,sys_ec,1.2800,normal,1.00,2025-05-11 00:00:00+00,2025-08-09 07:02:02.956467+00
4989,5c5bc271-66b8-4b72-bb5f-66a5695222df,GH3,sys_ec,1.2600,normal,1.00,2025-05-12 00:00:00+00,2025-08-09 07:02:02.956467+00
4990,5c5bc271-66b8-4b72-bb5f-66a5695222df,GH3,sys_ec,1.3600,normal,1.00,2025-05-13 00:00:00+00,2025-08-09 07:02:02.956467+00
4991,5c5bc271-66b8-4b72-bb5f-66a5695222df,GH3,sys_ec,1.3900,normal,1.00,2025-05-14 00:00:00+00,2025-08-09 07:02:02.956467+00
4992,5c5bc271-66b8-4b72-bb5f-66a5695222df,GH3,sys_ec,1.2700,normal,1.00,2025-05-15 00:00:00+00,2025-08-09 07:02:02.956467+00
4993,5c5bc271-66b8-4b72-bb5f-66a5695222df,GH3,sys_ec,1.2400,normal,1.00,2025-05-16 00:00:00+00,2025-08-09 07:02:02.956467+00
4994,5c5bc271-66b8-4b72-bb5f-66a5695222df,GH3,sys_ec,1.2600,normal,1.00,2025-05-17 00:00:00+00,2025-08-09 07:02:02.956467+00
4995,5c5bc271-66b8-4b72-bb5f-66a5695222df,GH3,sys_ec,1.2600,normal,1.00,2025-05-18 00:00:00+00,2025-08-09 07:02:02.956467+00
4996,5c5bc271-66b8-4b72-bb5f-66a5695222df,GH3,sys_ec,1.2400,normal,1.00,2025-05-19 00:00:00+00,2025-08-09 07:02:02.956467+00
4997,5c5bc271-66b8-4b72-bb5f-66a5695222df,GH3,sys_ec,1.2600,normal,1.00,2025-05-20 00:00:00+00,2025-08-09 07:02:02.956467+00
4998,5c5bc271-66b8-4b72-bb5f-66a5695222df,GH3,sys_ec,1.2200,normal,1.00,2025-05-21 00:00:00+00,2025-08-09 07:02:02.956467+00
4999,5c5bc271-66b8-4b72-bb5f-66a5695222df,GH3,sys_ec,1.2400,normal,1.00,2025-05-22 00:00:00+00,2025-08-09 07:02:02.956467+00
5000,5c5bc271-66b8-4b72-bb5f-66a5695222df,GH3,sys_ec,1.2700,normal,1.00,2025-05-23 00:00:00+00,2025-08-09 07:02:02.956467+00
5001,5c5bc271-66b8-4b72-bb5f-66a5695222df,GH3,sys_ec,1.2500,normal,1.00,2025-05-24 00:00:00+00,2025-08-09 07:02:02.956467+00
5002,5c5bc271-66b8-4b72-bb5f-66a5695222df,GH3,sys_ec,1.2600,normal,1.00,2025-05-25 00:00:00+00,2025-08-09 07:02:02.956467+00
5003,5c5bc271-66b8-4b72-bb5f-66a5695222df,GH3,sys_ec,1.2500,normal,1.00,2025-05-26 00:00:00+00,2025-08-09 07:02:02.956467+00
5004,5c5bc271-66b8-4b72-bb5f-66a5695222df,GH3,sys_ec,1.2600,normal,1.00,2025-05-27 00:00:00+00,2025-08-09 07:02:02.956467+00
5005,5c5bc271-66b8-4b72-bb5f-66a5695222df,GH3,sys_ec,1.2400,normal,1.00,2025-05-28 00:00:00+00,2025-08-09 07:02:02.956467+00
5006,5c5bc271-66b8-4b72-bb5f-66a5695222df,GH3,sys_ec,1.2600,normal,1.00,2025-05-29 00:00:00+00,2025-08-09 07:02:02.956467+00
5007,5c5bc271-66b8-4b72-bb5f-66a5695222df,GH3,sys_ec,1.3000,normal,1.00,2025-05-30 00:00:00+00,2025-08-09 07:02:02.956467+00
5008,5c5bc271-66b8-4b72-bb5f-66a5695222df,GH3,sys_ec,1.3200,normal,1.00,2025-05-31 00:00:00+00,2025-08-09 07:02:02.956467+00
5009,5c5bc271-66b8-4b72-bb5f-66a5695222df,GH3,sys_ec,1.3000,normal,1.00,2025-06-01 00:00:00+00,2025-08-09 07:02:02.956467+00
5010,5c5bc271-66b8-4b72-bb5f-66a5695222df,GH3,sys_ec,1.3100,normal,1.00,2025-06-02 00:00:00+00,2025-08-09 07:02:02.956467+00
5011,5c5bc271-66b8-4b72-bb5f-66a5695222df,GH3,sys_ec,1.3400,normal,1.00,2025-06-03 00:00:00+00,2025-08-09 07:02:02.956467+00
5012,5c5bc271-66b8-4b72-bb5f-66a5695222df,GH3,sys_ec,1.3300,normal,1.00,2025-06-04 00:00:00+00,2025-08-09 07:02:02.956467+00
5013,5c5bc271-66b8-4b72-bb5f-66a5695222df,GH3,sys_ec,1.3800,normal,1.00,2025-06-05 00:00:00+00,2025-08-09 07:02:02.956467+00
5014,5c5bc271-66b8-4b72-bb5f-66a5695222df,GH3,sys_ec,1.3500,normal,1.00,2025-06-06 00:00:00+00,2025-08-09 07:02:02.956467+00
5015,5c5bc271-66b8-4b72-bb5f-66a5695222df,GH3,sys_ec,1.3700,normal,1.00,2025-06-07 00:00:00+00,2025-08-09 07:02:02.956467+00
5016,5c5bc271-66b8-4b72-bb5f-66a5695222df,GH3,sys_ec,1.2000,normal,1.00,2025-06-08 00:00:00+00,2025-08-09 07:02:02.956467+00
5017,5c5bc271-66b8-4b72-bb5f-66a5695222df,GH3,sys_ec,1.3500,normal,1.00,2025-06-09 00:00:00+00,2025-08-09 07:02:02.956467+00
5018,5c5bc271-66b8-4b72-bb5f-66a5695222df,GH3,sys_ec,1.3900,normal,1.00,2025-06-10 00:00:00+00,2025-08-09 07:02:02.956467+00
5019,5c5bc271-66b8-4b72-bb5f-66a5695222df,GH3,sys_ec,1.4000,normal,1.00,2025-06-11 00:00:00+00,2025-08-09 07:02:02.956467+00
5020,5c5bc271-66b8-4b72-bb5f-66a5695222df,GH3,sys_ec,1.0900,normal,1.00,2025-06-12 00:00:00+00,2025-08-09 07:02:02.956467+00
5021,5c5bc271-66b8-4b72-bb5f-66a5695222df,GH3,sys_ec,1.4100,normal,1.00,2025-06-13 00:00:00+00,2025-08-09 07:02:02.956467+00
5022,5c5bc271-66b8-4b72-bb5f-66a5695222df,GH3,sys_ec,1.3500,normal,1.00,2025-06-14 00:00:00+00,2025-08-09 07:02:02.956467+00
5023,5c5bc271-66b8-4b72-bb5f-66a5695222df,GH3,sys_ec,1.2300,normal,1.00,2025-06-15 00:00:00+00,2025-08-09 07:02:02.956467+00
5024,5c5bc271-66b8-4b72-bb5f-66a5695222df,GH3,sys_ec,1.1400,normal,1.00,2025-06-16 00:00:00+00,2025-08-09 07:02:02.956467+00
5025,5c5bc271-66b8-4b72-bb5f-66a5695222df,GH3,sys_ec,1.4100,normal,1.00,2025-06-17 00:00:00+00,2025-08-09 07:02:02.956467+00
5026,5c5bc271-66b8-4b72-bb5f-66a5695222df,GH3,sys_ec,1.2400,normal,1.00,2025-06-18 00:00:00+00,2025-08-09 07:02:02.956467+00
5027,5c5bc271-66b8-4b72-bb5f-66a5695222df,GH3,sys_ec,1.2600,normal,1.00,2025-06-19 00:00:00+00,2025-08-09 07:02:02.956467+00
5028,5c5bc271-66b8-4b72-bb5f-66a5695222df,GH3,sys_ec,1.3900,normal,1.00,2025-06-20 00:00:00+00,2025-08-09 07:02:02.956467+00
5029,5c5bc271-66b8-4b72-bb5f-66a5695222df,GH3,sys_ec,1.3500,normal,1.00,2025-06-21 00:00:00+00,2025-08-09 07:02:02.956467+00
5030,5c5bc271-66b8-4b72-bb5f-66a5695222df,GH3,sys_ec,1.3400,normal,1.00,2025-06-22 00:00:00+00,2025-08-09 07:02:02.956467+00
5031,5c5bc271-66b8-4b72-bb5f-66a5695222df,GH3,sys_ph,6.1600,normal,1.00,2025-04-21 00:00:00+00,2025-08-09 07:02:02.956467+00
5032,5c5bc271-66b8-4b72-bb5f-66a5695222df,GH3,sys_ph,6.0700,normal,1.00,2025-04-22 00:00:00+00,2025-08-09 07:02:02.956467+00
5033,5c5bc271-66b8-4b72-bb5f-66a5695222df,GH3,sys_ph,6.2000,normal,1.00,2025-04-23 00:00:00+00,2025-08-09 07:02:02.956467+00
5034,5c5bc271-66b8-4b72-bb5f-66a5695222df,GH3,sys_ph,0.9800,normal,1.00,2025-04-24 00:00:00+00,2025-08-09 07:02:02.956467+00
5035,5c5bc271-66b8-4b72-bb5f-66a5695222df,GH3,sys_ph,5.6000,normal,1.00,2025-04-25 00:00:00+00,2025-08-09 07:02:02.956467+00
5036,5c5bc271-66b8-4b72-bb5f-66a5695222df,GH3,sys_ph,6.2000,normal,1.00,2025-04-26 00:00:00+00,2025-08-09 07:02:02.956467+00
5037,5c5bc271-66b8-4b72-bb5f-66a5695222df,GH3,sys_ph,6.0600,normal,1.00,2025-04-27 00:00:00+00,2025-08-09 07:02:02.956467+00
5038,5c5bc271-66b8-4b72-bb5f-66a5695222df,GH3,sys_ph,5.6300,normal,1.00,2025-04-28 00:00:00+00,2025-08-09 07:02:02.956467+00
5039,5c5bc271-66b8-4b72-bb5f-66a5695222df,GH3,sys_ph,5.5000,normal,1.00,2025-04-29 00:00:00+00,2025-08-09 07:02:02.956467+00
5040,5c5bc271-66b8-4b72-bb5f-66a5695222df,GH3,sys_ph,5.7000,normal,1.00,2025-04-30 00:00:00+00,2025-08-09 07:02:02.956467+00
5041,5c5bc271-66b8-4b72-bb5f-66a5695222df,GH3,sys_ph,5.2100,normal,1.00,2025-05-01 00:00:00+00,2025-08-09 07:02:02.956467+00
5042,5c5bc271-66b8-4b72-bb5f-66a5695222df,GH3,sys_ph,6.2300,normal,1.00,2025-05-02 00:00:00+00,2025-08-09 07:02:02.956467+00
5043,5c5bc271-66b8-4b72-bb5f-66a5695222df,GH3,sys_ph,5.8100,normal,1.00,2025-05-03 00:00:00+00,2025-08-09 07:02:02.956467+00
5044,5c5bc271-66b8-4b72-bb5f-66a5695222df,GH3,sys_ph,6.2200,normal,1.00,2025-05-04 00:00:00+00,2025-08-09 07:02:02.956467+00
5045,5c5bc271-66b8-4b72-bb5f-66a5695222df,GH3,sys_ph,5.8900,normal,1.00,2025-05-05 00:00:00+00,2025-08-09 07:02:02.956467+00
5046,5c5bc271-66b8-4b72-bb5f-66a5695222df,GH3,sys_ph,5.8000,normal,1.00,2025-05-06 00:00:00+00,2025-08-09 07:02:02.956467+00
5047,5c5bc271-66b8-4b72-bb5f-66a5695222df,GH3,sys_ph,6.0000,normal,1.00,2025-05-07 00:00:00+00,2025-08-09 07:02:02.956467+00
5048,5c5bc271-66b8-4b72-bb5f-66a5695222df,GH3,sys_ph,5.5300,normal,1.00,2025-05-08 00:00:00+00,2025-08-09 07:02:02.956467+00
5049,5c5bc271-66b8-4b72-bb5f-66a5695222df,GH3,sys_ph,5.8000,normal,1.00,2025-05-09 00:00:00+00,2025-08-09 07:02:02.956467+00
5050,5c5bc271-66b8-4b72-bb5f-66a5695222df,GH3,sys_ph,5.8000,normal,1.00,2025-05-10 00:00:00+00,2025-08-09 07:02:02.956467+00
5051,5c5bc271-66b8-4b72-bb5f-66a5695222df,GH3,sys_ph,5.8000,normal,1.00,2025-05-11 00:00:00+00,2025-08-09 07:02:02.956467+00
5052,5c5bc271-66b8-4b72-bb5f-66a5695222df,GH3,sys_ph,5.6900,normal,1.00,2025-05-12 00:00:00+00,2025-08-09 07:02:02.956467+00
5053,5c5bc271-66b8-4b72-bb5f-66a5695222df,GH3,sys_ph,5.6100,normal,1.00,2025-05-13 00:00:00+00,2025-08-09 07:02:02.956467+00
5054,5c5bc271-66b8-4b72-bb5f-66a5695222df,GH3,sys_ph,5.1500,normal,1.00,2025-05-14 00:00:00+00,2025-08-09 07:02:02.956467+00
5055,5c5bc271-66b8-4b72-bb5f-66a5695222df,GH3,sys_ph,5.5100,normal,1.00,2025-05-15 00:00:00+00,2025-08-09 07:02:02.956467+00
5056,5c5bc271-66b8-4b72-bb5f-66a5695222df,GH3,sys_ph,5.8400,normal,1.00,2025-05-16 00:00:00+00,2025-08-09 07:02:02.956467+00
5057,5c5bc271-66b8-4b72-bb5f-66a5695222df,GH3,sys_ph,5.8400,normal,1.00,2025-05-17 00:00:00+00,2025-08-09 07:02:02.956467+00
5058,5c5bc271-66b8-4b72-bb5f-66a5695222df,GH3,sys_ph,6.1500,normal,1.00,2025-05-18 00:00:00+00,2025-08-09 07:02:02.956467+00
5059,5c5bc271-66b8-4b72-bb5f-66a5695222df,GH3,sys_ph,6.3600,normal,1.00,2025-05-19 00:00:00+00,2025-08-09 07:02:02.956467+00
5060,5c5bc271-66b8-4b72-bb5f-66a5695222df,GH3,sys_ph,6.3800,normal,1.00,2025-05-20 00:00:00+00,2025-08-09 07:02:02.956467+00
5061,5c5bc271-66b8-4b72-bb5f-66a5695222df,GH3,sys_ph,6.4500,normal,1.00,2025-05-21 00:00:00+00,2025-08-09 07:02:02.956467+00
5062,5c5bc271-66b8-4b72-bb5f-66a5695222df,GH3,sys_ph,6.3500,normal,1.00,2025-05-22 00:00:00+00,2025-08-09 07:02:02.956467+00
5063,5c5bc271-66b8-4b72-bb5f-66a5695222df,GH3,sys_ph,6.6600,normal,1.00,2025-05-23 00:00:00+00,2025-08-09 07:02:02.956467+00
5064,5c5bc271-66b8-4b72-bb5f-66a5695222df,GH3,sys_ph,6.7000,normal,1.00,2025-05-24 00:00:00+00,2025-08-09 07:02:02.956467+00
5065,5c5bc271-66b8-4b72-bb5f-66a5695222df,GH3,sys_ph,6.8200,normal,1.00,2025-05-25 00:00:00+00,2025-08-09 07:02:02.956467+00
5066,5c5bc271-66b8-4b72-bb5f-66a5695222df,GH3,sys_ph,6.7900,normal,1.00,2025-05-26 00:00:00+00,2025-08-09 07:02:02.956467+00
5067,5c5bc271-66b8-4b72-bb5f-66a5695222df,GH3,sys_ph,6.5100,normal,1.00,2025-05-27 00:00:00+00,2025-08-09 07:02:02.956467+00
5068,5c5bc271-66b8-4b72-bb5f-66a5695222df,GH3,sys_ph,6.6400,normal,1.00,2025-05-28 00:00:00+00,2025-08-09 07:02:02.956467+00
5069,5c5bc271-66b8-4b72-bb5f-66a5695222df,GH3,sys_ph,6.4000,normal,1.00,2025-05-29 00:00:00+00,2025-08-09 07:02:02.956467+00
5070,5c5bc271-66b8-4b72-bb5f-66a5695222df,GH3,sys_ph,6.1600,normal,1.00,2025-05-30 00:00:00+00,2025-08-09 07:02:02.956467+00
5071,5c5bc271-66b8-4b72-bb5f-66a5695222df,GH3,sys_ph,6.2600,normal,1.00,2025-05-31 00:00:00+00,2025-08-09 07:02:02.956467+00
5072,5c5bc271-66b8-4b72-bb5f-66a5695222df,GH3,sys_ph,6.3400,normal,1.00,2025-06-01 00:00:00+00,2025-08-09 07:02:02.956467+00
5073,5c5bc271-66b8-4b72-bb5f-66a5695222df,GH3,sys_ph,6.2900,normal,1.00,2025-06-02 00:00:00+00,2025-08-09 07:02:02.956467+00
5074,5c5bc271-66b8-4b72-bb5f-66a5695222df,GH3,sys_ph,6.4100,normal,1.00,2025-06-03 00:00:00+00,2025-08-09 07:02:02.956467+00
5075,5c5bc271-66b8-4b72-bb5f-66a5695222df,GH3,sys_ph,6.1000,normal,1.00,2025-06-04 00:00:00+00,2025-08-09 07:02:02.956467+00
5076,5c5bc271-66b8-4b72-bb5f-66a5695222df,GH3,sys_ph,6.7000,normal,1.00,2025-06-05 00:00:00+00,2025-08-09 07:02:02.956467+00
5077,5c5bc271-66b8-4b72-bb5f-66a5695222df,GH3,sys_ph,6.6000,normal,1.00,2025-06-06 00:00:00+00,2025-08-09 07:02:02.956467+00
5078,5c5bc271-66b8-4b72-bb5f-66a5695222df,GH3,sys_ph,6.9000,normal,1.00,2025-06-07 00:00:00+00,2025-08-09 07:02:02.956467+00
5079,5c5bc271-66b8-4b72-bb5f-66a5695222df,GH3,sys_ph,6.9000,normal,1.00,2025-06-08 00:00:00+00,2025-08-09 07:02:02.956467+00
5080,5c5bc271-66b8-4b72-bb5f-66a5695222df,GH3,sys_ph,6.0300,normal,1.00,2025-06-09 00:00:00+00,2025-08-09 07:02:02.956467+00
5081,5c5bc271-66b8-4b72-bb5f-66a5695222df,GH3,sys_ph,6.2000,normal,1.00,2025-06-10 00:00:00+00,2025-08-09 07:02:02.956467+00
5082,5c5bc271-66b8-4b72-bb5f-66a5695222df,GH3,sys_ph,6.3100,normal,1.00,2025-06-11 00:00:00+00,2025-08-09 07:02:02.956467+00
5083,5c5bc271-66b8-4b72-bb5f-66a5695222df,GH3,sys_ph,6.7200,normal,1.00,2025-06-12 00:00:00+00,2025-08-09 07:02:02.956467+00
5084,5c5bc271-66b8-4b72-bb5f-66a5695222df,GH3,sys_ph,5.5100,normal,1.00,2025-06-13 00:00:00+00,2025-08-09 07:02:02.956467+00
5085,5c5bc271-66b8-4b72-bb5f-66a5695222df,GH3,sys_ph,4.7000,normal,1.00,2025-06-14 00:00:00+00,2025-08-09 07:02:02.956467+00
5086,5c5bc271-66b8-4b72-bb5f-66a5695222df,GH3,sys_ph,5.5200,normal,1.00,2025-06-15 00:00:00+00,2025-08-09 07:02:02.956467+00
5087,5c5bc271-66b8-4b72-bb5f-66a5695222df,GH3,sys_ph,5.9800,normal,1.00,2025-06-16 00:00:00+00,2025-08-09 07:02:02.956467+00
5088,5c5bc271-66b8-4b72-bb5f-66a5695222df,GH3,sys_ph,5.3700,normal,1.00,2025-06-17 00:00:00+00,2025-08-09 07:02:02.956467+00
5089,5c5bc271-66b8-4b72-bb5f-66a5695222df,GH3,sys_ph,6.3400,normal,1.00,2025-06-18 00:00:00+00,2025-08-09 07:02:02.956467+00
5090,5c5bc271-66b8-4b72-bb5f-66a5695222df,GH3,sys_ph,6.2600,normal,1.00,2025-06-19 00:00:00+00,2025-08-09 07:02:02.956467+00
5091,5c5bc271-66b8-4b72-bb5f-66a5695222df,GH3,sys_ph,5.6800,normal,1.00,2025-06-20 00:00:00+00,2025-08-09 07:02:02.956467+00
5092,5c5bc271-66b8-4b72-bb5f-66a5695222df,GH3,sys_ph,6.3000,normal,1.00,2025-06-21 00:00:00+00,2025-08-09 07:02:02.956467+00
5093,5c5bc271-66b8-4b72-bb5f-66a5695222df,GH3,sys_ph,6.5000,normal,1.00,2025-06-22 00:00:00+00,2025-08-09 07:02:02.956467+00
5094,5c5bc271-66b8-4b72-bb5f-66a5695222df,GH3,sys_ph,6.5000,normal,1.00,2025-06-23 00:00:00+00,2025-08-09 07:02:02.956467+00
5095,5c5bc271-66b8-4b72-bb5f-66a5695222df,GH3,sys_ph,6.0000,normal,1.00,2025-06-24 00:00:00+00,2025-08-09 07:02:02.956467+00
5096,5c5bc271-66b8-4b72-bb5f-66a5695222df,GH3,sys_ph,6.3000,normal,1.00,2025-06-25 00:00:00+00,2025-08-09 07:02:02.956467+00
5097,5c5bc271-66b8-4b72-bb5f-66a5695222df,GH3,sys_ph,6.2000,normal,1.00,2025-06-26 00:00:00+00,2025-08-09 07:02:02.956467+00
5098,5c5bc271-66b8-4b72-bb5f-66a5695222df,GH3,sys_ph,6.2000,normal,1.00,2025-06-27 00:00:00+00,2025-08-09 07:02:02.956467+00
5099,5c5bc271-66b8-4b72-bb5f-66a5695222df,GH3,sys_ph,6.3000,normal,1.00,2025-06-28 00:00:00+00,2025-08-09 07:02:02.956467+00
5100,5c5bc271-66b8-4b72-bb5f-66a5695222df,GH3,sys_ph,6.7000,normal,1.00,2025-06-29 00:00:00+00,2025-08-09 07:02:02.956467+00
5101,5c5bc271-66b8-4b72-bb5f-66a5695222df,GH3,sys_h20_temp,30.8000,normal,1.00,2025-04-21 00:00:00+00,2025-08-09 07:02:02.956467+00
5102,5c5bc271-66b8-4b72-bb5f-66a5695222df,GH3,sys_h20_temp,31.2000,normal,1.00,2025-04-22 00:00:00+00,2025-08-09 07:02:02.956467+00
5103,5c5bc271-66b8-4b72-bb5f-66a5695222df,GH3,sys_h20_temp,30.8000,normal,1.00,2025-04-23 00:00:00+00,2025-08-09 07:02:02.956467+00
5104,5c5bc271-66b8-4b72-bb5f-66a5695222df,GH3,sys_h20_temp,31.8000,normal,1.00,2025-04-24 00:00:00+00,2025-08-09 07:02:02.956467+00
5105,5c5bc271-66b8-4b72-bb5f-66a5695222df,GH3,sys_h20_temp,31.7000,normal,1.00,2025-04-25 00:00:00+00,2025-08-09 07:02:02.956467+00
5106,5c5bc271-66b8-4b72-bb5f-66a5695222df,GH3,sys_h20_temp,30.5200,normal,1.00,2025-04-26 00:00:00+00,2025-08-09 07:02:02.956467+00
5107,5c5bc271-66b8-4b72-bb5f-66a5695222df,GH3,sys_h20_temp,32.0600,normal,1.00,2025-04-27 00:00:00+00,2025-08-09 07:02:02.956467+00
5108,5c5bc271-66b8-4b72-bb5f-66a5695222df,GH3,sys_h20_temp,31.4000,normal,1.00,2025-04-28 00:00:00+00,2025-08-09 07:02:02.956467+00
5109,5c5bc271-66b8-4b72-bb5f-66a5695222df,GH3,sys_h20_temp,31.2000,normal,1.00,2025-04-29 00:00:00+00,2025-08-09 07:02:02.956467+00
5110,5c5bc271-66b8-4b72-bb5f-66a5695222df,GH3,sys_h20_temp,31.0000,normal,1.00,2025-04-30 00:00:00+00,2025-08-09 07:02:02.956467+00
5111,5c5bc271-66b8-4b72-bb5f-66a5695222df,GH3,sys_h20_temp,31.1000,normal,1.00,2025-05-01 00:00:00+00,2025-08-09 07:02:02.956467+00
5112,5c5bc271-66b8-4b72-bb5f-66a5695222df,GH3,sys_h20_temp,31.0000,normal,1.00,2025-05-02 00:00:00+00,2025-08-09 07:02:02.956467+00
5113,5c5bc271-66b8-4b72-bb5f-66a5695222df,GH3,sys_h20_temp,31.2000,normal,1.00,2025-05-03 00:00:00+00,2025-08-09 07:02:02.956467+00
5114,5c5bc271-66b8-4b72-bb5f-66a5695222df,GH3,sys_h20_temp,31.1000,normal,1.00,2025-05-04 00:00:00+00,2025-08-09 07:02:02.956467+00
5115,5c5bc271-66b8-4b72-bb5f-66a5695222df,GH3,sys_h20_temp,31.6000,normal,1.00,2025-05-05 00:00:00+00,2025-08-09 07:02:02.956467+00
5116,5c5bc271-66b8-4b72-bb5f-66a5695222df,GH3,sys_h20_temp,31.2000,normal,1.00,2025-05-06 00:00:00+00,2025-08-09 07:02:02.956467+00
5117,5c5bc271-66b8-4b72-bb5f-66a5695222df,GH3,sys_h20_temp,30.5000,normal,1.00,2025-05-07 00:00:00+00,2025-08-09 07:02:02.956467+00
5118,5c5bc271-66b8-4b72-bb5f-66a5695222df,GH3,sys_h20_temp,30.5000,normal,1.00,2025-05-08 00:00:00+00,2025-08-09 07:02:02.956467+00
5119,5c5bc271-66b8-4b72-bb5f-66a5695222df,GH3,sys_h20_temp,32.0000,normal,1.00,2025-05-09 00:00:00+00,2025-08-09 07:02:02.956467+00
5120,5c5bc271-66b8-4b72-bb5f-66a5695222df,GH3,sys_h20_temp,30.0000,normal,1.00,2025-05-10 00:00:00+00,2025-08-09 07:02:02.956467+00
5121,5c5bc271-66b8-4b72-bb5f-66a5695222df,GH3,sys_h20_temp,30.1000,normal,1.00,2025-05-11 00:00:00+00,2025-08-09 07:02:02.956467+00
5122,5c5bc271-66b8-4b72-bb5f-66a5695222df,GH3,sys_h20_temp,30.1000,normal,1.00,2025-05-12 00:00:00+00,2025-08-09 07:02:02.956467+00
5123,5c5bc271-66b8-4b72-bb5f-66a5695222df,GH3,sys_h20_temp,30.1000,normal,1.00,2025-05-13 00:00:00+00,2025-08-09 07:02:02.956467+00
5124,5c5bc271-66b8-4b72-bb5f-66a5695222df,GH3,sys_h20_temp,29.8000,normal,1.00,2025-05-14 00:00:00+00,2025-08-09 07:02:02.956467+00
5125,5c5bc271-66b8-4b72-bb5f-66a5695222df,GH3,sys_h20_temp,29.7000,normal,1.00,2025-05-15 00:00:00+00,2025-08-09 07:02:02.956467+00
5126,5c5bc271-66b8-4b72-bb5f-66a5695222df,GH3,sys_h20_temp,301.0000,normal,1.00,2025-05-16 00:00:00+00,2025-08-09 07:02:02.956467+00
5127,5c5bc271-66b8-4b72-bb5f-66a5695222df,GH3,sys_h20_temp,31.6000,normal,1.00,2025-05-17 00:00:00+00,2025-08-09 07:02:02.956467+00
5128,5c5bc271-66b8-4b72-bb5f-66a5695222df,GH3,sys_h20_temp,30.9000,normal,1.00,2025-05-18 00:00:00+00,2025-08-09 07:02:02.956467+00
5129,5c5bc271-66b8-4b72-bb5f-66a5695222df,GH3,sys_h20_temp,31.4000,normal,1.00,2025-05-19 00:00:00+00,2025-08-09 07:02:02.956467+00
5130,5c5bc271-66b8-4b72-bb5f-66a5695222df,GH3,sys_h20_temp,30.1000,normal,1.00,2025-05-20 00:00:00+00,2025-08-09 07:02:02.956467+00
5131,5c5bc271-66b8-4b72-bb5f-66a5695222df,GH3,sys_h20_temp,302.0000,normal,1.00,2025-05-21 00:00:00+00,2025-08-09 07:02:02.956467+00
5132,5c5bc271-66b8-4b72-bb5f-66a5695222df,GH3,sys_h20_temp,31.3000,normal,1.00,2025-05-22 00:00:00+00,2025-08-09 07:02:02.956467+00
5133,5c5bc271-66b8-4b72-bb5f-66a5695222df,GH3,sys_h20_temp,30.5000,normal,1.00,2025-05-23 00:00:00+00,2025-08-09 07:02:02.956467+00
5134,5c5bc271-66b8-4b72-bb5f-66a5695222df,GH3,sys_h20_temp,32.2000,normal,1.00,2025-05-24 00:00:00+00,2025-08-09 07:02:02.956467+00
5135,5c5bc271-66b8-4b72-bb5f-66a5695222df,GH3,sys_h20_temp,32.6000,normal,1.00,2025-05-25 00:00:00+00,2025-08-09 07:02:02.956467+00
5136,5c5bc271-66b8-4b72-bb5f-66a5695222df,GH3,sys_h20_temp,31.6000,normal,1.00,2025-05-26 00:00:00+00,2025-08-09 07:02:02.956467+00
5137,5c5bc271-66b8-4b72-bb5f-66a5695222df,GH3,sys_h20_temp,30.2000,normal,1.00,2025-05-27 00:00:00+00,2025-08-09 07:02:02.956467+00
5138,5c5bc271-66b8-4b72-bb5f-66a5695222df,GH3,sys_h20_temp,31.4000,normal,1.00,2025-05-28 00:00:00+00,2025-08-09 07:02:02.956467+00
5139,5c5bc271-66b8-4b72-bb5f-66a5695222df,GH3,sys_h20_temp,29.5000,normal,1.00,2025-05-29 00:00:00+00,2025-08-09 07:02:02.956467+00
5140,5c5bc271-66b8-4b72-bb5f-66a5695222df,GH3,sys_h20_temp,29.3000,normal,1.00,2025-05-30 00:00:00+00,2025-08-09 07:02:02.956467+00
5141,5c5bc271-66b8-4b72-bb5f-66a5695222df,GH3,sys_h20_temp,31.7000,normal,1.00,2025-05-31 00:00:00+00,2025-08-09 07:02:02.956467+00
5142,5c5bc271-66b8-4b72-bb5f-66a5695222df,GH3,sys_h20_temp,30.4000,normal,1.00,2025-06-01 00:00:00+00,2025-08-09 07:02:02.956467+00
5143,5c5bc271-66b8-4b72-bb5f-66a5695222df,GH3,sys_h20_temp,28.5000,normal,1.00,2025-06-02 00:00:00+00,2025-08-09 07:02:02.956467+00
5144,5c5bc271-66b8-4b72-bb5f-66a5695222df,GH3,sys_h20_temp,30.4000,normal,1.00,2025-06-03 00:00:00+00,2025-08-09 07:02:02.956467+00
5145,5c5bc271-66b8-4b72-bb5f-66a5695222df,GH3,sys_h20_temp,30.9000,normal,1.00,2025-06-04 00:00:00+00,2025-08-09 07:02:02.956467+00
5146,5c5bc271-66b8-4b72-bb5f-66a5695222df,GH3,sys_h20_temp,29.5000,normal,1.00,2025-06-05 00:00:00+00,2025-08-09 07:02:02.956467+00
5147,5c5bc271-66b8-4b72-bb5f-66a5695222df,GH3,sys_h20_temp,28.4000,normal,1.00,2025-06-06 00:00:00+00,2025-08-09 07:02:02.956467+00
5148,5c5bc271-66b8-4b72-bb5f-66a5695222df,GH3,sys_h20_temp,25.5000,normal,1.00,2025-06-07 00:00:00+00,2025-08-09 07:02:02.956467+00
5149,5c5bc271-66b8-4b72-bb5f-66a5695222df,GH3,sys_h20_temp,29.9000,normal,1.00,2025-06-08 00:00:00+00,2025-08-09 07:02:02.956467+00
5150,5c5bc271-66b8-4b72-bb5f-66a5695222df,GH3,sys_h20_temp,29.6000,normal,1.00,2025-06-09 00:00:00+00,2025-08-09 07:02:02.956467+00
5151,5c5bc271-66b8-4b72-bb5f-66a5695222df,GH3,sys_h20_temp,29.4000,normal,1.00,2025-06-10 00:00:00+00,2025-08-09 07:02:02.956467+00
5152,5c5bc271-66b8-4b72-bb5f-66a5695222df,GH3,sys_h20_temp,29.1000,normal,1.00,2025-06-11 00:00:00+00,2025-08-09 07:02:02.956467+00
5153,5c5bc271-66b8-4b72-bb5f-66a5695222df,GH3,sys_h20_temp,30.4000,normal,1.00,2025-06-12 00:00:00+00,2025-08-09 07:02:02.956467+00
5154,5c5bc271-66b8-4b72-bb5f-66a5695222df,GH3,sys_h20_temp,33.6000,normal,1.00,2025-06-13 00:00:00+00,2025-08-09 07:02:02.956467+00
5155,5c5bc271-66b8-4b72-bb5f-66a5695222df,GH3,sys_h20_temp,33.6000,normal,1.00,2025-06-14 00:00:00+00,2025-08-09 07:02:02.956467+00
5156,5c5bc271-66b8-4b72-bb5f-66a5695222df,GH3,sys_h20_temp,30.6000,normal,1.00,2025-06-15 00:00:00+00,2025-08-09 07:02:02.956467+00
5157,5c5bc271-66b8-4b72-bb5f-66a5695222df,GH3,sys_h20_temp,32.2000,normal,1.00,2025-06-16 00:00:00+00,2025-08-09 07:02:02.956467+00
5158,5c5bc271-66b8-4b72-bb5f-66a5695222df,GH3,sys_h20_temp,31.9000,normal,1.00,2025-06-17 00:00:00+00,2025-08-09 07:02:02.956467+00
5159,5c5bc271-66b8-4b72-bb5f-66a5695222df,GH3,sys_h20_temp,30.1000,normal,1.00,2025-06-18 00:00:00+00,2025-08-09 07:02:02.956467+00
5160,5c5bc271-66b8-4b72-bb5f-66a5695222df,GH3,sys_h20_temp,28.4000,normal,1.00,2025-06-19 00:00:00+00,2025-08-09 07:02:02.956467+00
5161,5c5bc271-66b8-4b72-bb5f-66a5695222df,GH3,sys_h20_temp,28.7000,normal,1.00,2025-06-20 00:00:00+00,2025-08-09 07:02:02.956467+00
5162,5c5bc271-66b8-4b72-bb5f-66a5695222df,GH3,sys_h20_temp,28.0000,normal,1.00,2025-06-21 00:00:00+00,2025-08-09 07:02:02.956467+00
5163,5c5bc271-66b8-4b72-bb5f-66a5695222df,GH3,sys_h20_temp,26.0000,normal,1.00,2025-06-22 00:00:00+00,2025-08-09 07:02:02.956467+00
5164,5c5bc271-66b8-4b72-bb5f-66a5695222df,GH3,sys_h20_temp,20.0000,normal,1.00,2025-06-23 00:00:00+00,2025-08-09 07:02:02.956467+00
5165,5c5bc271-66b8-4b72-bb5f-66a5695222df,GH3,sys_h20_temp,27.2000,normal,1.00,2025-06-24 00:00:00+00,2025-08-09 07:02:02.956467+00
5166,5c5bc271-66b8-4b72-bb5f-66a5695222df,GH3,sys_h20_temp,26.4000,normal,1.00,2025-06-25 00:00:00+00,2025-08-09 07:02:02.956467+00
5167,5c5bc271-66b8-4b72-bb5f-66a5695222df,GH3,sys_h20_temp,26.2000,normal,1.00,2025-06-26 00:00:00+00,2025-08-09 07:02:02.956467+00
5168,5c5bc271-66b8-4b72-bb5f-66a5695222df,GH3,sys_h20_temp,27.8000,normal,1.00,2025-06-27 00:00:00+00,2025-08-09 07:02:02.956467+00
5169,5c5bc271-66b8-4b72-bb5f-66a5695222df,GH3,sys_h20_temp,28.5000,normal,1.00,2025-06-28 00:00:00+00,2025-08-09 07:02:02.956467+00
5170,5c5bc271-66b8-4b72-bb5f-66a5695222df,GH3,sys_h20_temp,24.8000,normal,1.00,2025-06-29 00:00:00+00,2025-08-09 07:02:02.956467+00
5171,5c5bc271-66b8-4b72-bb5f-66a5695222df,GH3,sys_gh_temp,32.6000,normal,1.00,2025-04-21 00:00:00+00,2025-08-09 07:02:02.956467+00
5172,5c5bc271-66b8-4b72-bb5f-66a5695222df,GH3,sys_gh_temp,32.3000,normal,1.00,2025-04-22 00:00:00+00,2025-08-09 07:02:02.956467+00
5173,5c5bc271-66b8-4b72-bb5f-66a5695222df,GH3,sys_gh_temp,32.6000,normal,1.00,2025-04-23 00:00:00+00,2025-08-09 07:02:02.956467+00
5174,5c5bc271-66b8-4b72-bb5f-66a5695222df,GH3,sys_gh_temp,36.5000,normal,1.00,2025-04-24 00:00:00+00,2025-08-09 07:02:02.956467+00
5175,5c5bc271-66b8-4b72-bb5f-66a5695222df,GH3,sys_gh_temp,34.2000,normal,1.00,2025-04-25 00:00:00+00,2025-08-09 07:02:02.956467+00
5176,5c5bc271-66b8-4b72-bb5f-66a5695222df,GH3,sys_gh_temp,35.2600,normal,1.00,2025-04-26 00:00:00+00,2025-08-09 07:02:02.956467+00
5177,5c5bc271-66b8-4b72-bb5f-66a5695222df,GH3,sys_gh_temp,34.3000,normal,1.00,2025-04-27 00:00:00+00,2025-08-09 07:02:02.956467+00
5178,5c5bc271-66b8-4b72-bb5f-66a5695222df,GH3,sys_gh_temp,34.6500,normal,1.00,2025-04-28 00:00:00+00,2025-08-09 07:02:02.956467+00
5179,5c5bc271-66b8-4b72-bb5f-66a5695222df,GH3,sys_gh_temp,35.1000,normal,1.00,2025-04-29 00:00:00+00,2025-08-09 07:02:02.956467+00
5180,5c5bc271-66b8-4b72-bb5f-66a5695222df,GH3,sys_gh_temp,33.9000,normal,1.00,2025-04-30 00:00:00+00,2025-08-09 07:02:02.956467+00
5181,5c5bc271-66b8-4b72-bb5f-66a5695222df,GH3,sys_gh_temp,35.0000,normal,1.00,2025-05-01 00:00:00+00,2025-08-09 07:02:02.956467+00
5182,5c5bc271-66b8-4b72-bb5f-66a5695222df,GH3,sys_gh_temp,34.3000,normal,1.00,2025-05-02 00:00:00+00,2025-08-09 07:02:02.956467+00
5183,5c5bc271-66b8-4b72-bb5f-66a5695222df,GH3,sys_gh_temp,34.4000,normal,1.00,2025-05-03 00:00:00+00,2025-08-09 07:02:02.956467+00
5184,5c5bc271-66b8-4b72-bb5f-66a5695222df,GH3,sys_gh_temp,32.5000,normal,1.00,2025-05-04 00:00:00+00,2025-08-09 07:02:02.956467+00
5185,5c5bc271-66b8-4b72-bb5f-66a5695222df,GH3,sys_gh_temp,32.2000,normal,1.00,2025-05-05 00:00:00+00,2025-08-09 07:02:02.956467+00
5186,5c5bc271-66b8-4b72-bb5f-66a5695222df,GH3,sys_gh_temp,32.2000,normal,1.00,2025-05-06 00:00:00+00,2025-08-09 07:02:02.956467+00
5187,5c5bc271-66b8-4b72-bb5f-66a5695222df,GH3,sys_gh_temp,31.9000,normal,1.00,2025-05-07 00:00:00+00,2025-08-09 07:02:02.956467+00
5188,5c5bc271-66b8-4b72-bb5f-66a5695222df,GH3,sys_gh_temp,33.3000,normal,1.00,2025-05-08 00:00:00+00,2025-08-09 07:02:02.956467+00
5189,5c5bc271-66b8-4b72-bb5f-66a5695222df,GH3,sys_gh_temp,35.3000,normal,1.00,2025-05-09 00:00:00+00,2025-08-09 07:02:02.956467+00
5190,5c5bc271-66b8-4b72-bb5f-66a5695222df,GH3,sys_gh_temp,35.0000,normal,1.00,2025-05-10 00:00:00+00,2025-08-09 07:02:02.956467+00
5191,5c5bc271-66b8-4b72-bb5f-66a5695222df,GH3,sys_gh_temp,35.0000,normal,1.00,2025-05-11 00:00:00+00,2025-08-09 07:02:02.956467+00
5192,5c5bc271-66b8-4b72-bb5f-66a5695222df,GH3,sys_gh_temp,33.7000,normal,1.00,2025-05-12 00:00:00+00,2025-08-09 07:02:02.956467+00
5193,5c5bc271-66b8-4b72-bb5f-66a5695222df,GH3,sys_gh_temp,34.6000,normal,1.00,2025-05-13 00:00:00+00,2025-08-09 07:02:02.956467+00
5194,5c5bc271-66b8-4b72-bb5f-66a5695222df,GH3,sys_gh_temp,33.3000,normal,1.00,2025-05-14 00:00:00+00,2025-08-09 07:02:02.956467+00
5195,5c5bc271-66b8-4b72-bb5f-66a5695222df,GH3,sys_gh_temp,29.7000,normal,1.00,2025-05-15 00:00:00+00,2025-08-09 07:02:02.956467+00
5196,5c5bc271-66b8-4b72-bb5f-66a5695222df,GH3,sys_gh_temp,30.1000,normal,1.00,2025-05-16 00:00:00+00,2025-08-09 07:02:02.956467+00
5197,5c5bc271-66b8-4b72-bb5f-66a5695222df,GH3,sys_gh_temp,31.6000,normal,1.00,2025-05-17 00:00:00+00,2025-08-09 07:02:02.956467+00
5198,5c5bc271-66b8-4b72-bb5f-66a5695222df,GH3,sys_gh_temp,30.9000,normal,1.00,2025-05-18 00:00:00+00,2025-08-09 07:02:02.956467+00
5199,5c5bc271-66b8-4b72-bb5f-66a5695222df,GH3,sys_gh_temp,35.3000,normal,1.00,2025-05-19 00:00:00+00,2025-08-09 07:02:02.956467+00
5200,5c5bc271-66b8-4b72-bb5f-66a5695222df,GH3,sys_gh_temp,33.3000,normal,1.00,2025-05-20 00:00:00+00,2025-08-09 07:02:02.956467+00
5201,5c5bc271-66b8-4b72-bb5f-66a5695222df,GH3,sys_gh_temp,33.3000,normal,1.00,2025-05-21 00:00:00+00,2025-08-09 07:02:02.956467+00
5202,5c5bc271-66b8-4b72-bb5f-66a5695222df,GH3,sys_gh_temp,34.7000,normal,1.00,2025-05-22 00:00:00+00,2025-08-09 07:02:02.956467+00
5203,5c5bc271-66b8-4b72-bb5f-66a5695222df,GH3,sys_gh_temp,33.9000,normal,1.00,2025-05-23 00:00:00+00,2025-08-09 07:02:02.956467+00
5204,5c5bc271-66b8-4b72-bb5f-66a5695222df,GH3,sys_gh_temp,34.9000,normal,1.00,2025-05-24 00:00:00+00,2025-08-09 07:02:02.956467+00
5205,5c5bc271-66b8-4b72-bb5f-66a5695222df,GH3,sys_gh_temp,35.6000,normal,1.00,2025-05-25 00:00:00+00,2025-08-09 07:02:02.956467+00
5206,5c5bc271-66b8-4b72-bb5f-66a5695222df,GH3,sys_gh_temp,34.5000,normal,1.00,2025-05-26 00:00:00+00,2025-08-09 07:02:02.956467+00
5207,5c5bc271-66b8-4b72-bb5f-66a5695222df,GH3,sys_gh_temp,32.3000,normal,1.00,2025-05-27 00:00:00+00,2025-08-09 07:02:02.956467+00
5208,5c5bc271-66b8-4b72-bb5f-66a5695222df,GH3,sys_gh_temp,31.4000,normal,1.00,2025-05-28 00:00:00+00,2025-08-09 07:02:02.956467+00
5209,5c5bc271-66b8-4b72-bb5f-66a5695222df,GH3,sys_gh_temp,29.5000,normal,1.00,2025-05-29 00:00:00+00,2025-08-09 07:02:02.956467+00
5210,5c5bc271-66b8-4b72-bb5f-66a5695222df,GH3,sys_gh_temp,29.3000,normal,1.00,2025-05-30 00:00:00+00,2025-08-09 07:02:02.956467+00
5211,5c5bc271-66b8-4b72-bb5f-66a5695222df,GH3,sys_gh_temp,31.7000,normal,1.00,2025-05-31 00:00:00+00,2025-08-09 07:02:02.956467+00
5212,5c5bc271-66b8-4b72-bb5f-66a5695222df,GH3,sys_gh_temp,30.4000,normal,1.00,2025-06-01 00:00:00+00,2025-08-09 07:02:02.956467+00
5213,5c5bc271-66b8-4b72-bb5f-66a5695222df,GH3,sys_gh_temp,30.8000,normal,1.00,2025-06-02 00:00:00+00,2025-08-09 07:02:02.956467+00
5214,5c5bc271-66b8-4b72-bb5f-66a5695222df,GH3,sys_gh_temp,33.0000,normal,1.00,2025-06-03 00:00:00+00,2025-08-09 07:02:02.956467+00
5215,5c5bc271-66b8-4b72-bb5f-66a5695222df,GH3,sys_gh_temp,33.7000,normal,1.00,2025-06-04 00:00:00+00,2025-08-09 07:02:02.956467+00
5216,5c5bc271-66b8-4b72-bb5f-66a5695222df,GH3,sys_gh_temp,32.5000,normal,1.00,2025-06-05 00:00:00+00,2025-08-09 07:02:02.956467+00
5217,5c5bc271-66b8-4b72-bb5f-66a5695222df,GH3,sys_gh_temp,30.2000,normal,1.00,2025-06-06 00:00:00+00,2025-08-09 07:02:02.956467+00
5218,5c5bc271-66b8-4b72-bb5f-66a5695222df,GH3,sys_gh_temp,27.1000,normal,1.00,2025-06-07 00:00:00+00,2025-08-09 07:02:02.956467+00
5219,5c5bc271-66b8-4b72-bb5f-66a5695222df,GH3,sys_gh_temp,29.6000,normal,1.00,2025-06-08 00:00:00+00,2025-08-09 07:02:02.956467+00
5220,5c5bc271-66b8-4b72-bb5f-66a5695222df,GH3,sys_gh_temp,29.7000,normal,1.00,2025-06-09 00:00:00+00,2025-08-09 07:02:02.956467+00
5221,5c5bc271-66b8-4b72-bb5f-66a5695222df,GH3,sys_gh_temp,28.4000,normal,1.00,2025-06-10 00:00:00+00,2025-08-09 07:02:02.956467+00
5222,5c5bc271-66b8-4b72-bb5f-66a5695222df,GH3,sys_gh_temp,27.0000,normal,1.00,2025-06-11 00:00:00+00,2025-08-09 07:02:02.956467+00
5223,5c5bc271-66b8-4b72-bb5f-66a5695222df,GH3,sys_gh_temp,28.9000,normal,1.00,2025-06-12 00:00:00+00,2025-08-09 07:02:02.956467+00
5224,5c5bc271-66b8-4b72-bb5f-66a5695222df,GH3,sys_gh_temp,31.5000,normal,1.00,2025-06-13 00:00:00+00,2025-08-09 07:02:02.956467+00
5225,5c5bc271-66b8-4b72-bb5f-66a5695222df,GH3,sys_gh_temp,33.5000,normal,1.00,2025-06-14 00:00:00+00,2025-08-09 07:02:02.956467+00
5226,5c5bc271-66b8-4b72-bb5f-66a5695222df,GH3,sys_gh_temp,35.4000,normal,1.00,2025-06-15 00:00:00+00,2025-08-09 07:02:02.956467+00
5227,5c5bc271-66b8-4b72-bb5f-66a5695222df,GH3,sys_gh_temp,33.5000,normal,1.00,2025-06-16 00:00:00+00,2025-08-09 07:02:02.956467+00
5228,5c5bc271-66b8-4b72-bb5f-66a5695222df,GH3,sys_gh_temp,32.9000,normal,1.00,2025-06-17 00:00:00+00,2025-08-09 07:02:02.956467+00
5229,5c5bc271-66b8-4b72-bb5f-66a5695222df,GH3,sys_gh_temp,29.2000,normal,1.00,2025-06-18 00:00:00+00,2025-08-09 07:02:02.956467+00
5230,5c5bc271-66b8-4b72-bb5f-66a5695222df,GH3,sys_gh_temp,29.0000,normal,1.00,2025-06-19 00:00:00+00,2025-08-09 07:02:02.956467+00
5231,5c5bc271-66b8-4b72-bb5f-66a5695222df,GH3,sys_gh_temp,30.0000,normal,1.00,2025-06-20 00:00:00+00,2025-08-09 07:02:02.956467+00
5232,5c5bc271-66b8-4b72-bb5f-66a5695222df,GH3,sys_gh_temp,32.0000,normal,1.00,2025-06-21 00:00:00+00,2025-08-09 07:02:02.956467+00
5233,5c5bc271-66b8-4b72-bb5f-66a5695222df,GH3,sys_gh_temp,26.5000,normal,1.00,2025-06-22 00:00:00+00,2025-08-09 07:02:02.956467+00
5234,5c5bc271-66b8-4b72-bb5f-66a5695222df,GH3,sys_gh_temp,26.5000,normal,1.00,2025-06-23 00:00:00+00,2025-08-09 07:02:02.956467+00
5235,5c5bc271-66b8-4b72-bb5f-66a5695222df,GH3,sys_gh_temp,28.2000,normal,1.00,2025-06-24 00:00:00+00,2025-08-09 07:02:02.956467+00
5236,5c5bc271-66b8-4b72-bb5f-66a5695222df,GH3,sys_gh_temp,30.1000,normal,1.00,2025-06-25 00:00:00+00,2025-08-09 07:02:02.956467+00
5237,5c5bc271-66b8-4b72-bb5f-66a5695222df,GH3,sys_gh_temp,29.3000,normal,1.00,2025-06-26 00:00:00+00,2025-08-09 07:02:02.956467+00
5238,5c5bc271-66b8-4b72-bb5f-66a5695222df,GH3,sys_gh_temp,31.8000,normal,1.00,2025-06-27 00:00:00+00,2025-08-09 07:02:02.956467+00
5239,5c5bc271-66b8-4b72-bb5f-66a5695222df,GH3,sys_gh_temp,32.9000,normal,1.00,2025-06-28 00:00:00+00,2025-08-09 07:02:02.956467+00
5240,5c5bc271-66b8-4b72-bb5f-66a5695222df,GH3,sys_gh_temp,24.5000,normal,1.00,2025-06-29 00:00:00+00,2025-08-09 07:02:02.956467+00
5241,5c5bc271-66b8-4b72-bb5f-66a5695222df,GH3,sys_gh_rh,45.0000,normal,1.00,2025-04-21 00:00:00+00,2025-08-09 07:02:02.956467+00
5242,5c5bc271-66b8-4b72-bb5f-66a5695222df,GH3,sys_gh_rh,42.0000,normal,1.00,2025-04-22 00:00:00+00,2025-08-09 07:02:02.956467+00
5243,5c5bc271-66b8-4b72-bb5f-66a5695222df,GH3,sys_gh_rh,50.0000,normal,1.00,2025-04-23 00:00:00+00,2025-08-09 07:02:02.956467+00
5244,5c5bc271-66b8-4b72-bb5f-66a5695222df,GH3,sys_gh_rh,39.0000,normal,1.00,2025-04-24 00:00:00+00,2025-08-09 07:02:02.956467+00
5245,5c5bc271-66b8-4b72-bb5f-66a5695222df,GH3,sys_gh_rh,40.0000,normal,1.00,2025-04-25 00:00:00+00,2025-08-09 07:02:02.956467+00
5246,5c5bc271-66b8-4b72-bb5f-66a5695222df,GH3,sys_gh_rh,34.2000,normal,1.00,2025-04-26 00:00:00+00,2025-08-09 07:02:02.956467+00
5247,5c5bc271-66b8-4b72-bb5f-66a5695222df,GH3,sys_gh_rh,33.8000,normal,1.00,2025-04-27 00:00:00+00,2025-08-09 07:02:02.956467+00
5248,5c5bc271-66b8-4b72-bb5f-66a5695222df,GH3,sys_gh_rh,40.0000,normal,1.00,2025-04-28 00:00:00+00,2025-08-09 07:02:02.956467+00
5249,5c5bc271-66b8-4b72-bb5f-66a5695222df,GH3,sys_gh_rh,37.8000,normal,1.00,2025-04-29 00:00:00+00,2025-08-09 07:02:02.956467+00
5250,5c5bc271-66b8-4b72-bb5f-66a5695222df,GH3,sys_gh_rh,38.0000,normal,1.00,2025-04-30 00:00:00+00,2025-08-09 07:02:02.956467+00
5251,5c5bc271-66b8-4b72-bb5f-66a5695222df,GH3,sys_gh_rh,36.5000,normal,1.00,2025-05-01 00:00:00+00,2025-08-09 07:02:02.956467+00
5252,5c5bc271-66b8-4b72-bb5f-66a5695222df,GH3,sys_gh_rh,40.0000,normal,1.00,2025-05-02 00:00:00+00,2025-08-09 07:02:02.956467+00
5253,5c5bc271-66b8-4b72-bb5f-66a5695222df,GH3,sys_gh_rh,40.0000,normal,1.00,2025-05-03 00:00:00+00,2025-08-09 07:02:02.956467+00
5254,5c5bc271-66b8-4b72-bb5f-66a5695222df,GH3,sys_gh_rh,43.0000,normal,1.00,2025-05-04 00:00:00+00,2025-08-09 07:02:02.956467+00
5255,5c5bc271-66b8-4b72-bb5f-66a5695222df,GH3,sys_gh_rh,48.0000,normal,1.00,2025-05-05 00:00:00+00,2025-08-09 07:02:02.956467+00
5256,5c5bc271-66b8-4b72-bb5f-66a5695222df,GH3,sys_gh_rh,47.3000,normal,1.00,2025-05-06 00:00:00+00,2025-08-09 07:02:02.956467+00
5257,5c5bc271-66b8-4b72-bb5f-66a5695222df,GH3,sys_gh_rh,45.9000,normal,1.00,2025-05-07 00:00:00+00,2025-08-09 07:02:02.956467+00
5258,5c5bc271-66b8-4b72-bb5f-66a5695222df,GH3,sys_gh_rh,46.0000,normal,1.00,2025-05-08 00:00:00+00,2025-08-09 07:02:02.956467+00
5259,5c5bc271-66b8-4b72-bb5f-66a5695222df,GH3,sys_gh_rh,39.0000,normal,1.00,2025-05-09 00:00:00+00,2025-08-09 07:02:02.956467+00
5260,5c5bc271-66b8-4b72-bb5f-66a5695222df,GH3,sys_gh_rh,28.0000,normal,1.00,2025-05-10 00:00:00+00,2025-08-09 07:02:02.956467+00
5261,5c5bc271-66b8-4b72-bb5f-66a5695222df,GH3,sys_gh_rh,28.0000,normal,1.00,2025-05-11 00:00:00+00,2025-08-09 07:02:02.956467+00
5262,5c5bc271-66b8-4b72-bb5f-66a5695222df,GH3,sys_gh_rh,44.0000,normal,1.00,2025-05-12 00:00:00+00,2025-08-09 07:02:02.956467+00
5263,5c5bc271-66b8-4b72-bb5f-66a5695222df,GH3,sys_gh_rh,40.0000,normal,1.00,2025-05-13 00:00:00+00,2025-08-09 07:02:02.956467+00
5264,5c5bc271-66b8-4b72-bb5f-66a5695222df,GH3,sys_gh_rh,46.0000,normal,1.00,2025-05-14 00:00:00+00,2025-08-09 07:02:02.956467+00
5265,5c5bc271-66b8-4b72-bb5f-66a5695222df,GH3,sys_gh_rh,44.0000,normal,1.00,2025-05-15 00:00:00+00,2025-08-09 07:02:02.956467+00
5266,5c5bc271-66b8-4b72-bb5f-66a5695222df,GH3,sys_gh_rh,38.0000,normal,1.00,2025-05-16 00:00:00+00,2025-08-09 07:02:02.956467+00
5267,5c5bc271-66b8-4b72-bb5f-66a5695222df,GH3,sys_gh_rh,38.0000,normal,1.00,2025-05-17 00:00:00+00,2025-08-09 07:02:02.956467+00
5268,5c5bc271-66b8-4b72-bb5f-66a5695222df,GH3,sys_gh_rh,41.0000,normal,1.00,2025-05-18 00:00:00+00,2025-08-09 07:02:02.956467+00
5269,5c5bc271-66b8-4b72-bb5f-66a5695222df,GH3,sys_gh_rh,36.0000,normal,1.00,2025-05-19 00:00:00+00,2025-08-09 07:02:02.956467+00
5270,5c5bc271-66b8-4b72-bb5f-66a5695222df,GH3,sys_gh_rh,43.0000,normal,1.00,2025-05-20 00:00:00+00,2025-08-09 07:02:02.956467+00
5271,5c5bc271-66b8-4b72-bb5f-66a5695222df,GH3,sys_gh_rh,42.0000,normal,1.00,2025-05-21 00:00:00+00,2025-08-09 07:02:02.956467+00
5272,5c5bc271-66b8-4b72-bb5f-66a5695222df,GH3,sys_gh_rh,39.0000,normal,1.00,2025-05-22 00:00:00+00,2025-08-09 07:02:02.956467+00
5273,5c5bc271-66b8-4b72-bb5f-66a5695222df,GH3,sys_gh_rh,38.0000,normal,1.00,2025-05-23 00:00:00+00,2025-08-09 07:02:02.956467+00
5274,5c5bc271-66b8-4b72-bb5f-66a5695222df,GH3,sys_gh_rh,38.0000,normal,1.00,2025-05-24 00:00:00+00,2025-08-09 07:02:02.956467+00
5275,5c5bc271-66b8-4b72-bb5f-66a5695222df,GH3,sys_gh_rh,37.0000,normal,1.00,2025-05-25 00:00:00+00,2025-08-09 07:02:02.956467+00
5276,5c5bc271-66b8-4b72-bb5f-66a5695222df,GH3,sys_gh_rh,40.0000,normal,1.00,2025-05-26 00:00:00+00,2025-08-09 07:02:02.956467+00
5277,5c5bc271-66b8-4b72-bb5f-66a5695222df,GH3,sys_gh_rh,43.0000,normal,1.00,2025-05-27 00:00:00+00,2025-08-09 07:02:02.956467+00
5278,5c5bc271-66b8-4b72-bb5f-66a5695222df,GH3,sys_gh_rh,51.0000,normal,1.00,2025-05-28 00:00:00+00,2025-08-09 07:02:02.956467+00
5279,5c5bc271-66b8-4b72-bb5f-66a5695222df,GH3,sys_gh_rh,57.4000,normal,1.00,2025-05-29 00:00:00+00,2025-08-09 07:02:02.956467+00
5280,5c5bc271-66b8-4b72-bb5f-66a5695222df,GH3,sys_gh_rh,56.0000,normal,1.00,2025-05-30 00:00:00+00,2025-08-09 07:02:02.956467+00
5281,5c5bc271-66b8-4b72-bb5f-66a5695222df,GH3,sys_gh_rh,51.0000,normal,1.00,2025-05-31 00:00:00+00,2025-08-09 07:02:02.956467+00
5282,5c5bc271-66b8-4b72-bb5f-66a5695222df,GH3,sys_gh_rh,56.0000,normal,1.00,2025-06-01 00:00:00+00,2025-08-09 07:02:02.956467+00
5283,5c5bc271-66b8-4b72-bb5f-66a5695222df,GH3,sys_gh_rh,50.0000,normal,1.00,2025-06-02 00:00:00+00,2025-08-09 07:02:02.956467+00
5284,5c5bc271-66b8-4b72-bb5f-66a5695222df,GH3,sys_gh_rh,47.0000,normal,1.00,2025-06-03 00:00:00+00,2025-08-09 07:02:02.956467+00
5285,5c5bc271-66b8-4b72-bb5f-66a5695222df,GH3,sys_gh_rh,45.0000,normal,1.00,2025-06-04 00:00:00+00,2025-08-09 07:02:02.956467+00
5286,5c5bc271-66b8-4b72-bb5f-66a5695222df,GH3,sys_gh_rh,48.0000,normal,1.00,2025-06-05 00:00:00+00,2025-08-09 07:02:02.956467+00
5287,5c5bc271-66b8-4b72-bb5f-66a5695222df,GH3,sys_gh_rh,61.0000,normal,1.00,2025-06-06 00:00:00+00,2025-08-09 07:02:02.956467+00
5288,5c5bc271-66b8-4b72-bb5f-66a5695222df,GH3,sys_gh_rh,65.0000,normal,1.00,2025-06-07 00:00:00+00,2025-08-09 07:02:02.956467+00
5289,5c5bc271-66b8-4b72-bb5f-66a5695222df,GH3,sys_gh_rh,58.0000,normal,1.00,2025-06-08 00:00:00+00,2025-08-09 07:02:02.956467+00
5290,5c5bc271-66b8-4b72-bb5f-66a5695222df,GH3,sys_gh_rh,56.0000,normal,1.00,2025-06-09 00:00:00+00,2025-08-09 07:02:02.956467+00
5291,5c5bc271-66b8-4b72-bb5f-66a5695222df,GH3,sys_gh_rh,60.3000,normal,1.00,2025-06-10 00:00:00+00,2025-08-09 07:02:02.956467+00
5292,5c5bc271-66b8-4b72-bb5f-66a5695222df,GH3,sys_gh_rh,76.8000,normal,1.00,2025-06-11 00:00:00+00,2025-08-09 07:02:02.956467+00
5293,5c5bc271-66b8-4b72-bb5f-66a5695222df,GH3,sys_gh_rh,57.0000,normal,1.00,2025-06-12 00:00:00+00,2025-08-09 07:02:02.956467+00
5294,5c5bc271-66b8-4b72-bb5f-66a5695222df,GH3,sys_gh_rh,49.0000,normal,1.00,2025-06-13 00:00:00+00,2025-08-09 07:02:02.956467+00
5295,5c5bc271-66b8-4b72-bb5f-66a5695222df,GH3,sys_gh_rh,44.0000,normal,1.00,2025-06-14 00:00:00+00,2025-08-09 07:02:02.956467+00
5296,5c5bc271-66b8-4b72-bb5f-66a5695222df,GH3,sys_gh_rh,40.0000,normal,1.00,2025-06-15 00:00:00+00,2025-08-09 07:02:02.956467+00
5297,5c5bc271-66b8-4b72-bb5f-66a5695222df,GH3,sys_gh_rh,42.0000,normal,1.00,2025-06-16 00:00:00+00,2025-08-09 07:02:02.956467+00
5298,5c5bc271-66b8-4b72-bb5f-66a5695222df,GH3,sys_gh_rh,42.0000,normal,1.00,2025-06-17 00:00:00+00,2025-08-09 07:02:02.956467+00
5299,5c5bc271-66b8-4b72-bb5f-66a5695222df,GH3,sys_gh_rh,58.0000,normal,1.00,2025-06-18 00:00:00+00,2025-08-09 07:02:02.956467+00
5300,5c5bc271-66b8-4b72-bb5f-66a5695222df,GH3,sys_gh_rh,55.0000,normal,1.00,2025-06-19 00:00:00+00,2025-08-09 07:02:02.956467+00
5301,5c5bc271-66b8-4b72-bb5f-66a5695222df,GH3,sys_gh_rh,59.0000,normal,1.00,2025-06-20 00:00:00+00,2025-08-09 07:02:02.956467+00
5302,5c5bc271-66b8-4b72-bb5f-66a5695222df,GH3,sys_gh_rh,50.0000,normal,1.00,2025-06-21 00:00:00+00,2025-08-09 07:02:02.956467+00
5303,5c5bc271-66b8-4b72-bb5f-66a5695222df,GH3,sys_gh_rh,69.0000,normal,1.00,2025-06-22 00:00:00+00,2025-08-09 07:02:02.956467+00
5304,5c5bc271-66b8-4b72-bb5f-66a5695222df,GH3,sys_gh_rh,42.0000,normal,1.00,2025-06-23 00:00:00+00,2025-08-09 07:02:02.956467+00
5305,5c5bc271-66b8-4b72-bb5f-66a5695222df,GH3,sys_gh_rh,42.0000,normal,1.00,2025-06-24 00:00:00+00,2025-08-09 07:02:02.956467+00
5306,5c5bc271-66b8-4b72-bb5f-66a5695222df,GH3,sys_gh_rh,58.0000,normal,1.00,2025-06-25 00:00:00+00,2025-08-09 07:02:02.956467+00
5307,5c5bc271-66b8-4b72-bb5f-66a5695222df,GH3,sys_gh_rh,55.0000,normal,1.00,2025-06-26 00:00:00+00,2025-08-09 07:02:02.956467+00
5308,5c5bc271-66b8-4b72-bb5f-66a5695222df,GH3,sys_gh_rh,59.0000,normal,1.00,2025-06-27 00:00:00+00,2025-08-09 07:02:02.956467+00
5309,5c5bc271-66b8-4b72-bb5f-66a5695222df,GH3,sys_gh_rh,50.0000,normal,1.00,2025-06-28 00:00:00+00,2025-08-09 07:02:02.956467+00
5310,5c5bc271-66b8-4b72-bb5f-66a5695222df,GH3,sys_gh_rh,55.0000,normal,1.00,2025-06-29 00:00:00+00,2025-08-09 07:02:02.956467+00
5311,5c5bc271-66b8-4b72-bb5f-66a5695222df,GH3,fwater_ec,0.1480,normal,1.00,2025-04-21 00:00:00+00,2025-08-09 07:02:02.956467+00
5312,5c5bc271-66b8-4b72-bb5f-66a5695222df,GH3,fwater_ec,0.1440,normal,1.00,2025-04-22 00:00:00+00,2025-08-09 07:02:02.956467+00
5313,5c5bc271-66b8-4b72-bb5f-66a5695222df,GH3,fwater_ec,0.1450,normal,1.00,2025-04-23 00:00:00+00,2025-08-09 07:02:02.956467+00
5314,5c5bc271-66b8-4b72-bb5f-66a5695222df,GH3,fwater_ec,0.1580,normal,1.00,2025-04-24 00:00:00+00,2025-08-09 07:02:02.956467+00
5315,5c5bc271-66b8-4b72-bb5f-66a5695222df,GH3,fwater_ec,0.1490,normal,1.00,2025-04-25 00:00:00+00,2025-08-09 07:02:02.956467+00
5316,5c5bc271-66b8-4b72-bb5f-66a5695222df,GH3,fwater_ec,0.1590,normal,1.00,2025-04-26 00:00:00+00,2025-08-09 07:02:02.956467+00
5317,5c5bc271-66b8-4b72-bb5f-66a5695222df,GH3,fwater_ec,0.1460,normal,1.00,2025-04-27 00:00:00+00,2025-08-09 07:02:02.956467+00
5318,5c5bc271-66b8-4b72-bb5f-66a5695222df,GH3,fwater_ec,0.1460,normal,1.00,2025-04-28 00:00:00+00,2025-08-09 07:02:02.956467+00
5319,5c5bc271-66b8-4b72-bb5f-66a5695222df,GH3,fwater_ec,0.1520,normal,1.00,2025-04-29 00:00:00+00,2025-08-09 07:02:02.956467+00
5320,5c5bc271-66b8-4b72-bb5f-66a5695222df,GH3,fwater_ec,0.1528,normal,1.00,2025-04-30 00:00:00+00,2025-08-09 07:02:02.956467+00
5321,5c5bc271-66b8-4b72-bb5f-66a5695222df,GH3,fwater_ec,0.1500,normal,1.00,2025-05-01 00:00:00+00,2025-08-09 07:02:02.956467+00
5322,5c5bc271-66b8-4b72-bb5f-66a5695222df,GH3,fwater_ec,0.1430,normal,1.00,2025-05-02 00:00:00+00,2025-08-09 07:02:02.956467+00
5323,5c5bc271-66b8-4b72-bb5f-66a5695222df,GH3,fwater_ec,0.1460,normal,1.00,2025-05-03 00:00:00+00,2025-08-09 07:02:02.956467+00
5324,5c5bc271-66b8-4b72-bb5f-66a5695222df,GH3,fwater_ec,0.1420,normal,1.00,2025-05-04 00:00:00+00,2025-08-09 07:02:02.956467+00
5325,5c5bc271-66b8-4b72-bb5f-66a5695222df,GH3,fwater_ec,0.1390,normal,1.00,2025-05-05 00:00:00+00,2025-08-09 07:02:02.956467+00
5326,5c5bc271-66b8-4b72-bb5f-66a5695222df,GH3,fwater_ec,0.1450,normal,1.00,2025-05-06 00:00:00+00,2025-08-09 07:02:02.956467+00
5327,5c5bc271-66b8-4b72-bb5f-66a5695222df,GH3,fwater_ec,0.1460,normal,1.00,2025-05-07 00:00:00+00,2025-08-09 07:02:02.956467+00
5328,5c5bc271-66b8-4b72-bb5f-66a5695222df,GH3,fwater_ec,0.1500,normal,1.00,2025-05-08 00:00:00+00,2025-08-09 07:02:02.956467+00
5329,5c5bc271-66b8-4b72-bb5f-66a5695222df,GH3,fwater_ec,0.1420,normal,1.00,2025-05-09 00:00:00+00,2025-08-09 07:02:02.956467+00
5330,5c5bc271-66b8-4b72-bb5f-66a5695222df,GH3,fwater_ec,0.1500,normal,1.00,2025-05-10 00:00:00+00,2025-08-09 07:02:02.956467+00
5331,5c5bc271-66b8-4b72-bb5f-66a5695222df,GH3,fwater_ec,0.1500,normal,1.00,2025-05-11 00:00:00+00,2025-08-09 07:02:02.956467+00
5332,5c5bc271-66b8-4b72-bb5f-66a5695222df,GH3,fwater_ec,0.1430,normal,1.00,2025-05-12 00:00:00+00,2025-08-09 07:02:02.956467+00
5333,5c5bc271-66b8-4b72-bb5f-66a5695222df,GH3,fwater_ec,0.1470,normal,1.00,2025-05-13 00:00:00+00,2025-08-09 07:02:02.956467+00
5334,5c5bc271-66b8-4b72-bb5f-66a5695222df,GH3,fwater_ec,0.1490,normal,1.00,2025-05-14 00:00:00+00,2025-08-09 07:02:02.956467+00
5335,5c5bc271-66b8-4b72-bb5f-66a5695222df,GH3,fwater_ec,0.1450,normal,1.00,2025-05-15 00:00:00+00,2025-08-09 07:02:02.956467+00
5336,5c5bc271-66b8-4b72-bb5f-66a5695222df,GH3,fwater_ec,0.1460,normal,1.00,2025-05-16 00:00:00+00,2025-08-09 07:02:02.956467+00
5337,5c5bc271-66b8-4b72-bb5f-66a5695222df,GH3,fwater_ec,0.1470,normal,1.00,2025-05-17 00:00:00+00,2025-08-09 07:02:02.956467+00
5338,5c5bc271-66b8-4b72-bb5f-66a5695222df,GH3,fwater_ec,0.1430,normal,1.00,2025-05-18 00:00:00+00,2025-08-09 07:02:02.956467+00
5339,5c5bc271-66b8-4b72-bb5f-66a5695222df,GH3,fwater_ec,0.1550,normal,1.00,2025-05-19 00:00:00+00,2025-08-09 07:02:02.956467+00
5340,5c5bc271-66b8-4b72-bb5f-66a5695222df,GH3,fwater_ec,0.1480,normal,1.00,2025-05-20 00:00:00+00,2025-08-09 07:02:02.956467+00
5341,5c5bc271-66b8-4b72-bb5f-66a5695222df,GH3,fwater_ec,0.1490,normal,1.00,2025-05-21 00:00:00+00,2025-08-09 07:02:02.956467+00
5342,5c5bc271-66b8-4b72-bb5f-66a5695222df,GH3,fwater_ec,0.1520,normal,1.00,2025-05-22 00:00:00+00,2025-08-09 07:02:02.956467+00
5343,5c5bc271-66b8-4b72-bb5f-66a5695222df,GH3,fwater_ec,0.1530,normal,1.00,2025-05-23 00:00:00+00,2025-08-09 07:02:02.956467+00
5344,5c5bc271-66b8-4b72-bb5f-66a5695222df,GH3,fwater_ec,0.1590,normal,1.00,2025-05-24 00:00:00+00,2025-08-09 07:02:02.956467+00
5345,5c5bc271-66b8-4b72-bb5f-66a5695222df,GH3,fwater_ec,0.1430,normal,1.00,2025-05-25 00:00:00+00,2025-08-09 07:02:02.956467+00
5346,5c5bc271-66b8-4b72-bb5f-66a5695222df,GH3,fwater_ec,0.1590,normal,1.00,2025-05-26 00:00:00+00,2025-08-09 07:02:02.956467+00
5347,5c5bc271-66b8-4b72-bb5f-66a5695222df,GH3,fwater_ec,0.1520,normal,1.00,2025-05-27 00:00:00+00,2025-08-09 07:02:02.956467+00
5348,5c5bc271-66b8-4b72-bb5f-66a5695222df,GH3,fwater_ec,0.1510,normal,1.00,2025-05-28 00:00:00+00,2025-08-09 07:02:02.956467+00
5349,5c5bc271-66b8-4b72-bb5f-66a5695222df,GH3,fwater_ec,0.1520,normal,1.00,2025-05-29 00:00:00+00,2025-08-09 07:02:02.956467+00
5350,5c5bc271-66b8-4b72-bb5f-66a5695222df,GH3,fwater_ec,0.1500,normal,1.00,2025-05-30 00:00:00+00,2025-08-09 07:02:02.956467+00
5351,5c5bc271-66b8-4b72-bb5f-66a5695222df,GH3,fwater_ec,0.1620,normal,1.00,2025-05-31 00:00:00+00,2025-08-09 07:02:02.956467+00
5352,5c5bc271-66b8-4b72-bb5f-66a5695222df,GH3,fwater_ec,0.1460,normal,1.00,2025-06-01 00:00:00+00,2025-08-09 07:02:02.956467+00
5353,5c5bc271-66b8-4b72-bb5f-66a5695222df,GH3,fwater_ec,0.1620,normal,1.00,2025-06-02 00:00:00+00,2025-08-09 07:02:02.956467+00
5354,5c5bc271-66b8-4b72-bb5f-66a5695222df,GH3,fwater_ec,0.1510,normal,1.00,2025-06-03 00:00:00+00,2025-08-09 07:02:02.956467+00
5355,5c5bc271-66b8-4b72-bb5f-66a5695222df,GH3,fwater_ec,0.1500,normal,1.00,2025-06-04 00:00:00+00,2025-08-09 07:02:02.956467+00
5356,5c5bc271-66b8-4b72-bb5f-66a5695222df,GH3,fwater_ec,0.1660,normal,1.00,2025-06-05 00:00:00+00,2025-08-09 07:02:02.956467+00
5357,5c5bc271-66b8-4b72-bb5f-66a5695222df,GH3,fwater_ec,0.1560,normal,1.00,2025-06-06 00:00:00+00,2025-08-09 07:02:02.956467+00
5358,5c5bc271-66b8-4b72-bb5f-66a5695222df,GH3,fwater_ec,0.1710,normal,1.00,2025-06-07 00:00:00+00,2025-08-09 07:02:02.956467+00
5359,5c5bc271-66b8-4b72-bb5f-66a5695222df,GH3,fwater_ec,0.1480,normal,1.00,2025-06-08 00:00:00+00,2025-08-09 07:02:02.956467+00
5360,5c5bc271-66b8-4b72-bb5f-66a5695222df,GH3,fwater_ec,0.1580,normal,1.00,2025-06-09 00:00:00+00,2025-08-09 07:02:02.956467+00
5361,5c5bc271-66b8-4b72-bb5f-66a5695222df,GH3,fwater_ec,0.1530,normal,1.00,2025-06-10 00:00:00+00,2025-08-09 07:02:02.956467+00
5362,5c5bc271-66b8-4b72-bb5f-66a5695222df,GH3,fwater_ec,0.1590,normal,1.00,2025-06-11 00:00:00+00,2025-08-09 07:02:02.956467+00
5363,5c5bc271-66b8-4b72-bb5f-66a5695222df,GH3,fwater_ec,0.1490,normal,1.00,2025-06-12 00:00:00+00,2025-08-09 07:02:02.956467+00
5364,5c5bc271-66b8-4b72-bb5f-66a5695222df,GH3,fwater_ec,0.1500,normal,1.00,2025-06-13 00:00:00+00,2025-08-09 07:02:02.956467+00
5365,5c5bc271-66b8-4b72-bb5f-66a5695222df,GH3,fwater_ec,0.1510,normal,1.00,2025-06-14 00:00:00+00,2025-08-09 07:02:02.956467+00
5366,5c5bc271-66b8-4b72-bb5f-66a5695222df,GH3,fwater_ec,0.1490,normal,1.00,2025-06-15 00:00:00+00,2025-08-09 07:02:02.956467+00
5367,5c5bc271-66b8-4b72-bb5f-66a5695222df,GH3,fwater_ec,0.1550,normal,1.00,2025-06-16 00:00:00+00,2025-08-09 07:02:02.956467+00
5368,5c5bc271-66b8-4b72-bb5f-66a5695222df,GH3,fwater_ec,0.1560,normal,1.00,2025-06-17 00:00:00+00,2025-08-09 07:02:02.956467+00
5369,5c5bc271-66b8-4b72-bb5f-66a5695222df,GH3,fwater_ec,0.1560,normal,1.00,2025-06-18 00:00:00+00,2025-08-09 07:02:02.956467+00
5370,5c5bc271-66b8-4b72-bb5f-66a5695222df,GH3,fwater_ec,0.1610,normal,1.00,2025-06-19 00:00:00+00,2025-08-09 07:02:02.956467+00
5371,5c5bc271-66b8-4b72-bb5f-66a5695222df,GH3,fwater_ec,0.1620,normal,1.00,2025-06-20 00:00:00+00,2025-08-09 07:02:02.956467+00
5372,5c5bc271-66b8-4b72-bb5f-66a5695222df,GH3,fwater_ec,0.1680,normal,1.00,2025-06-21 00:00:00+00,2025-08-09 07:02:02.956467+00
5373,5c5bc271-66b8-4b72-bb5f-66a5695222df,GH3,fwater_ec,0.1520,normal,1.00,2025-06-22 00:00:00+00,2025-08-09 07:02:02.956467+00
5374,5c5bc271-66b8-4b72-bb5f-66a5695222df,GH3,fwater_ec,0.1620,normal,1.00,2025-06-23 00:00:00+00,2025-08-09 07:02:02.956467+00
5375,5c5bc271-66b8-4b72-bb5f-66a5695222df,GH3,fwater_ec,0.1620,normal,1.00,2025-06-24 00:00:00+00,2025-08-09 07:02:02.956467+00
5376,5c5bc271-66b8-4b72-bb5f-66a5695222df,GH3,fwater_ec,0.1600,normal,1.00,2025-06-25 00:00:00+00,2025-08-09 07:02:02.956467+00
5377,5c5bc271-66b8-4b72-bb5f-66a5695222df,GH3,fwater_ec,0.1560,normal,1.00,2025-06-26 00:00:00+00,2025-08-09 07:02:02.956467+00
5378,5c5bc271-66b8-4b72-bb5f-66a5695222df,GH3,fwater_ec,0.1550,normal,1.00,2025-06-27 00:00:00+00,2025-08-09 07:02:02.956467+00
5379,5c5bc271-66b8-4b72-bb5f-66a5695222df,GH3,fwater_ec,0.1640,normal,1.00,2025-06-28 00:00:00+00,2025-08-09 07:02:02.956467+00
5380,5c5bc271-66b8-4b72-bb5f-66a5695222df,GH3,fwater_ec,0.1550,normal,1.00,2025-06-29 00:00:00+00,2025-08-09 07:02:02.956467+00
5381,5c5bc271-66b8-4b72-bb5f-66a5695222df,GH3,fwater_ph,7.4000,normal,1.00,2025-04-21 00:00:00+00,2025-08-09 07:02:02.956467+00
5382,5c5bc271-66b8-4b72-bb5f-66a5695222df,GH3,fwater_ph,7.6000,normal,1.00,2025-04-22 00:00:00+00,2025-08-09 07:02:02.956467+00
5383,5c5bc271-66b8-4b72-bb5f-66a5695222df,GH3,fwater_ph,7.7000,normal,1.00,2025-04-23 00:00:00+00,2025-08-09 07:02:02.956467+00
5384,5c5bc271-66b8-4b72-bb5f-66a5695222df,GH3,fwater_ph,7.0000,normal,1.00,2025-04-24 00:00:00+00,2025-08-09 07:02:02.956467+00
5385,5c5bc271-66b8-4b72-bb5f-66a5695222df,GH3,fwater_ph,7.3000,normal,1.00,2025-04-25 00:00:00+00,2025-08-09 07:02:02.956467+00
5386,5c5bc271-66b8-4b72-bb5f-66a5695222df,GH3,fwater_ph,7.3000,normal,1.00,2025-04-26 00:00:00+00,2025-08-09 07:02:02.956467+00
5387,5c5bc271-66b8-4b72-bb5f-66a5695222df,GH3,fwater_ph,7.3000,normal,1.00,2025-04-27 00:00:00+00,2025-08-09 07:02:02.956467+00
5388,5c5bc271-66b8-4b72-bb5f-66a5695222df,GH3,fwater_ph,7.4000,normal,1.00,2025-04-28 00:00:00+00,2025-08-09 07:02:02.956467+00
5389,5c5bc271-66b8-4b72-bb5f-66a5695222df,GH3,fwater_ph,7.5000,normal,1.00,2025-04-29 00:00:00+00,2025-08-09 07:02:02.956467+00
5390,5c5bc271-66b8-4b72-bb5f-66a5695222df,GH3,fwater_ph,7.5000,normal,1.00,2025-04-30 00:00:00+00,2025-08-09 07:02:02.956467+00
5391,5c5bc271-66b8-4b72-bb5f-66a5695222df,GH3,fwater_ph,7.3000,normal,1.00,2025-05-01 00:00:00+00,2025-08-09 07:02:02.956467+00
5392,5c5bc271-66b8-4b72-bb5f-66a5695222df,GH3,fwater_ph,7.6000,normal,1.00,2025-05-02 00:00:00+00,2025-08-09 07:02:02.956467+00
5393,5c5bc271-66b8-4b72-bb5f-66a5695222df,GH3,fwater_ph,7.5000,normal,1.00,2025-05-03 00:00:00+00,2025-08-09 07:02:02.956467+00
5394,5c5bc271-66b8-4b72-bb5f-66a5695222df,GH3,fwater_ph,7.7000,normal,1.00,2025-05-04 00:00:00+00,2025-08-09 07:02:02.956467+00
5395,5c5bc271-66b8-4b72-bb5f-66a5695222df,GH3,fwater_ph,7.7000,normal,1.00,2025-05-05 00:00:00+00,2025-08-09 07:02:02.956467+00
5396,5c5bc271-66b8-4b72-bb5f-66a5695222df,GH3,fwater_ph,7.6000,normal,1.00,2025-05-06 00:00:00+00,2025-08-09 07:02:02.956467+00
5397,5c5bc271-66b8-4b72-bb5f-66a5695222df,GH3,fwater_ph,7.6000,normal,1.00,2025-05-07 00:00:00+00,2025-08-09 07:02:02.956467+00
5398,5c5bc271-66b8-4b72-bb5f-66a5695222df,GH3,fwater_ph,7.3000,normal,1.00,2025-05-08 00:00:00+00,2025-08-09 07:02:02.956467+00
5399,5c5bc271-66b8-4b72-bb5f-66a5695222df,GH3,fwater_ph,7.4000,normal,1.00,2025-05-09 00:00:00+00,2025-08-09 07:02:02.956467+00
5400,5c5bc271-66b8-4b72-bb5f-66a5695222df,GH3,fwater_ph,7.4000,normal,1.00,2025-05-10 00:00:00+00,2025-08-09 07:02:02.956467+00
5401,5c5bc271-66b8-4b72-bb5f-66a5695222df,GH3,fwater_ph,7.3000,normal,1.00,2025-05-11 00:00:00+00,2025-08-09 07:02:02.956467+00
5402,5c5bc271-66b8-4b72-bb5f-66a5695222df,GH3,fwater_ph,7.5000,normal,1.00,2025-05-12 00:00:00+00,2025-08-09 07:02:02.956467+00
5403,5c5bc271-66b8-4b72-bb5f-66a5695222df,GH3,fwater_ph,7.3000,normal,1.00,2025-05-13 00:00:00+00,2025-08-09 07:02:02.956467+00
5404,5c5bc271-66b8-4b72-bb5f-66a5695222df,GH3,fwater_ph,6.9000,normal,1.00,2025-05-14 00:00:00+00,2025-08-09 07:02:02.956467+00
5405,5c5bc271-66b8-4b72-bb5f-66a5695222df,GH3,fwater_ph,6.8000,normal,1.00,2025-05-15 00:00:00+00,2025-08-09 07:02:02.956467+00
5406,5c5bc271-66b8-4b72-bb5f-66a5695222df,GH3,fwater_ph,7.1000,normal,1.00,2025-05-16 00:00:00+00,2025-08-09 07:02:02.956467+00
5407,5c5bc271-66b8-4b72-bb5f-66a5695222df,GH3,fwater_ph,6.9000,normal,1.00,2025-05-17 00:00:00+00,2025-08-09 07:02:02.956467+00
5408,5c5bc271-66b8-4b72-bb5f-66a5695222df,GH3,fwater_ph,7.0000,normal,1.00,2025-05-18 00:00:00+00,2025-08-09 07:02:02.956467+00
5409,5c5bc271-66b8-4b72-bb5f-66a5695222df,GH3,fwater_ph,7.2000,normal,1.00,2025-05-19 00:00:00+00,2025-08-09 07:02:02.956467+00
5410,5c5bc271-66b8-4b72-bb5f-66a5695222df,GH3,fwater_ph,7.2000,normal,1.00,2025-05-20 00:00:00+00,2025-08-09 07:02:02.956467+00
5411,5c5bc271-66b8-4b72-bb5f-66a5695222df,GH3,fwater_ph,7.4000,normal,1.00,2025-05-21 00:00:00+00,2025-08-09 07:02:02.956467+00
5412,5c5bc271-66b8-4b72-bb5f-66a5695222df,GH3,fwater_ph,7.4000,normal,1.00,2025-05-22 00:00:00+00,2025-08-09 07:02:02.956467+00
5413,5c5bc271-66b8-4b72-bb5f-66a5695222df,GH3,fwater_ph,7.5000,normal,1.00,2025-05-23 00:00:00+00,2025-08-09 07:02:02.956467+00
5414,5c5bc271-66b8-4b72-bb5f-66a5695222df,GH3,fwater_ph,7.6000,normal,1.00,2025-05-24 00:00:00+00,2025-08-09 07:02:02.956467+00
5415,5c5bc271-66b8-4b72-bb5f-66a5695222df,GH3,fwater_ph,7.6000,normal,1.00,2025-05-25 00:00:00+00,2025-08-09 07:02:02.956467+00
5416,5c5bc271-66b8-4b72-bb5f-66a5695222df,GH3,fwater_ph,7.6000,normal,1.00,2025-05-26 00:00:00+00,2025-08-09 07:02:02.956467+00
5417,5c5bc271-66b8-4b72-bb5f-66a5695222df,GH3,fwater_ph,7.5000,normal,1.00,2025-05-27 00:00:00+00,2025-08-09 07:02:02.956467+00
5418,5c5bc271-66b8-4b72-bb5f-66a5695222df,GH3,fwater_ph,7.5000,normal,1.00,2025-05-28 00:00:00+00,2025-08-09 07:02:02.956467+00
5419,5c5bc271-66b8-4b72-bb5f-66a5695222df,GH3,fwater_ph,7.4000,normal,1.00,2025-05-29 00:00:00+00,2025-08-09 07:02:02.956467+00
5420,5c5bc271-66b8-4b72-bb5f-66a5695222df,GH3,fwater_ph,7.4000,normal,1.00,2025-05-30 00:00:00+00,2025-08-09 07:02:02.956467+00
5421,5c5bc271-66b8-4b72-bb5f-66a5695222df,GH3,fwater_ph,7.6000,normal,1.00,2025-05-31 00:00:00+00,2025-08-09 07:02:02.956467+00
5422,5c5bc271-66b8-4b72-bb5f-66a5695222df,GH3,fwater_ph,7.6000,normal,1.00,2025-06-01 00:00:00+00,2025-08-09 07:02:02.956467+00
5423,5c5bc271-66b8-4b72-bb5f-66a5695222df,GH3,fwater_ph,7.5000,normal,1.00,2025-06-02 00:00:00+00,2025-08-09 07:02:02.956467+00
5424,5c5bc271-66b8-4b72-bb5f-66a5695222df,GH3,fwater_ph,7.3000,normal,1.00,2025-06-03 00:00:00+00,2025-08-09 07:02:02.956467+00
5425,5c5bc271-66b8-4b72-bb5f-66a5695222df,GH3,fwater_ph,7.2000,normal,1.00,2025-06-04 00:00:00+00,2025-08-09 07:02:02.956467+00
5426,5c5bc271-66b8-4b72-bb5f-66a5695222df,GH3,fwater_ph,7.2000,normal,1.00,2025-06-05 00:00:00+00,2025-08-09 07:02:02.956467+00
5427,5c5bc271-66b8-4b72-bb5f-66a5695222df,GH3,fwater_ph,7.6000,normal,1.00,2025-06-06 00:00:00+00,2025-08-09 07:02:02.956467+00
5428,5c5bc271-66b8-4b72-bb5f-66a5695222df,GH3,fwater_ph,7.5000,normal,1.00,2025-06-07 00:00:00+00,2025-08-09 07:02:02.956467+00
5429,5c5bc271-66b8-4b72-bb5f-66a5695222df,GH3,fwater_ph,7.7000,normal,1.00,2025-06-08 00:00:00+00,2025-08-09 07:02:02.956467+00
5430,5c5bc271-66b8-4b72-bb5f-66a5695222df,GH3,fwater_ph,7.3000,normal,1.00,2025-06-09 00:00:00+00,2025-08-09 07:02:02.956467+00
5431,5c5bc271-66b8-4b72-bb5f-66a5695222df,GH3,fwater_ph,7.4000,normal,1.00,2025-06-10 00:00:00+00,2025-08-09 07:02:02.956467+00
5432,5c5bc271-66b8-4b72-bb5f-66a5695222df,GH3,fwater_ph,7.4000,normal,1.00,2025-06-11 00:00:00+00,2025-08-09 07:02:02.956467+00
5433,5c5bc271-66b8-4b72-bb5f-66a5695222df,GH3,fwater_ph,7.6000,normal,1.00,2025-06-12 00:00:00+00,2025-08-09 07:02:02.956467+00
5434,5c5bc271-66b8-4b72-bb5f-66a5695222df,GH3,fwater_ph,7.2000,normal,1.00,2025-06-13 00:00:00+00,2025-08-09 07:02:02.956467+00
5435,5c5bc271-66b8-4b72-bb5f-66a5695222df,GH3,fwater_ph,7.2000,normal,1.00,2025-06-14 00:00:00+00,2025-08-09 07:02:02.956467+00
5436,5c5bc271-66b8-4b72-bb5f-66a5695222df,GH3,fwater_ph,7.1000,normal,1.00,2025-06-15 00:00:00+00,2025-08-09 07:02:02.956467+00
5437,5c5bc271-66b8-4b72-bb5f-66a5695222df,GH3,fwater_ph,7.0000,normal,1.00,2025-06-16 00:00:00+00,2025-08-09 07:02:02.956467+00
5438,5c5bc271-66b8-4b72-bb5f-66a5695222df,GH3,fwater_ph,6.9000,normal,1.00,2025-06-17 00:00:00+00,2025-08-09 07:02:02.956467+00
5439,5c5bc271-66b8-4b72-bb5f-66a5695222df,GH3,fwater_ph,7.1000,normal,1.00,2025-06-18 00:00:00+00,2025-08-09 07:02:02.956467+00
5440,5c5bc271-66b8-4b72-bb5f-66a5695222df,GH3,fwater_ph,7.2000,normal,1.00,2025-06-19 00:00:00+00,2025-08-09 07:02:02.956467+00
5441,5c5bc271-66b8-4b72-bb5f-66a5695222df,GH3,fwater_ph,7.1000,normal,1.00,2025-06-20 00:00:00+00,2025-08-09 07:02:02.956467+00
5442,5c5bc271-66b8-4b72-bb5f-66a5695222df,GH3,fwater_ph,7.2000,normal,1.00,2025-06-21 00:00:00+00,2025-08-09 07:02:02.956467+00
5443,5c5bc271-66b8-4b72-bb5f-66a5695222df,GH3,fwater_ph,7.2000,normal,1.00,2025-06-22 00:00:00+00,2025-08-09 07:02:02.956467+00
5444,5c5bc271-66b8-4b72-bb5f-66a5695222df,GH3,fwater_ph,7.3000,normal,1.00,2025-06-23 00:00:00+00,2025-08-09 07:02:02.956467+00
5445,5c5bc271-66b8-4b72-bb5f-66a5695222df,GH3,fwater_ph,7.2000,normal,1.00,2025-06-24 00:00:00+00,2025-08-09 07:02:02.956467+00
5446,5c5bc271-66b8-4b72-bb5f-66a5695222df,GH3,fwater_ph,7.3000,normal,1.00,2025-06-25 00:00:00+00,2025-08-09 07:02:02.956467+00
5447,5c5bc271-66b8-4b72-bb5f-66a5695222df,GH3,fwater_ph,7.3000,normal,1.00,2025-06-26 00:00:00+00,2025-08-09 07:02:02.956467+00
5448,5c5bc271-66b8-4b72-bb5f-66a5695222df,GH3,fwater_ph,7.4000,normal,1.00,2025-06-27 00:00:00+00,2025-08-09 07:02:02.956467+00
5449,5c5bc271-66b8-4b72-bb5f-66a5695222df,GH3,fwater_ph,7.4000,normal,1.00,2025-06-28 00:00:00+00,2025-08-09 07:02:02.956467+00
5450,5c5bc271-66b8-4b72-bb5f-66a5695222df,GH3,fwater_ph,7.4000,normal,1.00,2025-06-29 00:00:00+00,2025-08-09 07:02:02.956467+00
5451,5c5bc271-66b8-4b72-bb5f-66a5695222df,GH3,fwater_temp,31.3000,normal,1.00,2025-04-21 00:00:00+00,2025-08-09 07:02:02.956467+00
5452,5c5bc271-66b8-4b72-bb5f-66a5695222df,GH3,fwater_temp,31.2000,normal,1.00,2025-04-22 00:00:00+00,2025-08-09 07:02:02.956467+00
5453,5c5bc271-66b8-4b72-bb5f-66a5695222df,GH3,fwater_temp,31.8000,normal,1.00,2025-04-23 00:00:00+00,2025-08-09 07:02:02.956467+00
5454,5c5bc271-66b8-4b72-bb5f-66a5695222df,GH3,fwater_temp,32.4400,normal,1.00,2025-04-24 00:00:00+00,2025-08-09 07:02:02.956467+00
5455,5c5bc271-66b8-4b72-bb5f-66a5695222df,GH3,fwater_temp,31.6000,normal,1.00,2025-04-25 00:00:00+00,2025-08-09 07:02:02.956467+00
5456,5c5bc271-66b8-4b72-bb5f-66a5695222df,GH3,fwater_temp,33.8800,normal,1.00,2025-04-26 00:00:00+00,2025-08-09 07:02:02.956467+00
5457,5c5bc271-66b8-4b72-bb5f-66a5695222df,GH3,fwater_temp,31.2600,normal,1.00,2025-04-27 00:00:00+00,2025-08-09 07:02:02.956467+00
5458,5c5bc271-66b8-4b72-bb5f-66a5695222df,GH3,fwater_temp,31.8000,normal,1.00,2025-04-28 00:00:00+00,2025-08-09 07:02:02.956467+00
5459,5c5bc271-66b8-4b72-bb5f-66a5695222df,GH3,fwater_temp,32.6000,normal,1.00,2025-04-29 00:00:00+00,2025-08-09 07:02:02.956467+00
5460,5c5bc271-66b8-4b72-bb5f-66a5695222df,GH3,fwater_temp,30.7000,normal,1.00,2025-04-30 00:00:00+00,2025-08-09 07:02:02.956467+00
5461,5c5bc271-66b8-4b72-bb5f-66a5695222df,GH3,fwater_temp,31.1000,normal,1.00,2025-05-01 00:00:00+00,2025-08-09 07:02:02.956467+00
5462,5c5bc271-66b8-4b72-bb5f-66a5695222df,GH3,fwater_temp,31.4000,normal,1.00,2025-05-02 00:00:00+00,2025-08-09 07:02:02.956467+00
5463,5c5bc271-66b8-4b72-bb5f-66a5695222df,GH3,fwater_temp,31.3000,normal,1.00,2025-05-03 00:00:00+00,2025-08-09 07:02:02.956467+00
5464,5c5bc271-66b8-4b72-bb5f-66a5695222df,GH3,fwater_temp,30.6000,normal,1.00,2025-05-04 00:00:00+00,2025-08-09 07:02:02.956467+00
5465,5c5bc271-66b8-4b72-bb5f-66a5695222df,GH3,fwater_temp,31.8000,normal,1.00,2025-05-05 00:00:00+00,2025-08-09 07:02:02.956467+00
5466,5c5bc271-66b8-4b72-bb5f-66a5695222df,GH3,fwater_temp,32.2000,normal,1.00,2025-05-06 00:00:00+00,2025-08-09 07:02:02.956467+00
5467,5c5bc271-66b8-4b72-bb5f-66a5695222df,GH3,fwater_temp,31.7000,normal,1.00,2025-05-07 00:00:00+00,2025-08-09 07:02:02.956467+00
5468,5c5bc271-66b8-4b72-bb5f-66a5695222df,GH3,fwater_temp,30.4000,normal,1.00,2025-05-08 00:00:00+00,2025-08-09 07:02:02.956467+00
5469,5c5bc271-66b8-4b72-bb5f-66a5695222df,GH3,fwater_temp,32.1000,normal,1.00,2025-05-09 00:00:00+00,2025-08-09 07:02:02.956467+00
5470,5c5bc271-66b8-4b72-bb5f-66a5695222df,GH3,fwater_temp,32.0000,normal,1.00,2025-05-10 00:00:00+00,2025-08-09 07:02:02.956467+00
5471,5c5bc271-66b8-4b72-bb5f-66a5695222df,GH3,fwater_temp,32.0000,normal,1.00,2025-05-11 00:00:00+00,2025-08-09 07:02:02.956467+00
5472,5c5bc271-66b8-4b72-bb5f-66a5695222df,GH3,fwater_temp,30.4000,normal,1.00,2025-05-12 00:00:00+00,2025-08-09 07:02:02.956467+00
5473,5c5bc271-66b8-4b72-bb5f-66a5695222df,GH3,fwater_temp,30.1000,normal,1.00,2025-05-13 00:00:00+00,2025-08-09 07:02:02.956467+00
5474,5c5bc271-66b8-4b72-bb5f-66a5695222df,GH3,fwater_temp,32.1000,normal,1.00,2025-05-14 00:00:00+00,2025-08-09 07:02:02.956467+00
5475,5c5bc271-66b8-4b72-bb5f-66a5695222df,GH3,fwater_temp,30.2000,normal,1.00,2025-05-15 00:00:00+00,2025-08-09 07:02:02.956467+00
5476,5c5bc271-66b8-4b72-bb5f-66a5695222df,GH3,fwater_temp,30.3000,normal,1.00,2025-05-16 00:00:00+00,2025-08-09 07:02:02.956467+00
5477,5c5bc271-66b8-4b72-bb5f-66a5695222df,GH3,fwater_temp,31.6000,normal,1.00,2025-05-17 00:00:00+00,2025-08-09 07:02:02.956467+00
5478,5c5bc271-66b8-4b72-bb5f-66a5695222df,GH3,fwater_temp,30.5000,normal,1.00,2025-05-18 00:00:00+00,2025-08-09 07:02:02.956467+00
5479,5c5bc271-66b8-4b72-bb5f-66a5695222df,GH3,fwater_temp,33.1000,normal,1.00,2025-05-19 00:00:00+00,2025-08-09 07:02:02.956467+00
5480,5c5bc271-66b8-4b72-bb5f-66a5695222df,GH3,fwater_temp,30.5000,normal,1.00,2025-05-20 00:00:00+00,2025-08-09 07:02:02.956467+00
5481,5c5bc271-66b8-4b72-bb5f-66a5695222df,GH3,fwater_temp,31.2000,normal,1.00,2025-05-21 00:00:00+00,2025-08-09 07:02:02.956467+00
5482,5c5bc271-66b8-4b72-bb5f-66a5695222df,GH3,fwater_temp,33.2000,normal,1.00,2025-05-22 00:00:00+00,2025-08-09 07:02:02.956467+00
5483,5c5bc271-66b8-4b72-bb5f-66a5695222df,GH3,fwater_temp,32.9000,normal,1.00,2025-05-23 00:00:00+00,2025-08-09 07:02:02.956467+00
5484,5c5bc271-66b8-4b72-bb5f-66a5695222df,GH3,fwater_temp,33.5000,normal,1.00,2025-05-24 00:00:00+00,2025-08-09 07:02:02.956467+00
5485,5c5bc271-66b8-4b72-bb5f-66a5695222df,GH3,fwater_temp,31.7000,normal,1.00,2025-05-25 00:00:00+00,2025-08-09 07:02:02.956467+00
5486,5c5bc271-66b8-4b72-bb5f-66a5695222df,GH3,fwater_temp,33.6000,normal,1.00,2025-05-26 00:00:00+00,2025-08-09 07:02:02.956467+00
5487,5c5bc271-66b8-4b72-bb5f-66a5695222df,GH3,fwater_temp,31.0000,normal,1.00,2025-05-27 00:00:00+00,2025-08-09 07:02:02.956467+00
5488,5c5bc271-66b8-4b72-bb5f-66a5695222df,GH3,fwater_temp,31.9000,normal,1.00,2025-05-28 00:00:00+00,2025-08-09 07:02:02.956467+00
5489,5c5bc271-66b8-4b72-bb5f-66a5695222df,GH3,fwater_temp,30.4000,normal,1.00,2025-05-29 00:00:00+00,2025-08-09 07:02:02.956467+00
5490,5c5bc271-66b8-4b72-bb5f-66a5695222df,GH3,fwater_temp,30.7000,normal,1.00,2025-05-30 00:00:00+00,2025-08-09 07:02:02.956467+00
5491,5c5bc271-66b8-4b72-bb5f-66a5695222df,GH3,fwater_temp,31.4000,normal,1.00,2025-05-31 00:00:00+00,2025-08-09 07:02:02.956467+00
5492,5c5bc271-66b8-4b72-bb5f-66a5695222df,GH3,fwater_temp,29.3000,normal,1.00,2025-06-01 00:00:00+00,2025-08-09 07:02:02.956467+00
5493,5c5bc271-66b8-4b72-bb5f-66a5695222df,GH3,fwater_temp,31.4000,normal,1.00,2025-06-02 00:00:00+00,2025-08-09 07:02:02.956467+00
5494,5c5bc271-66b8-4b72-bb5f-66a5695222df,GH3,fwater_temp,31.0000,normal,1.00,2025-06-03 00:00:00+00,2025-08-09 07:02:02.956467+00
5495,5c5bc271-66b8-4b72-bb5f-66a5695222df,GH3,fwater_temp,31.7000,normal,1.00,2025-06-04 00:00:00+00,2025-08-09 07:02:02.956467+00
5496,5c5bc271-66b8-4b72-bb5f-66a5695222df,GH3,fwater_temp,34.2000,normal,1.00,2025-06-05 00:00:00+00,2025-08-09 07:02:02.956467+00
5497,5c5bc271-66b8-4b72-bb5f-66a5695222df,GH3,fwater_temp,29.1000,normal,1.00,2025-06-06 00:00:00+00,2025-08-09 07:02:02.956467+00
5498,5c5bc271-66b8-4b72-bb5f-66a5695222df,GH3,fwater_temp,27.9000,normal,1.00,2025-06-07 00:00:00+00,2025-08-09 07:02:02.956467+00
5499,5c5bc271-66b8-4b72-bb5f-66a5695222df,GH3,fwater_temp,28.2000,normal,1.00,2025-06-08 00:00:00+00,2025-08-09 07:02:02.956467+00
5500,5c5bc271-66b8-4b72-bb5f-66a5695222df,GH3,fwater_temp,29.7800,normal,1.00,2025-06-09 00:00:00+00,2025-08-09 07:02:02.956467+00
5501,5c5bc271-66b8-4b72-bb5f-66a5695222df,GH3,fwater_temp,29.7000,normal,1.00,2025-06-10 00:00:00+00,2025-08-09 07:02:02.956467+00
5502,5c5bc271-66b8-4b72-bb5f-66a5695222df,GH3,fwater_temp,28.9000,normal,1.00,2025-06-11 00:00:00+00,2025-08-09 07:02:02.956467+00
5503,5c5bc271-66b8-4b72-bb5f-66a5695222df,GH3,fwater_temp,30.2000,normal,1.00,2025-06-12 00:00:00+00,2025-08-09 07:02:02.956467+00
5504,5c5bc271-66b8-4b72-bb5f-66a5695222df,GH3,fwater_temp,34.4000,normal,1.00,2025-06-13 00:00:00+00,2025-08-09 07:02:02.956467+00
5505,5c5bc271-66b8-4b72-bb5f-66a5695222df,GH3,fwater_temp,33.2000,normal,1.00,2025-06-14 00:00:00+00,2025-08-09 07:02:02.956467+00
5506,5c5bc271-66b8-4b72-bb5f-66a5695222df,GH3,fwater_temp,29.8000,normal,1.00,2025-06-15 00:00:00+00,2025-08-09 07:02:02.956467+00
5507,5c5bc271-66b8-4b72-bb5f-66a5695222df,GH3,fwater_temp,32.2000,normal,1.00,2025-06-16 00:00:00+00,2025-08-09 07:02:02.956467+00
5508,5c5bc271-66b8-4b72-bb5f-66a5695222df,GH3,fwater_temp,31.9600,normal,1.00,2025-06-17 00:00:00+00,2025-08-09 07:02:02.956467+00
5509,5c5bc271-66b8-4b72-bb5f-66a5695222df,GH3,fwater_temp,30.1000,normal,1.00,2025-06-18 00:00:00+00,2025-08-09 07:02:02.956467+00
5510,5c5bc271-66b8-4b72-bb5f-66a5695222df,GH3,fwater_temp,28.4000,normal,1.00,2025-06-19 00:00:00+00,2025-08-09 07:02:02.956467+00
5511,5c5bc271-66b8-4b72-bb5f-66a5695222df,GH3,fwater_temp,28.7000,normal,1.00,2025-06-20 00:00:00+00,2025-08-09 07:02:02.956467+00
5512,5c5bc271-66b8-4b72-bb5f-66a5695222df,GH3,fwater_temp,29.0000,normal,1.00,2025-06-21 00:00:00+00,2025-08-09 07:02:02.956467+00
5513,5c5bc271-66b8-4b72-bb5f-66a5695222df,GH3,fwater_temp,32.0000,normal,1.00,2025-06-22 00:00:00+00,2025-08-09 07:02:02.956467+00
5514,5c5bc271-66b8-4b72-bb5f-66a5695222df,GH3,fwater_temp,27.8000,normal,1.00,2025-06-23 00:00:00+00,2025-08-09 07:02:02.956467+00
5515,5c5bc271-66b8-4b72-bb5f-66a5695222df,GH3,fwater_temp,31.5000,normal,1.00,2025-06-24 00:00:00+00,2025-08-09 07:02:02.956467+00
5516,5c5bc271-66b8-4b72-bb5f-66a5695222df,GH3,fwater_temp,30.0000,normal,1.00,2025-06-25 00:00:00+00,2025-08-09 07:02:02.956467+00
5517,5c5bc271-66b8-4b72-bb5f-66a5695222df,GH3,fwater_temp,27.9000,normal,1.00,2025-06-26 00:00:00+00,2025-08-09 07:02:02.956467+00
5518,5c5bc271-66b8-4b72-bb5f-66a5695222df,GH3,fwater_temp,30.0000,normal,1.00,2025-06-27 00:00:00+00,2025-08-09 07:02:02.956467+00
5519,5c5bc271-66b8-4b72-bb5f-66a5695222df,GH3,fwater_temp,30.9000,normal,1.00,2025-06-28 00:00:00+00,2025-08-09 07:02:02.956467+00
5520,5c5bc271-66b8-4b72-bb5f-66a5695222df,GH3,fwater_temp,27.0000,normal,1.00,2025-06-29 00:00:00+00,2025-08-09 07:02:02.956467+00